Smiles,Standard Relation,Standard Units,Standard Value
CC1(C)OC(=O)C(OC2CCCCC2)=C1c1ccc(S(C)(=O)=O)cc1,'=',nM,40.0
CCc1ccc(-c2ncc(Cl)cc2-c2ccc(S(C)(=O)=O)cc2)cn1,'=',nM,1700.0
CCCCOC(=O)Cc1c(C)n(C(=O)c2ccc(Cl)cc2)c2ccc(OC)cc12,'=',nM,50.0
CC(C)CCCC(=O)c1cc(C(C)(C)C)c2c(c1)C(C)(C)CO2,'=',nM,4500.0
COc1ccc2c(c1)c(CC(=O)NCCOC(=O)/C=C/c1ccc(N(C)C)cc1)c(C)n2C(=O)c1ccc(Cl)cc1,'=',nM,190.0
COc1ccc2c(c1)c(CC(=O)Nc1ncc(C)s1)c(C)n2C(=O)c1ccc(Cl)cc1,'=',nM,4000.0
CC[C@@]1(C)OC(=O)C(OC(C)C)=C1c1ccc(S(C)(=O)=O)cc1,'=',nM,500.0
COc1cc(OC)cc(OCc2cc(-c3ccccc3)n(-c3ccc(S(C)(=O)=O)cc3)n2)c1,'=',nM,870.0
Cc1cc(=O)c(Oc2ccccc2C)c(-c2ccc(S(C)(=O)=O)cc2)o1,'=',nM,170.02
CS(=O)(=O)c1ccc(C2=C(c3ccc(Cl)c(Cl)c3)CCC2)cc1,'=',nM,10.0
CCCOC(=O)Cc1c(C)n(C(=O)c2ccc(Cl)cc2)c2ccc(OC)cc12,'=',nM,100.0
c1ccc(-c2nn(-c3ccccc3)cc2-c2nnc(-c3ccncc3)o2)cc1,'=',nM,11100.0
CS(=O)(=O)Nc1ccc([N+](=O)[O-])cc1Oc1ccccc1,'=',nM,700.0
COc1ccc2c(c1)CCC(c1ccc(OC)c(OC)c1)=C2,'=',nM,30.0
CCOC(=O)c1c(C)oc2ccc(Oc3ccccc3C)cc12,'=',nM,6100.0
CCOC(=O)c1c(-c2ccccc2)oc2ccc(Oc3ccccc3)cc12,'=',nM,18200.0
Cc1ccc(-c2nn(-c3ccccc3)cc2C2N[C@H](C(N)=O)CS2)cc1,'=',nM,380.0
CC1(C)CC(c2ccc(F)cc2)=C(c2ccc(S(C)(=O)=O)cc2)C1,'=',nM,15.14
COc1ccc(C2=C(c3ccc(S(N)(=O)=O)cc3)CCC2)cc1Cl,'=',nM,8.913
CS(=O)(=O)c1ccc(C2=C(c3ccccc3)C(=O)OC2)cc1,'=',nM,3400.0
COc1ccc(C2=C(c3ccc(S(N)(=O)=O)cc3)CCC2)cc1,'=',nM,1.995
Cc1ccc(-c2cc(F)c(F)cc2-c2ccc(S(N)(=O)=O)cc2)cc1,'=',nM,3.981
NS(=O)(=O)c1ccc(-n2ncc(Cl)c2-c2ccccc2)cc1,'=',nM,48.98
NS(=O)(=O)c1ccc(-n2nc(CF)cc2-c2ccccc2)cc1,'=',nM,199.53
COc1c(C)cc(-c2cc(C(F)(F)F)nn2-c2ccc(S(N)(=O)=O)cc2)cc1Cl,'=',nM,66.07
Cc1cccnc1-c1nc(C(F)(F)F)cn1-c1ccc(S(N)(=O)=O)cc1,'=',nM,1584.89
CCCCSc1ccccc1OC(C)=O,'=',nM,34000.0
COc1ccc(C(=O)c2c(C)[nH]c3cc(S(C)(=O)=O)ccc23)cc1,'=',nM,1090.0
CSc1ccc(-c2cc(C(F)(F)F)nn2-c2ccc(S(N)(=O)=O)cc2)cc1,'=',nM,9.0
NS(=O)(=O)c1ccc(-c2coc(=O)n2-c2ccccc2F)cc1,'=',nM,2197.86
COc1ccc(-n2nc(COc3cc(F)cc(C4(OC)CCOCC4)c3)cc2-c2ccccc2)cc1,'=',nM,300.0
COC1(c2cc(F)cc(OCc3cc(-c4ccccc4)n(-c4ccc(C)cc4)n3)c2)CCOCC1,'=',nM,930.0
O=C1O[C@H](c2ccc(O)c(O)c2)[C@H]2CO[C@H](c3ccc(O)c(O)c3)[C@@H]12,'=',nM,90200.0
Clc1ccc(COc2nc3ccccc3s2)cc1,'=',nM,770.0
Cc1[nH]c2cc(S(C)(=O)=O)ccc2c1Cc1ccc(F)cc1F,'=',nM,8400.0
NS(=O)(=O)c1ccc(-c2coc(=O)n2-c2ccc(F)cc2)cc1,'=',nM,1499.68
CC(C)(C)c1cc(/C=C2\OC(N=C(N)N)=NC2=O)cc(C(C)(C)C)c1O,'=',nM,5100.0
CC1(C)CC(c2ccc(Cl)cc2)=C(c2ccc(S(C)(=O)=O)cc2)C1,'=',nM,7.0
CC(=O)N1N=C(c2ccc(S(C)(=O)=O)cc2)CC1c1ccccc1OCc1ccccc1,'=',nM,3200.0
Cc1ccc(-c2cc(C(F)(F)F)nn2-c2ccc(S(N)(=O)=O)cc2)cc1,'=',nM,60.0
Cc1cccc(-n2c(-c3ccc(S(N)(=O)=O)cc3)coc2=O)c1,'=',nM,510.5
COC1(C)OC(=O)C(c2ccc(F)cc2)=C1c1ccc(S(C)(=O)=O)cc1,'=',nM,100.0
C[S+]([O-])c1ccc(C(Nc2cccnc2)C(=O)c2ccc(F)cc2)cc1,'=',nM,500.0
CS(=O)(=O)c1ccc(-c2[nH]c(I)cc2-c2ccc(F)cc2)cc1,'=',nM,92300.0
COc1ccc2c(c1)c(CC(=O)Nc1cccnc1)c(C)n2C(=O)c1ccc(Cl)cc1,'=',nM,52.0
CC(=O)OCO/N=[N+](/[O-])N1CCC[C@@H]1C(=O)OCc1ccc(C2=C(c3ccc(S(C)(=O)=O)cc3)COC2=O)cc1,'=',nM,2400.0
Cc1ccc(-c2cc(C(C)C(=O)[O-])ccc2CC2CCCC2=O)cc1.[Na+],'=',nM,420000.0
COc1ccc(-c2cc(CC3CCCC3=O)ccc2C(C)C(=O)[O-])cc1.[Na+],'=',nM,430000.0
COc1ccc2c(c1)c(CC(=O)Nc1ccc(NC(C)=O)cc1)c(C)n2C(=O)c1ccc(Cl)cc1,'=',nM,120.0
Cc1c(C(N)C(=O)NCCO[N+](=O)[O-])cc(-c2ccc(S(C)(=O)=O)cc2)n1-c1cccc(F)c1,'=',nM,21000.0
CCNC(=O)c1cc(C(C)(C)C)c2c(c1)C(C)(C)CO2,'=',nM,6000.0
CN1C(O)=C(C(=O)Nc2ccc(Br)cc2Br)c2cc(Cl)ccc2S1(=O)=O,'=',nM,7.0
COc1ccc2c(c1)c(CC(=O)N[C@@H](CO)Cc1ccccc1)c(C)n2C(=O)c1ccc(Cl)cc1,'=',nM,220.0
COc1ccc2c(-c3ccc(S(N)(=O)=O)cc3)c(-c3ccc(F)cc3)nn2n1,'=',nM,26.0
CS(=O)(=O)c1ccc(-c2c(-c3ccc(F)cc3)nn3nc(S(C)(=O)=O)ccc23)cc1,'=',nM,370.0
COc1ccc(Sc2c(C)[nH]c3cc(S(C)(=O)=O)ccc23)cc1,'=',nM,470.0
COC(=O)c1[nH]c2cc(S(C)(=O)=O)ccc2c1Sc1ccc(F)cc1,'=',nM,1100.0
Cc1cc(=O)c(Oc2ccc(Cl)cc2)c(-c2ccc(S(C)(=O)=O)cc2)o1,'=',nM,320.04
CS(=O)(=O)c1ccc(-n2nc(C(F)(F)F)cc2-c2ccc(F)cc2)cc1,'=',nM,310.0
CC(C(=O)O)c1cccn(C(F)F)c1=O,'=',nM,5900.0
CC1(C)OC(=O)C(Oc2cnccn2)=C1c1ccc(S(C)(=O)=O)cc1,'=',nM,3800.0
NS(=O)(=O)c1ccc(-n2nc(C(F)(F)F)cc2-c2csc3ccccc23)cc1,'=',nM,350.0
CS(=O)(=O)c1ccc(-c2cnn(CCC3CC3)c(=O)c2-c2ccc(F)cc2)cc1,'=',nM,2900.0
COc1cncc(-c2nc(C(F)(F)F)cn2-c2ccc(S(C)(=O)=O)cc2)c1,'=',nM,37600.0
CC(O)CN1c2ccccc2Sc2ccccc21,'=',nM,5000.0
O=C(O)[C@H]1C[C@](O)(c2ccc(Cl)cc2)[C@@H](c2ccc(Cl)cc2)O1,'=',nM,3800.0
CC1(C)OC(=O)C(Oc2ccc(C3CC3)cn2)=C1c1ccc(S(C)(=O)=O)cc1,'=',nM,30.0
Cc1nc(C2CCCCC2)c(-c2ccc(S(N)(=O)=O)cc2)o1,'=',nM,70.0
CS(=O)(=O)c1ccc(-c2ccc(N)cc2-c2ccccc2)cc1,'=',nM,254000.0
Cc1cc(=O)c(-c2ccc(S(C)(=O)=O)cc2)c(-c2ccc(F)cc2)o1,'=',nM,9770.12
CS(=O)(=O)c1ccc(-c2occ(Cl)c(=O)c2-c2ccc(F)cc2)cc1,'=',nM,1478427.39
Cc1cc(=O)c(Oc2ccc(OC(F)(F)F)cc2)c(-c2ccc(S(C)(=O)=O)cc2)o1,'=',nM,2449.06
CC(C(=O)NCCc1c[nH]c2ccc(O)cc12)c1ccc(-c2ccccc2)c(F)c1,'=',nM,8000.0
CC1(O)OC(=O)C(c2cc(F)cc(F)c2)=C1c1ccc(S(C)(=O)=O)cc1,'=',nM,550.0
COc1c(Cl)cc(C2=C(c3ccc(S(C)(=O)=O)cc3)CC3(CC3)C2)cc1Cl,'=',nM,6.026
Cc1onc(-c2ccccc2)c1-c1ccc(S(=O)(=O)NO)cc1.O,'=',nM,1100.0
CC1(C)OC(=O)C(C(=O)c2ccccc2)=C1c1ccc(S(C)(=O)=O)cc1,'=',nM,600.0
CC1(C)OC(=O)C(Oc2ccccc2)=C1c1ccc(S(C)(=O)=O)cc1,'=',nM,40.0
Cn1c(Br)c(Br)c(-c2ccc(F)cc2)c1-c1ccc(S(C)(=O)=O)cc1,'=',nM,55670.0
Cc1ccc(Oc2c(-c3ccc(S(C)(=O)=O)cc3)oc(C)cc2=O)cc1,'=',nM,209.99
Cc1c(C)c2c(c(C)c1O)CCC(C)(C(=O)O)O2,'=',nM,13100.0
CC1(C)OC(=O)C(Cc2ccccc2)=C1c1ccc(S(C)(=O)=O)cc1,'=',nM,300.0
CS(=O)(=O)c1ccc(-n2cc(C(F)(F)F)nc2-c2cccc(Br)c2)cc1,'=',nM,80.0
CS(=O)(=O)c1ccc(C2=C(c3cccc(F)c3)C(=O)CC2)cc1,'=',nM,340.0
COc1ccc2c(c1)c(CC(=O)O)c(C)n2C(=O)c1ccc(Cl)cc1,'=',nM,500.0
COc1cc2occc2c(OC)c1-c1cc(-c2ccc(Cl)cc2)n(-c2ccc(S(N)(=O)=O)cc2)n1,'=',nM,26000.0
COc1c(-c2cc(-c3cccnc3)nn2-c2ccc(S(N)(=O)=O)cc2)c(O)c(OC)c2occc12,'=',nM,360.0
Cc1cc(=O)c(Oc2ccc(N)cc2)c(-c2ccc(S(C)(=O)=O)cc2)o1,'=',nM,1480.0
CS(=O)(=O)c1ccc(-c2cc(C(F)(F)F)nc(OCC3CCCCCC3)n2)cc1,'=',nM,1034.0
Cc1cc(-c2ccc(S(C)(=O)=O)cc2)nc(NC2CCCCC2)n1,'=',nM,1683.0
CS(=O)(=O)c1ccc(-c2cnc(Cc3ccccc3)[n+]([O-])c2-c2ccc(F)cc2)cc1,'=',nM,717.0
Cc1onc(-c2ccccc2)c1-c1ccc(S(N)(=O)=O)cc1,'=',nM,208.0
Fc1ccc(/N=C/c2c[nH]c3ccccc23)cc1,'=',nM,17200.0
Fc1ccc(/N=C/c2cn(Cc3ccccc3)c3ccccc23)cc1,'=',nM,710.0
CS(=O)(=O)c1ccc(C2=C(c3ccc(F)cc3)CC3(CCC3)C2)cc1,'=',nM,3.981
NS(=O)(=O)c1ccc(-c2cc(F)c(F)cc2-c2ccc(F)cc2)cc1,'=',nM,3.981
CS(=O)(=O)Nc1ccncc1Nc1ccc(Cl)cc1,'=',nM,5930.0
CN(C)c1ccc(-c2nnnn2-c2ccc(S(N)(=O)=O)cc2)cc1,'=',nM,7000.0
CC(C)(C)Oc1nc(-c2ccc(S(C)(=O)=O)cc2)cc(C(F)(F)F)n1,'=',nM,33.0
CS(=O)(=O)c1ccc(-c2cc(OCC(F)(F)F)nc(NC3CCCCC3)n2)cc1,'=',nM,16.0
CCCNc1nc(-c2ccc(S(C)(=O)=O)cc2)cc(C(F)(F)F)n1,'=',nM,5.0
CS(=O)(=O)c1ccc(-c2cc(C(F)(F)F)nc(NCc3ccc(F)cc3)n2)cc1,'=',nM,0.28
Cc1ccc(-c2ncc(Cl)cc2-c2ccc(S(C)(=O)=O)cc2)cn1,'=',nM,554.0
CCCCNc1nc(-c2ccc(S(C)(=O)=O)cc2)cc(C(F)(F)F)n1,'=',nM,70.0
CCCCOc1nc(-c2ccc(S(C)(=O)=O)cc2)cc(C(F)(F)F)n1,'=',nM,158.0
CS(=O)(=O)c1ccc(-c2cnc(Cc3ccccc3O)nc2-c2ccc(F)cc2)cc1,'=',nM,43.0
CS(=O)(=O)c1ccc(-c2nc(NC3CCCC3)cc(C(F)(F)F)n2)cc1,'=',nM,475.9
NS(=O)(=O)c1ccc(/N=C/c2ccc(O)c(O)c2)cc1,'=',nM,2850.0
Cc1ccc(/C=N/c2ccc(S(N)(=O)=O)cc2)cc1,'=',nM,4940.0
Cc1ccc2c(c1)oc(=O)n2Cc1cn(-c2ccc(Cl)cc2)nn1,'=',nM,5600.0
Cc1ccc(-c2ccc(S(C)(=O)=O)cc2)n1-c1ccccc1,'=',nM,60.0
NS(=O)(=O)c1ccc(-n2nc(C(F)(F)F)cc2-c2ccc(Cl)cc2)cc1,'=',nM,10.0
CS(=O)(=O)c1ccc(-n2cccc2-c2ccc(F)cc2)cc1,'=',nM,510.0
CS(=O)(=O)c1ccc(-n2cc(-c3ccc(F)cc3)nn2)cc1,'=',nM,210.0
CSCC[C@H](NC(=O)[C@H](Cc1ccccc1)NC(=O)c1ccc(F)cc1)C(=O)N[C@@H](CC(=O)O)C(=O)O,'=',nM,450000.0
Cc1cc(=O)c(Oc2ccc(Cl)cc2F)c(-c2ccc([S@@+](C)[O-])cc2)o1,'=',nM,2470.0
CCOc1ccc(-c2nn3ncccc3c2-c2ccc(S(N)(=O)=O)cc2)cc1,'=',nM,0.44
NS(=O)(=O)c1ccc(/N=N/c2ccc(O)c(O)c2)cc1,'=',nM,12420.0
NS(=O)(=O)c1ccc(/C=N/c2ccc(O)cc2)cc1,'=',nM,5090.0
CN(C)c1ccc(/N=C/c2ccc(S(N)(=O)=O)cc2)cc1,'=',nM,1950.0
COc1ccc2c(c1)c1c(n2C(=O)c2ccc(Cl)cc2)CCN(CCCOc2cc(F)cc(C3(OC)CCOCC3)c2)C1.Cl,'=',nM,197900.0
Cc1ccncc1-c1c(Cl)ncn1-c1ccc(S(C)(=O)=O)cc1,'=',nM,284.0
Cc1c(Br)cc(-c2ccc(S(C)(=O)=O)cc2)n1-c1ccc(F)cc1,'=',nM,19.95
CS(=O)(=O)c1ccc(-n2cnc(Cl)c2-c2ccc3c(c2)OCO3)cc1,'=',nM,6.0
CC1(O)OC(=O)C(c2cccc(F)c2)=C1c1ccc(S(C)(=O)=O)cc1,'=',nM,250.0
Cc1cc(-c2nc(C(F)(F)F)cn2-c2ccc(S(N)(=O)=O)cc2)no1,'=',nM,410.0
Cc1nc(-c2ccc(S(C)(=O)=O)cc2)c(-c2ccc(Cl)s2)o1,'=',nM,1200.0
Cc1nc(-c2nc(C(F)(F)F)cn2-c2ccc(S(=O)(=O)N(C)C)cc2)co1,'=',nM,4168.69
NS(=O)(=O)c1ccc(C2=C(c3ccc(Cl)c(Cl)c3)CC3(CC3)C2)cc1,'=',nM,1.0
Cc1ccc(Nc2c(C)cccc2Cl)c(CC(=O)O)c1,'=',nM,60.0
COc1ccc(C2=C(c3ccc(S(C)(=O)=O)cc3)CCC2)cc1F,'=',nM,120.23
CS(=O)(=O)c1ccc(-c2cc3c(cc2-c2ccc(F)cc2)COC3)cc1,'=',nM,83.18
Cc1cc(Cl)cc(-c2nc(C(F)(F)F)cn2-c2ccc(S(C)(=O)=O)cc2)c1,'=',nM,79.43
COc1ccc(-c2c(Cl)ncn2-c2ccc(S(C)(=O)=O)cc2)cc1,'=',nM,11.0
COc1ccc(-c2c(Cl)ncn2-c2ccc(S(C)(=O)=O)cc2)cc1F,'=',nM,156.0
NS(=O)(=O)c1ccc(-n2nc(C(F)(F)F)cc2-c2ccc(Br)s2)cc1,'=',nM,12.02
CS(=O)(=O)c1ccc(-n2cc(C(F)(F)F)nc2-c2cccc([N+](=O)[O-])c2)cc1,'=',nM,575.44
CS(=O)(=O)c1ccc(C2=C(c3ccc(F)cc3)CC3(CCCC3)C2)cc1,'=',nM,61.66
CS(=O)(=O)c1ccc(-c2cc(/C=C\CC[N+](=O)[O-])nn2C2CCCCC2)cc1,'=',nM,500.0
COc1ccc(-c2cscc2-c2ccc(S(N)(=O)=O)cc2)cc1F,'=',nM,9.0
CS(=O)(=O)c1ccc(-c2cc3ccccc3cc2-c2ccccc2)cc1,'=',nM,41000.0
Nc1c(C(=O)N/N=C/c2ccc(O)cc2)cnn1-c1ccc(S(N)(=O)=O)cc1,'=',nM,60.0
NS(=O)(=O)c1ccc(-n2nc(C(F)(F)F)c(F)c2-c2ccccc2)cc1,'=',nM,1.7
CS(=O)(=O)c1ccc(N2N=C(C(F)(F)F)CC2c2ccc3c(c2)OCCO3)cc1,'=',nM,240.0
CC(C)(O)c1cc(-c2ccc(S(N)(=O)=O)cc2)c(-c2ccc(F)cc2)s1,'=',nM,410.0
Cc1nn(-c2ccccc2)c(N(C)C)c1/C=N/Nc1nc2ccccc2nc1O,'=',nM,400.0
COc1ccc(C2=C(c3ccc(S(C)(=O)=O)cc3)CCC2)cc1Cl,'=',nM,140.0
CCOc1cccc(NC(=O)Cc2c(C)n(C(=O)c3ccc(Cl)cc3)c3ccc(OC)cc23)c1,'=',nM,650.0
C/C(=C\CC/C(C)=C/CCCC1(O)Oc2ccc(O)cc2C1=O)CO,'=',nM,1380.0
C/C(=C\CC/C(C)=C/C/C=C(/CC(=O)c1cc(O)ccc1O)C(=O)O)CO,'=',nM,4840.0
CS(=O)(=O)c1ccc(C2=NN(c3ccc(C(=O)O)cc3)C(c3cccs3)C2)cc1,'=',nM,1160.0
CC(C)(C)c1cc(C(=O)CSCC2CC2)cc2c1OCC2(C)C,'=',nM,400.0
COc1ccc2c(c1)c(CC(=O)N(C)C)c(C)n2C(=O)c1ccc(Cl)cc1,'=',nM,18000.0
COc1ccc2c(c1)c(CC(=O)NCCc1ccccc1)c(C)n2C(=O)c1ccc(Cl)cc1,'=',nM,60.0
CC1(C)OC(=O)C(Oc2ccc(F)c(F)c2)=C1c1ccc(S(C)(=O)=O)cc1,'=',nM,10.0
CS(=O)(=O)c1ccc(C2=C(c3cc(Br)ccn3)C(=O)CC2)cc1,'=',nM,630.0
CS(=O)(=O)c1ccc(-c2ccc(F)c(F)c2-c2ccc(F)c(Cl)c2)cc1,'=',nM,10.0
Cc1ccc(N2CC(c3ccc(S(C)(=O)=O)cc3)=C(c3ccc(F)cc3)C2=O)cc1,'=',nM,1050.0
CS(=O)(=O)c1ccc(-c2[nH]c(Cl)c(Br)c2-c2ccc(F)cc2)cc1,'=',nM,88000.0
COc1ccc2c(c1)c(CC(=O)Oc1ccccc1)c(C)n2C(=O)c1ccc(Cl)cc1,'=',nM,400.0
COc1ccc(Oc2c(C)[nH]c3cc(S(C)(=O)=O)ccc23)cc1,'=',nM,1600.0
Cc1[nH]c2cc(S(C)(=O)=O)ccc2c1Oc1ccc(F)cc1F,'=',nM,4100.0
Cc1nn(-c2ccc(S(N)(=O)=O)cc2)c(-c2ccccc2)c1Cl,'=',nM,28.0
CNc1nnc(Cn2nc(Cc3ccccc3)c3onc(C)c3c2=O)s1,'=',nM,21300.0
CNc1nnc(Cn2nc(Cc3ccc(OC)cc3)c3onc(C)c3c2=O)s1,'=',nM,14700.0
CS(=O)(=O)Nc1ccc(-c2cc(C(F)(F)F)nn2-c2ccc(Br)cc2)cc1,'=',nM,230.0
COc1ccc2c(c1)c(CC(=O)O)c(C(F)(F)F)n2C(=O)c1ccc(Cl)cc1,'=',nM,388.0
CS(=O)(=O)Nc1cc2c(cc1Sc1ccccc1F)C(=O)CC2,'=',nM,100.0
COc1ccc(/C(C)=C/c2cc(O)cc(O)c2)cc1,'=',nM,16000.0
CC(C)S(=O)(=O)c1c(O)n(Cc2ccccc2)c(=O)c2ccc(Cl)cc12,'=',nM,60.0
Cc1nc(-c2nc(C(F)(F)F)cn2-c2ccc(S(C)(=O)=O)cc2)cs1,'=',nM,940.0
CS(=O)(=O)c1ccc(-n2cc(-c3ccccc3)nc2-c2ccc(Cl)cc2)cc1,'=',nM,239.88
Cc1cccc(-c2nc(C(F)(F)F)cn2-c2ccc(S(C)(=O)=O)cc2)n1,'=',nM,2884.03
CC(=O)Nc1cc(C(C)(C)C)c2c(c1)C(C)(C)CO2,'=',nM,3500.0
COc1ccc(-c2ssc(=S)c2-c2ccc(OC)cc2)cc1,'=',nM,20000.0
CS(=O)(=O)Nc1cc2c(cc1Oc1ccc(F)cc1F)C(=O)CC2,'=',nM,21.0
COc1ccc(-c2cc(C(F)(F)F)nn2-c2ccc(S(N)(=O)=O)c(CNC(C)=O)c2)cc1,'=',nM,2800.0
COc1ccc(-n2nc(-c3ccc(Cl)cc3)c3c2CCC(F)C3)cc1,'=',nM,2100.0
CCC(=O)OCc1cc(-n2nc(C(F)(F)F)cc2-c2ccc(C)cc2)ccc1S(N)(=O)=O,'=',nM,570.0
COc1ccc(/C=C/C(=O)c2cc(-n3cc(CN4C(=O)C(=O)c5ccccc54)nn3)ccc2O)cc1,'=',nM,37.0
CC(C)S(=O)(=O)c1c(O)n(Cc2ccccc2)c(=O)c2ccccc12,'=',nM,290.0
CN1C(=O)/C(=C(/O)Nc2ccc(Cl)cc2Cl)c2cc(Cl)ccc2C1=O,'=',nM,200.0
CS(=O)(=O)c1ccc(-c2occ(Cl)c(=S)c2-c2ccc(F)cc2)cc1,'=',nM,835795.45
CS(=O)(=O)c1ccc(-c2coc(=O)n2-c2ccc(C(F)(F)F)cc2)cc1,'=',nM,2000.0
OC[C@@H]1[C@@H]([C@H](O)c2ccc(O)c(O)c2)CO[C@@H]1c1ccc(O)c(O)c1,'=',nM,73900.0
CS(=O)(=O)c1ccc(-c2c(-c3cccc(F)c3)nn3ncccc23)cc1,'=',nM,34.0
CC(C)OC1=C(c2ccc(S(C)(=O)=O)cc2)C(C)(CC(F)(F)F)OC1=O,'=',nM,1300.0
COc1ccc(-c2c(-c3ccc(S(N)(=O)=O)cc3)ccc(F)c2F)cc1F,'=',nM,12.88
Cc1ccc2c(-c3ccc(S(C)(=O)=O)cc3)c(-c3ccc(F)cc3)nn2n1,'=',nM,24.0
COc1cc(/C=C/c2cc(/C=C/c3ccc(O)c(OC)c3)on2)ccc1O,'=',nM,10710.0
CC1(C)OC(=O)C(Oc2ncc(Cl)cc2Cl)=C1c1ccc(S(C)(=O)=O)cc1,'=',nM,40.0
CS(=O)(=O)c1ccc(-c2cc(Cl)cc3c2OC(C(F)(F)F)C(C(=O)O)=C3)cc1,'=',nM,21300.0
O=C(O)C1=Cc2cc(Cl)cc(-c3ccc(O)cc3)c2OC1C(F)(F)F,'=',nM,3480.0
O=S(=O)([O-])Oc1ccc(/C=C/c2cc(O)cc(O)c2)cc1.[K+],'=',nM,8950.0
CS(=O)(=O)c1ccc(-c2ccccc2N2CCCCC2)cc1,'=',nM,14000.0
CCc1nc(-c2ccc(F)cc2)c(-c2ccc(S(C)(=O)=O)cc2)s1,'=',nM,23.0
Cn1ncc(-c2ccc(S(C)(=O)=O)cc2)c(-c2ccccc2)c1=O,'=',nM,300.0
C[C@H]1C[C@@H]1Cn1ncc(-c2ccc(S(C)(=O)=O)cc2)c(-c2ccc(F)cc2)c1=O,'=',nM,300.0
C[C@H]1C[C@H]1Cn1ncc(-c2ccc(S(C)(=O)=O)cc2)c(-c2ccc(F)cc2)c1=O,'=',nM,50.0
CC(=O)OC(C)O/N=[N+](/[O-])c1ccc(-c2cc(C(F)(F)F)nn2-c2ccc(S(C)(=O)=O)cc2)cc1,'=',nM,14400.0
Cc1ncccc1-c1nc(C(F)(F)F)cn1-c1ccc(S(N)(=O)=O)cc1,'=',nM,2800.0
COc1ccc(/C=C/C(=O)O[C@H]2[C@H](O[C@H]3[C@H](O)[C@@H](O)[C@H](O[C@@H]4CO[C@@H](O[C@@H]5[C@@H](O)[C@H](C)O[C@@H](O[C@H]6[C@H](O[C@H]7CC[C@@]8(C)[C@@H](CC[C@]9(C)[C@@H]8CC=C8[C@@H]%10CC(C)(C)CC[C@]%10(C(=O)O[C@@H]%10O[C@H](CO[C@@H]%11O[C@H](CO)[C@@H](O[C@@H]%12O[C@@H](C)[C@H](O)[C@@H](O)[C@H]%12O)[C@H](O)[C@H]%11O)[C@@H](O)[C@H](O)[C@H]%10O)CC[C@]89C)[C@]7(C)CO)OC[C@@H](O)[C@@H]6O)[C@@H]5O)[C@H](O)[C@@H]4O)O[C@@H]3CO)O[C@H](CO)[C@@H](O)[C@@H]2O[C@@H]2O[C@H](CO[C@@H]3O[C@@H](C)[C@H](O)[C@@H](O)[C@H]3O[C@@H]3O[C@H](CO)[C@@H](O)[C@H](O)[C@H]3O)[C@@H](O)[C@H](O)[C@H]2O)cc1O,'=',nM,6700.0
COc1ccc(/C=C/C(=O)O[C@@H]2[C@@H](O)[C@H](O[C@H]3[C@H](O)[C@@H](O)[C@H](O[C@@H]4CO[C@@H](O[C@@H]5[C@@H](O)[C@H](C)O[C@@H](O[C@H]6[C@H](O[C@H]7CC[C@@]8(C)[C@@H](CC[C@]9(C)[C@@H]8CC=C8[C@@H]%10CC(C)(C)CC[C@]%10(C(=O)O[C@@H]%10O[C@H](CO[C@@H]%11O[C@H](CO)[C@@H](O[C@@H]%12O[C@@H](C)[C@H](O)[C@@H](O)[C@H]%12O)[C@H](O)[C@H]%11O)[C@@H](O)[C@H](O)[C@H]%10O)CC[C@]89C)[C@]7(C)CO)OC[C@@H](O)[C@@H]6O)[C@@H]5O)[C@H](O)[C@@H]4O)O[C@@H]3CO)O[C@H](CO)[C@H]2O)cc1O,'=',nM,7800.0
COc1ccc(/C=C/C(=O)O[C@@H]2[C@@H](O)[C@H](O[C@H]3[C@H](O)[C@@H](O)[C@H](O[C@@H]4CO[C@@H](O[C@@H]5[C@@H](O)[C@H](C)O[C@@H](O[C@H]6[C@H](O[C@H]7CC[C@]8(C)[C@H]9CC=C%10[C@@H]%11CC(C)(C)CC[C@]%11(C(=O)O[C@@H]%11O[C@H](CO[C@@H]%12O[C@H](CO)[C@@H](O[C@@H]%13O[C@@H](C)[C@H](O)[C@@H](O)[C@H]%13O)[C@H](O)[C@H]%12O)[C@@H](O)[C@H](O)[C@H]%11O)CC[C@@]%10(C)[C@]9(C)CC[C@H]8C7(C)C)OC[C@H](O)[C@@H]6O)[C@@H]5O)[C@H](O)[C@@H]4O)O[C@@H]3CO)O[C@H](CO)[C@H]2O)cc1O,'=',nM,7600.0
COc1ccc(/C=C/C(=O)O[C@H]2[C@H](O[C@H]3[C@H](O)[C@@H](O)[C@H](O[C@@H]4CO[C@@H](O[C@@H]5[C@@H](O)[C@H](C)O[C@@H](O[C@H]6[C@H](O[C@H]7CC[C@@]8(C)[C@@H](CC[C@]9(C)[C@@H]8CC=C8[C@@H]%10CC(C)(C)CC[C@]%10(C(=O)O[C@@H]%10O[C@H](CO[C@@H]%11O[C@H](CO)[C@@H](O[C@@H]%12O[C@@H](C)[C@H](O)[C@@H](O)[C@H]%12O)[C@H](O)[C@H]%11O)[C@@H](O)[C@H](O)[C@H]%10O)CC[C@]89C)[C@]7(C)CO)OC[C@H](O)[C@@H]6O)[C@@H]5O)[C@H](O)[C@@H]4O)O[C@@H]3CO)O[C@H](CO)[C@@H](O)[C@@H]2O[C@@H]2O[C@H](CO[C@@H]3O[C@@H](C)[C@H](O)[C@@H](O)[C@H]3O)[C@@H](O)[C@H](O)[C@H]2O)cc1O,'=',nM,9000.0
COc1ccc(-c2csc(Nc3ccc4c(c3)OCO4)n2)cc1,'=',nM,910.0
c1ccc(-c2csc(Nc3ccc4c(c3)OCO4)n2)cc1,'=',nM,410.0
C[C@H]1O[C@H](O[C@@H]2[C@@H](O)[C@H](OCCc3ccc(O)c(O)c3)O[C@H](CO[C@H]3OCC(O)(CO)[C@@H]3O)[C@H]2OC(=O)/C=C/c2ccc(O)c(O)c2)[C@@H](O)[C@@H](O)[C@@H]1O,'=',nM,490000.0
C=C1C(=O)O[C@@H]2[C@H]1CC[C@H](C)[C@]1(CCC(=O)O1)[C@@]2(C)O,'=',nM,4600.0
Cc1ccc(Cl)c(Nc2ccccc2C(=O)O)c1Cl,'=',nM,40.0
COc1ccc(/C=C/C(=O)c2nn(-c3ccc(Cl)cc3)c(C)c2C(=O)/C=C/c2ccc(OC)cc2)cc1,'=',nM,300.0
NS(=O)(=O)c1ccc(-n2nc(C(F)(F)F)cc2-c2ccc(Cl)s2)cc1,'=',nM,26.0
Cc1cccc(-c2cc(C(F)(F)F)nn2-c2ccc(S(N)(=O)=O)cc2)c1,'=',nM,110.0
CC1(C)OC(=O)C(Oc2ncnc3ccccc23)=C1c1ccc(S(C)(=O)=O)cc1,'=',nM,2900.0
CC1(C)OC(=O)C(Oc2cccnc2)=C1c1ccc(S(C)(=O)=O)cc1,'=',nM,520.0
CC1(C)OC(=O)C(c2cccc(F)c2)=C1c1ccc(S(C)(=O)=O)cc1,'=',nM,40.0
CS(=O)(=O)c1ccc(C2=C(c3cncc(Cl)c3)C(=O)CC2)cc1,'=',nM,87.0
Cc1ccnc2c(-c3ccc(F)cc3)c(-c3ccc(S(C)(=O)=O)cc3)nn12,'=',nM,12.0
NS(=O)(=O)c1ccc(-n2nc(C(F)(F)F)cc2C2CCN(CCCCO[N+](=O)[O-])CC2)cc1,'=',nM,16800.0
CS(=O)(=O)c1ccc(C2=C(c3ccc(F)cc3)CC3(CC3)C2)cc1,'=',nM,8.0
NS(=O)(=O)c1ccc(-n2nc(C(F)(F)F)c3c2-c2cc(F)c(F)cc2CS3)cc1,'=',nM,6.0
Cc1c(CC(=O)O)cc(-c2ccc(S(C)(=O)=O)cc2)n1-c1cccc(F)c1,'=',nM,17000.0
CC1(C)OC(=O)C(Oc2ccncc2)=C1c1ccc(S(C)(=O)=O)cc1,'=',nM,270.0
CCc1ccc(Nc2cnccc2NS(C)(=O)=O)cc1,'=',nM,8150.0
O=S(=O)(Nc1ccncc1NC1CCCC1)C(F)(F)F,'=',nM,3740.0
Cc1c(C=O)cc(-c2ccc(S(C)(=O)=O)cc2)n1-c1ccc(F)cc1,'=',nM,3230.0
NS(=O)(=O)c1ccc(-n2nc(C(F)F)cc2-c2ccc(C(=O)O)cc2)cc1,'=',nM,46800.0
CCCC(=O)c1cc(C(C)(C)C)c2c(c1)C(C)(C)CO2,'=',nM,95.0
CNc1ccc(-c2nc(C(F)(F)F)cn2-c2ccc(S(C)(=O)=O)cc2)cc1Cl,'=',nM,660.69
CS(=O)(=O)c1ccc(-c2ccccc2-c2ccc(Cl)cc2)cc1,'=',nM,141.25
CC1(O)OC(=O)C(c2ccc3ccccc3c2)=C1c1ccc(S(C)(=O)=O)cc1,'=',nM,450.0
Cc1cc(C)cc(-c2ccc(C(C)C(=O)O)cc2F)c1,'=',nM,19000.0
CS(=O)(=O)c1ccc(-c2nn(CC(=O)Nc3ccccc3)c(C(F)(F)F)c2-c2ccc(F)cc2)cc1,'=',nM,480.0
CC1(O)OC(=O)C(c2ccc(Cl)cc2)=C1c1ccc(S(C)(=O)=O)cc1,'=',nM,110.0
Cc1cc(-c2cc(C(F)(F)F)nn2-c2ccc(S(N)(=O)=O)cc2)cc2c1OCO2,'=',nM,52.0
Cc1cccc(OC2=C(c3ccc(S(C)(=O)=O)cc3)C(C)(C)OC2=O)c1,'=',nM,20.0
CC(C(=O)OCC(CO[N+](=O)[O-])O[N+](=O)[O-])c1ccc(C(=O)c2cccs2)cc1,'=',nM,2700.0
Cc1noc2c(Cc3ccccc3)nn(Cc3nnc(Nc4ccccc4)s3)c(=O)c12,'=',nM,10900.0
CCc1nc(C2CCCCC2)c(-c2ccc(S(N)(=O)=O)c(F)c2)o1,'=',nM,120.0
CS(=O)(=O)Nc1ccc([N+](=O)[O-])cc1OC1CCCCC1,'=',nM,120.0
COc1ccc2c(c1)c(Cc1nc(-c3csc4ccccc34)cs1)c(C)n2C(=O)c1ccc(Cl)cc1,'=',nM,1.0
CS(=O)(=O)c1ccc(C2=C(c3ccc(F)c(F)c3)CC3(CC3)C2)cc1,'=',nM,3.3
CC(C(=O)O)c1cc(/C=C/S(C)(=O)=O)cc(C(=O)c2ccccc2)c1,'=',nM,9700.0
CCn1nc(-c2ccc(S(N)(=O)=O)cc2)c(-c2ccc(F)cc2)c1C(F)(F)F,'=',nM,33.0
CC1(C)OC(=O)C(Oc2cc(F)cc(F)c2)=C1c1ccc(S(C)(=O)=O)cc1,'=',nM,180.0
Cc1c(C(O)C(F)(F)F)cc(-c2ccc(S(C)(=O)=O)cc2)n1-c1ccc(F)cc1,'=',nM,1440.0
Cc1c(COc2cccc(Cl)c2)cc(-c2ccc(S(C)(=O)=O)cc2)n1-c1ccc(F)cc1,'=',nM,80.0
CS(=O)(=O)c1ccc(C2=C(c3ccc(C(F)(F)F)cc3)CC3(CC3)C2)cc1,'=',nM,2.0
O=S(=O)(Nc1ccncc1Nc1ccc(Cl)cc1)C(F)(F)F,'=',nM,410.0
NS(=O)(=O)c1ccc(-n2nnnc2-c2ccc(F)cc2)cc1,'=',nM,56000.0
CS(=O)(=O)c1ccc(C2=C(/C=C/c3ccc(F)cc3)C(=O)CC2)cc1,'=',nM,175.0
Cc1ccc(-c2ccc(S(C)(=O)=O)cc2)n1-c1ccc(C(F)(F)F)cc1,'=',nM,80.0
CS(=O)(=O)c1ccc(C2=C(c3ccc4c(c3)OCO4)CCC2)cc1,'=',nM,21.0
COc1ccc(C2=C(c3ccc(S(N)(=O)=O)cc3)CC3(CC3)C2)cc1Cl,'=',nM,1.995
COc1ccc2c(c1)c(CC(=O)O)c(C)n2Cc1ccc(Br)cc1,'=',nM,2500.0
NS(=O)(=O)c1ccc(-n2cnc(Cl)c2-c2ccccc2)cc1,'=',nM,9.0
COC(=O)c1ccc(-c2ccccc2)c(-c2ccc(S(C)(=O)=O)cc2)c1,'=',nM,48000.0
CCCCC(=O)c1cc(C(C)(C)C)c2c(c1)C(C)(C)CCN2C,'=',nM,300.0
Cc1ccnc(C(=O)c2[nH]c3cc(F)ccc3c2CC(=O)O)c1,'=',nM,9.81
Cc1ccnc(C(=O)c2[nH]c3cc(Cl)c(F)cc3c2CC(=O)O)c1,'=',nM,6.77
CS(=O)(=O)c1ccc(-c2cc(N)sc2-c2ccc(F)cc2)cc1.Cl,'=',nM,3000.0
Cc1ccc(-c2nc(C(F)(F)F)cn2-c2ccc(S(C)(=O)=O)cc2)cc1,'=',nM,160.0
COCCNC(=O)c1ccccc1Nc1c(Cl)ccc(C)c1Cl,'=',nM,3000.0
Cc1ccc(S(=O)(=O)NC(=O)c2cncc(C(=O)NS(=O)(=O)c3ccc(C)cc3)c2)cc1,'=',nM,8500.0
COc1ccc(-c2nc(C(F)(F)F)cn2-c2ccc(S(C)(=O)=O)cc2)cc1,'=',nM,570.0
CN(C)c1ccc(-c2cc(C(F)(F)F)nn2-c2ccc(S(N)(=O)=O)cc2)cc1,'=',nM,4.677
Oc1ccc(OCc2ccccc2)cc1,'=',nM,3726.0
CCc1ccc2[nH]c(C(=O)c3cc(C)ccn3)c(CC(=O)O)c2c1,'=',nM,1600.0
CS(=O)(=O)c1ccc(-n2cc(C(F)(F)F)nc2-c2cccs2)cc1,'=',nM,467.74
O=C(Nc1ccc(-c2ccc(Cl)c(Cl)c2)cc1)C1=C(O)c2ccccc2S(=O)(=O)N1,'=',nM,263000.0
CS(=O)(=O)c1ccc(-n2cnc(Cl)c2-c2cccc(Cl)c2Cl)cc1,'=',nM,6.0
COc1ccc2c(c1)c1c(n2S(=O)(=O)c2ccc(Cl)cc2)CC(C)(C)CC1=O,'=',nM,880.0
CC(=O)N1N=C(c2ccc(S(C)(=O)=O)cc2)CC1c1ccc(F)cc1,'=',nM,19630.0
CCOC(=O)C1=C(N)n2c(=O)c3ncccc3c(=O)n2C1c1ccccc1O,'=',nM,20.1
COc1ccc2c(c1)c(CCOC(=O)c1ccc(Cl)cc1)c(C)n2Cc1ccc(Br)cc1,'=',nM,50.0
CNc1nnc(Cn2nc(Cc3ccc([N+](=O)[O-])cc3)c3onc(C)c3c2=O)s1,'=',nM,6000.0
CCn1c(Cn2nc(Cc3ccccc3)c3onc(C)c3c2=O)n[nH]c1=S,'=',nM,6100.0
N[C@@H](Cc1c[nH]c2ccccc12)C(=O)N[C@@H](CS)C(=O)N[C@@H](CO)C(=O)O,'=',nM,21000.0
NS(=O)(=O)c1ccc(C2=C(c3ccc(F)c(F)c3)CC3(CC3)C2)cc1,'=',nM,3.02
O=C(NS(=O)(=O)c1ccc(Br)cc1)c1cccnc1,'=',nM,4900.0
COc1c(F)cc(-c2nc(C(F)(F)F)cn2-c2ccc(S(C)(=O)=O)cc2)cc1F,'=',nM,169.82
CCOC(=O)[C@H](O)[C@@H](OCc1cnnn1[C@@H](Cc1ccc(O)cc1)C(=O)OC)C(=O)OCC,'=',nM,35000.0
O=C1NC(=O)C(=Cc2cn(C[C@H](O)COc3cc(O)c4c(=O)cc(-c5ccccc5)oc4c3)c3ccccc23)C(=O)N1,'=',nM,1.0
NS(=O)(=O)c1ccc(-c2coc(=O)n2-c2ccc(F)cc2F)cc1,'=',nM,2300.0
Nc1c(CC(=O)O)cccc1C(=O)c1ccc(Br)cc1,'=',nM,4.803
NS(=O)(=O)c1ccc(-n2nc(C(F)(F)F)cc2-c2ccccc2Cl)cc1,'=',nM,56.0
Cc1ccc(-c2cc(C(F)(F)F)nn2-c2ccc(S(N)(=O)=O)cc2)c(C)c1,'=',nM,120.0
CC(C(=O)O)c1ccc2c(c1)[nH]c1ccc(Cl)cc12,'=',nM,38000.0
CS(=O)(=O)c1ccc(-c2sncc2-c2ccc(F)cc2)cc1,'=',nM,9000.0
CC(=O)Nc1ccc(O)cc1,'=',nM,141253.75
CC(=O)N1N=C(c2ccc(S(C)(=O)=O)cc2)CC1c1ccc(C(F)(F)F)cc1,'=',nM,19830.0
O=C(O)Cc1ccccc1Nc1c(Cl)cccc1Cl,'=',nM,70.0
CC(=O)c1nnn(-c2ccc(S(N)(=O)=O)cc2)c1C,'=',nM,110.0
COc1ccc(Nc2c(-c3ccc(S(C)(=O)=O)cc3)nc3ccccn23)cc1,'=',nM,2800.0
c1cc(-c2ccc(Nc3nc(N4CCOCC4)nc(N4CCOCC4)n3)cc2)[nH]n1,'=',nM,1720.0
CN(C)/C=C/C(=O)c1ccc(Nc2nc(N3CCCCC3)nc(N3CCCCC3)n2)cc1,'=',nM,1760.0
CCOc1ccc(-c2nn3nc(S(C)(=O)=O)ccc3c2-c2ccc(S(N)(=O)=O)cc2)cc1,'=',nM,264.0
NS(=O)(=O)c1ccc(-n2nc(C(=O)N/N=C/c3c(Cl)c4ccccc4oc3=O)cc2-c2ccccc2F)cc1,'=',nM,470.0
NS(=O)(=O)c1ccc(-n2nc(C(=O)N/N=C/c3c(Cl)c4ccccc4oc3=O)cc2-c2ccc(F)cc2)cc1,'=',nM,170.0
NS(=O)(=O)c1ccc(-n2nc(C(=O)N/N=C/c3c(Cl)c4ccccc4oc3=O)cc2-c2ccc(C(F)(F)F)cc2)cc1,'=',nM,90.0
CS(=O)(=O)Nc1cc2c(cc1Sc1ccncc1)C(=O)CC2,'=',nM,1000.0
COc1ccc(-c2c(-c3ccc(S(C)(=O)=O)cc3)oc3ccccc23)cc1Cl,'=',nM,100.0
CC(C)=CCC12Oc3cc(O)ccc3C1(O)Oc1cc(O)c([C@H]3C=C(C)C[C@@H](c4ccc(O)cc4O)[C@@H]3C(=O)c3ccc(O)cc3O)c(O)c1C2=O,'=',nM,73000.0
Cc1csc(Sc2cc3c(cc2NS(C)(=O)=O)CCC3=O)n1,'=',nM,30.0
CS(=O)(=O)Nc1cc2c(cc1Sc1ccc(F)cc1)C(=O)CC2,'=',nM,1000.0
CC1(C)Cc2c(-c3ccccc3)c(-c3ccc(Cl)cc3)c(CC(=O)O)n2C1,'=',nM,370.0
Cc1cnc2c(-c3ccc(F)cc3)c(-c3ccc(S(C)(=O)=O)cc3)nn2c1,'=',nM,267.0
CCOC(=O)[C@H](OCc1cnnn1[C@@H](CO)C(=O)OC)[C@@H](OCc1cnnn1[C@@H](CO)C(=O)OC)C(=O)OCC,'=',nM,400.0
NS(=O)(=O)c1ccc(-n2nc(C(F)(F)F)c(O)c2-c2ccccc2)cc1,'=',nM,3580.0
COC(=O)c1ccccc1Nc1c(Cl)ccc(C)c1Cl,'=',nM,4000.0
CC(=O)Oc1ccccc1C(=O)OCCn1c2ccccc2c(=O)c2ccccc21,'=',nM,21200.0
CC(=O)n1nc(-c2ccc(Cl)cc2)cc1-c1cn(-c2ccccc2)nc1-c1ccc(OCc2ccccc2)cc1,'=',nM,2790.0
Cc1cc(S(F)(F)(F)(F)F)cc2c1OC(C(F)(F)F)C(C(=O)O)=C2,'=',nM,26.0
Cc1ccc(-c2c(-c3ccc(S(C)(=O)=O)cc3)ccc(F)c2F)cc1C,'=',nM,22.91
CC(C)(C)c1cc(-c2csc(N=C(N)N)n2)cc2c1OCC2(C)C,'=',nM,9000.0
CS(=O)(=O)c1ccc(-c2c(-c3ccc(F)cc3)nn3ncccc23)cc1,'=',nM,39.0
CC(C)(C)c1cc(-c2nnc(NN)s2)cc(C(C)(C)C)c1O,'=',nM,1300.0
CS(=O)(=O)c1ccc(-c2sc3ncnn3c2-c2cc(F)cc(F)c2)cc1,'=',nM,80.0
COc1ccc(Cc2c(C)[nH]c3cc(S(C)(=O)=O)ccc23)cc1,'=',nM,270.0
O=C1COCCN1c1ccc(Nc2nc(Cl)nc(N3CCOCC3)n2)cc1,'=',nM,100000.0
COc1ccc(Nc2nc(Cl)nc(Nc3ccc(N4CCOCC4=O)cc3)n2)cc1,'=',nM,6000.0
[N-]=[N+]=NCCOc1nc(Cl)nc(Nc2ccc(N3CCOCC3=O)cc2)n1,'=',nM,75000.0
O=C(NCCOc1nc(Cl)nc(Nc2ccc(N3CCOCC3=O)cc2)n1)c1ccccc1F,'=',nM,70000.0
COC(=O)C(N)Cc1ccc(Oc2nc(Cl)nc(Nc3ccc(N4CCOCC4=O)cc3)n2)cc1,'=',nM,600.0
COc1ccc(-c2nc3cc(NC(=O)c4ccccc4C)ccc3o2)cc1OC,'=',nM,4840.0
COc1ccc(-c2nc3cc(NC(=O)c4ccc([N+](=O)[O-])cc4)ccc3o2)cc1OC,'=',nM,160.0
COc1cc(OC)cc(C(=O)Nc2ccc3oc(-c4ccc(OC)c(OC)c4)nc3c2)c1,'=',nM,440.0
Cc1cc(=O)c(-c2ccc(Cl)cc2F)c(-c2ccc(S(C)(=O)=O)cc2)o1,'=',nM,2050.22
CS(=O)(=O)c1ccc(-c2ccc(F)c(F)c2-c2ccc3c(c2)OCCO3)cc1,'=',nM,338.84
CC(C)Oc1ccc2c(-c3ccc(S(C)(=O)=O)cc3)c(-c3ccc(F)cc3)nn2n1,'=',nM,57.0
Cc1cc(C)c2c(=O)n(CCCC(=O)N3CCN(c4ccccc4)CC3)sc2n1,'=',nM,459000.0
COc1ccc(-c2cc(C(F)(F)F)nn2-c2ccc(S(C)(=O)=O)c(CO)c2)cc1,'=',nM,3200.0
CC(C)Cc1ccc(C(C)C(=O)O)cc1,'=',nM,4300.0
C/C(=C/CC/C(C)=C/CC[C@]1(C(=O)O)CC(=O)c2cc(O)ccc2O1)C(=O)O,'=',nM,1050.0
C/C(=C/CC/C(C)=C/CC/C(=C/C(=O)c1cc(O)ccc1O)C(=O)O)CO,'=',nM,3470.0
CS(=O)(=O)c1ccc(-n2cc(C(F)(F)F)nc2-c2cccnc2)cc1,'=',nM,1850.0
O=C(O)Cc1ccccc1-c1ccn(C(F)F)c(=O)c1,'=',nM,860.0
[2H]C([2H])([18F])Oc1nc(-c2ccc(OC)cc2)n(-c2ccc(OC)cc2)n1,'=',nM,840.0
CS(=O)(=O)Nc1ccncc1NC1CCCCC1.Cl.O,'=',nM,2440.0
CCOC(=O)[C@H](O)[C@@H](OCc1cnnn1[C@@H](CO)C(=O)OC)C(=O)OCC,'=',nM,40000.0
CS(=O)(=O)c1ccc(N2N=C(C(F)(F)F)CC2c2ccc3ccccc3c2)cc1,'=',nM,17810.0
CC1(Cn2ncc(-c3ccc(S(C)(=O)=O)cc3)c(-c3ccc(F)cc3)c2=O)CC1,'=',nM,200.0
CS(=O)(=O)c1ccc2c(c1)S(=O)(=O)N=S2c1ccc(Br)cc1,'=',nM,1800.0
Cc1ccccc1-n1c(-c2ccc(S(N)(=O)=O)cc2)coc1=O,'=',nM,9705.1
CCOC(=O)CCc1cc(-c2ccc(S(C)(=O)=O)cc2)c(-c2ccc(F)cc2)s1,'=',nM,130000.0
Cc1ccccc1-c1cc(C(F)(F)F)nn1-c1ccc(S(N)(=O)=O)cc1,'=',nM,69.18
NS(=O)(=O)c1ccc(-n2cc(C(F)(F)F)nc2-c2cccc(Cl)c2)cc1,'=',nM,7.943
COc1ccc2cc(C(C)c3nc4s/c(=C\c5cccc6ccccc56)c(=O)n4n3)ccc2c1,'=',nM,68200.0
COc1ccc(-c2nc(NCc3ccccc3)sc2-c2ccc(S(N)(=O)=O)cc2)cc1F,'=',nM,59.0
Cc1cc(=O)c(-c2ccccc2)c(-c2ccc(S(N)(=O)=O)cc2)o1,'=',nM,6889.7
NS(=O)(=O)c1ccc(-c2coc(=O)n2-c2ccc(Cl)cc2)cc1,'=',nM,1199.5
CCOc1ccc2c(-c3ccc(S(C)(=O)=O)cc3)c(-c3ccc(F)cc3)nn2n1,'=',nM,43.0
NS(=O)(=O)c1ccc(-c2cc(F)c(F)cc2-c2ccc3c(c2)OCCO3)cc1,'=',nM,32.36
COc1c(Cl)cc(-c2c(Cl)ncn2-c2ccc(S(C)(=O)=O)cc2)cc1Cl,'=',nM,7.0
NS(=O)(=O)c1ccc(-n2nc(C(F)F)cc2-c2ccc(Cl)cc2)cc1,'=',nM,10.0
CS(=O)(=O)c1ccc(C2=C(c3ccc(CO)cc3)CCC2)cc1,'=',nM,3235.94
CCCOc1ccc(-c2c(Cl)ncn2-c2ccc(S(C)(=O)=O)cc2)cc1,'=',nM,10000.0
CS(=O)(=O)c1ccc(-n2cnc(Cl)c2-c2cc(F)cc(F)c2)cc1,'=',nM,75.0
CS(=O)(=O)c1ccc(-n2cc(C(F)(F)F)nc2-c2cccc(N)c2)cc1,'=',nM,5888.44
NS(=O)(=O)c1ccc(-n2cc(C(F)(F)F)nc2-c2ccccc2)cc1,'=',nM,39.81
N#CCc1cc(-c2ccc(Cl)cc2)n(-c2ccc(S(N)(=O)=O)cc2)n1,'=',nM,120.23
COc1ccc(-c2cc(F)c(F)cc2-c2ccc(S(N)(=O)=O)cc2)cc1Cl,'=',nM,12.88
Cc1ccc(-c2cc(F)c(F)cc2-c2ccc(S(N)(=O)=O)cc2)cc1Cl,'=',nM,3.02
CS(=O)(=O)c1ccc(-n2cnc(Cl)c2-c2cnccc2Cl)cc1,'=',nM,43.0
COc1c(Cl)cc(-c2nc(C(F)(F)F)cn2-c2ccc(S(C)(=O)=O)cc2)cc1Cl,'=',nM,141.25
O=C(NNc1ccc(Cl)cc1)c1ccccc1,'=',nM,530.0
Cc1cc(-c2ccc(NS(C)(=O)=O)cc2)n(-c2ccc(Cl)cc2)n1,'=',nM,265.0
COc1ccc(C2=C(c3ccc(S(N)(=O)=O)cc3)CCC2)cc1F,'=',nM,15.85
CS(=O)(=O)c1ccc(-c2cnc(Cl)n2-c2ccc(F)cc2)cc1,'=',nM,14.0
Cc1ccc(-c2c(-c3ccc(S(C)(=O)=O)cc3)ccc(F)c2F)cc1Cl,'=',nM,12.88
CC(=O)c1cc(-c2ccc(S(C)(=O)=O)cc2)n(-c2ccc(F)cc2)c1C,'=',nM,1621.81
Cc1ccnc(-c2nc(C(F)(F)F)cn2-c2ccc(S(C)(=O)=O)cc2)c1,'=',nM,524.81
Cc1ccc(-c2cc(F)c(F)cc2-c2ccc(S(C)(=O)=O)cc2)cc1,'=',nM,7.079
CC[C@@H](CO)NC(=O)Cc1c(C)n(C(=O)c2ccc(Cl)cc2)c2ccc(OC)cc12,'=',nM,280.0
NS(=O)(=O)c1ccc(C2=C(c3ccc(F)c(Cl)c3)CC3(CC3)C2)cc1,'=',nM,1.514
COc1c(Cl)cc(C2=C(c3ccc(S(N)(=O)=O)cc3)CC3(CC3)C2)cc1Cl,'=',nM,3.981
CS(=O)(=O)c1ccc(C2=CC3(C=C2c2ccc(F)cc2)CC3)cc1,'=',nM,25.7
NS(=O)(=O)c1ccc(-c2ccccc2-c2ccc(F)c(Cl)c2)cc1,'=',nM,16.98
CS(=O)(=O)c1ccc(-c2ccc3c(c2-c2ccc(F)cc2)OCO3)cc1,'=',nM,83.18
Cc1[nH]c2cc(S(C)(=O)=O)ccc2c1Cc1ccc(Cl)cc1,'=',nM,260.0
O=C(O)C1=Cc2cc(OC(F)(F)F)ccc2OC1C(F)(F)F,'=',nM,29.0
N#Cc1ccc2c(c1)C=C(C(=O)O)C(C(F)(F)F)O2,'=',nM,110.0
CCCc1cc(OC(F)(F)F)cc2c1OC(C(F)(F)F)C(C(=O)O)=C2,'=',nM,43.0
CSc1ccc(C2=C(c3ccc(S(C)(=O)=O)cc3)CCC2)cc1,'=',nM,218.78
CS(=O)(=O)c1ccc(-n2cnc(Cl)c2-c2ccc(F)cc2F)cc1,'=',nM,7.0
CCOc1ccc(-c2c(Cl)ncn2-c2ccc(S(N)(=O)=O)cc2)cc1F,'=',nM,20.0
NS(=O)(=O)c1ccc(-n2nc(C(F)(F)F)c(Cl)c2-c2ccc(Cl)cc2)cc1,'=',nM,5.248
Cc1ccccc1-c1nc(C(F)(F)F)cn1-c1ccc(S(N)(=O)=O)cc1,'=',nM,199.53
COc1cc(/C=C/c2cc(/C=C/c3ccc(O)cc3)[nH]n2)ccc1O,'=',nM,15450.0
Cc1ccc(-c2nc(C(F)(F)F)cn2-c2ccc(S(C)(=O)=O)cc2)nc1,'=',nM,1288.25
Cc1nc(-c2ccccc2)c(-c2ccc(S(C)(=O)=O)cc2)o1,'=',nM,90.0
CC1(C)OC(=O)C(Oc2ccc(Cl)cn2)=C1c1ccc(S(C)(=O)=O)cc1,'=',nM,20.0
Cc1c(C(=O)/C(Cl)=N/O)cnn1-c1ccccc1,'=',nM,2330.0
CS(=O)(=O)c1ccc(-c2cc3c(cc2C(=O)c2cccc(F)c2)OCO3)cc1,'=',nM,1000.0
Cc1c(Cl)ccc2c1C=C(C(=O)O)C(C(F)(F)F)O2,'=',nM,120.0
CC(C)N(c1cc2c(cc1Cl)C=C(C(=O)O)C(C(F)(F)F)O2)C(C)C,'=',nM,100000.0
CC1CCCC(C)N1Cc1cc2c(cc1Cl)C=C(C(=O)O)C(C(F)(F)F)O2,'=',nM,62200.0
NS(=O)(=O)c1ccc(-n2nc(C(=O)N/N=C/c3c(Cl)c4ccccc4oc3=O)cc2-c2ccccc2O)cc1,'=',nM,7570.0
CC(C)=CCn1ncc(-c2ccc(S(C)(=O)=O)cc2)c(-c2ccc(F)cc2)c1=O,'=',nM,100.0
CC(C1CC1)n1ncc(-c2ccc(S(C)(=O)=O)cc2)c(-c2ccc(F)cc2)c1=O,'=',nM,200.0
Cc1cc(=O)c(Oc2ccc(Cl)cc2F)c(-c2ccc([S+](C)[O-])cc2)o1,'=',nM,670.0
CC1(C)OC(=O)C(Oc2ncccn2)=C1c1ccc(S(C)(=O)=O)cc1,'=',nM,620.0
Cc1cc(=O)c(Oc2ccc(F)cc2F)c(-c2ccc([S@+](C)[O-])cc2)o1,'=',nM,270.0
Cc1cc(=O)c(Oc2ccc(Cl)cc2F)c(-c2ccc(S(C)(=O)=O)cc2)o1,'=',nM,200.0
COc1cccc(-c2nc(C(F)(F)F)cn2-c2ccc(S(C)(=O)=O)cc2)c1,'=',nM,350.0
CCCCC(Sc1nc(OCCC2CCCCC2)cc(OCCC2CCCCC2)n1)C(=O)O,'=',nM,10900.0
CS(=O)(=O)c1ccc(-c2cc(CC#N)sc2-c2ccc(F)cc2)cc1,'=',nM,49000.0
CSc1ccc(-c2nc(C(F)(F)F)cn2-c2ccc(S(C)(=O)=O)cc2)cc1,'=',nM,160.0
COc1ccc2c(c1)c(CC(=O)NOCCCO)c(C)n2C(=O)c1ccc(Cl)cc1,'=',nM,700.0
Cc1cc(=O)c(-c2ccc(C(F)(F)F)cc2)c(-c2ccc(S(C)(=O)=O)cc2)o1,'=',nM,6920.0
NS(=O)(=O)c1ccc(-n2cc(C(F)(F)F)nc2-c2ccccc2F)cc1,'=',nM,100.0
NS(=O)(=O)c1ccc(-c2coc(=O)n2C2CCCCC2)cc1,'=',nM,18879.91
Cc1nc(-c2ccc(S(C)(=O)=O)cc2)c(-c2ccc(F)cc2)s1,'=',nM,310.0
CCc1cc(S(F)(F)(F)(F)F)cc2c1OC(C(F)(F)F)C(C(=O)O)=C2,'=',nM,60.0
CS(=O)(=O)c1ccc(-c2cnc(CCc3ccccc3)nc2-c2ccc(F)cc2)cc1,'=',nM,5263.0
C[C@]1(O)CCC[C@H]1Oc1ncc(C(F)(F)F)cc1-c1ccc(S(C)(=O)=O)cc1,'=',nM,1400.0
COc1ccc2c(c1)c(CC(=O)OCCc1ccccc1)c(C)n2C(=O)c1ccc(Cl)cc1,'=',nM,50.0
OC[C@H]1C[C@](O)(c2ccc(Cl)cc2)[C@@H](c2ccc(Cl)cc2)O1,'=',nM,3000.0
CS(=O)(=O)c1ccc(C2=C(c3cccnc3)C(=O)CC2)cc1,'=',nM,170.0
CS(=O)(=O)c1ccc(-c2cc(CO[N+](=O)[O-])nn2C2CCCCC2)cc1,'=',nM,400.0
Cc1c(CC(=O)NCCCO[N+](=O)[O-])c2cc(OS(N)(=O)=O)ccc2n1C(=O)c1ccc(Cl)cc1,'=',nM,26300.0
NS(=O)(=O)c1ccc(-n2cnc(Cl)c2-c2ccc(Cl)nc2)cc1,'=',nM,42.0
COc1ccc(-c2c(-c3ccc(S(N)(=O)=O)cc3)oc3ccccc23)cc1F,'=',nM,5.0
O=C(CCn1sc2ccccc2c1=O)N1CCN(c2cccc(Cl)c2)CC1,'=',nM,129900.0
Cc1ccc(Cl)c(Nc2ccccc2C(=O)NCCc2ccccc2)c1Cl,'=',nM,4000.0
CN(C)c1ccc(-c2nc(C(F)(F)F)cn2-c2ccc(S(C)(=O)=O)cc2)cc1,'=',nM,700.0
COc1cc(-c2nc(C(F)(F)F)cn2-c2ccc(S(C)(=O)=O)cc2)ccc1Cl,'=',nM,250.0
COc1cc(C)c(-c2nc(C(F)(F)F)cn2-c2ccc(S(C)(=O)=O)cc2)cc1C,'=',nM,12200.0
C=C1C(=O)O[C@H]2[C@H]1[C@H](OC(=O)[C@]1(C)O[C@@H]1C)[C@@H](OC(C)=O)/C(C(=O)O)=C\[C@H]1O[C@H]1[C@]1(C)O[C@H]21,'=',nM,400.0
COc1ccc(-c2nc(NCC(=O)N3CCN(C)CC3)sc2-c2ccc(OC)cc2)cc1,'=',nM,7950.0
COc1ccc(C2=C(c3ccc(S(N)(=O)=O)cc3)CC3(CC3)C2)cc1F,'=',nM,2.0
Cc1nc(-c2ccc(F)cc2)c(-c2ccc(S(N)(=O)=O)cc2)o1,'=',nM,20.0
Cc1c(C(=O)N2CCCCC2)nc2ccc(Cl)cc2c1O,'=',nM,3140.0
CCCCC(=C(c1ccccc1)c1ccccc1)c1ccc(S(C)(=O)=O)cc1,'=',nM,2700.0
CCCCCCNC(=O)Oc1cccc(-c2ccc(C(C)C(=O)O)cc2O)c1,'=',nM,13000.0
Cc1ccc(-c2cc(CO[N+](=O)[O-])nn2-c2ccc(S(N)(=O)=O)cc2)cc1,'=',nM,890.0
CN(C)c1ccc(-c2cc(C(F)(F)F)nn2-c2ccc(S(N)(=O)=O)cc2)cc1F,'=',nM,5.7
CS(=O)(=O)c1ccc(-c2cc(Br)sc2-c2ccc(F)cc2)cc1,'=',nM,40.0
CCCCC[C@H](O)CC(=O)CCc1ccc(O)c(OC)c1,'=',nM,125000.0
CS(=O)(=O)c1ccc(-c2c(Br)sc(Br)c2-c2ccc(F)cc2)cc1,'=',nM,700.0
CC1(C)OC(=O)C(Oc2ccc3ccccc3n2)=C1c1ccc(S(C)(=O)=O)cc1,'=',nM,330.0
CC(C)(C)c1cc(-c2nnc(NC#N)o2)cc(C(C)(C)C)c1O,'=',nM,11000.0
CC(C)(C)c1cc(-c2nnc(S)o2)cc(C(C)(C)C)c1O,'=',nM,47000.0
O=C(COc1cc(O)c2c(=O)cc(-c3ccccc3)oc2c1)OCc1cc(-c2ccccc2)n(-c2ccccc2)n1,'=',nM,2200.0
COc1ccc2c(c1)c(Cc1nc(-c3ccc([N+](=O)[O-])cc3)cs1)c(C)n2C(=O)c1ccc(Cl)cc1,'=',nM,12.0
Cc1cccc(-c2cc(COC(=O)COc3cc(O)c4c(=O)cc(-c5ccccc5)oc4c3)nn2-c2ccccc2)c1,'=',nM,1360.0
O=C(COc1cc(O)c2c(=O)cc(-c3ccccc3)oc2c1)OCc1cc(-c2cccc([N+](=O)[O-])c2)n(-c2ccccc2)n1,'=',nM,5940.0
CS(=O)(=O)c1ccc(NC(=O)NNC(=S)Nc2ccccc2)cc1,'=',nM,12800.0
NC(=O)N1N=C(c2ccccc2)CC1c1cn(-c2ccccc2)nc1-c1ccccc1,'=',nM,1090.0
CCOP(=O)(OCC)C(NC(=O)c1cc(-c2ccc(OC)cc2)n(-c2ccc(S(N)(=O)=O)cc2)n1)c1ccc(Br)cc1,'=',nM,280.0
CS(=O)(=O)c1ccc(-c2[nH]c(SC#N)cc2-c2ccc(F)cc2)cc1,'=',nM,72000.0
CCOP(=O)(OCC)C(NC(=O)c1cc(-c2cccs2)n(-c2ccc(S(N)(=O)=O)cc2)n1)c1ccc(Cl)cc1,'=',nM,220.0
CCOP(=O)(OCC)C(NC(=O)c1cc(-c2ccc(C(F)(F)F)cc2)n(-c2ccc(S(N)(=O)=O)cc2)n1)c1ccc(Br)cc1,'=',nM,280.0
C[C@H]1C(Cn2ncc(-c3ccc(S(C)(=O)=O)cc3)c(-c3ccc(F)cc3)c2=O)[C@@H]1C,'=',nM,700.0
CS(=O)(=O)c1ccc(-c2cc(N)ccc2-c2ccccc2)cc1,'=',nM,194000.0
CS(=O)(=O)c1ccc(C2=C(c3ccc4c(c3)OCO4)CC3(CC3)C2)cc1,'=',nM,2.5
CCCC/C=C/CSc1ccccc1OC(C)=O,'=',nM,11000.0
CS(=O)(=O)c1ccc(-n2cc(C(F)(F)F)nc2-c2ccc3c(c2)OCO3)cc1,'=',nM,280.0
COc1c(Cl)cc(-c2c(-c3ccc(S(N)(=O)=O)cc3)ccc(F)c2F)cc1Cl,'=',nM,20.89
COc1ccc(-c2c(-c3ccc(S(C)(=O)=O)cc3)ccc(F)c2F)cc1OC,'=',nM,338.84
NS(=O)(=O)c1ccc(-c2ccc(F)c(F)c2-c2ccc3c(c2)OCO3)cc1,'=',nM,3.981
CC1(C)CC1Cn1ncc(-c2ccc(S(C)(=O)=O)cc2)c(-c2ccc(F)cc2)c1=O,'=',nM,30.0
CS(=O)(=O)Nc1ccncc1Oc1cccc(Cl)c1,'=',nM,1990.0
CS(=O)(=O)c1ccc(-c2cnn(Cc3ccccc3)c(=O)c2Oc2ccc(Cl)cn2)cc1,'=',nM,900.0
COc1cc(F)cc(OCc2cc(-c3ccccc3)n(-c3ccc(S(C)(=O)=O)cc3)n2)c1,'=',nM,310.0
COc1cc2c(cc1F)-c1c(c(C(F)F)nn1-c1ccc(S(N)(=O)=O)cc1)SC2,'=',nM,32.0
CCC1CCCCN1C(=O)/C=C/c1c(/C=C/c2ccc(OC)cc2)cc(OC)cc1OC,'=',nM,10280.0
CN(c1ccccc1Oc1ccc(OCCN2CCCC2)cc1)S(C)(=O)=O,'=',nM,92000.0
COc1ccc(C2=C(c3ccc(S(C)(=O)=O)cc3)CC3(CC3)C2)cc1Cl,'=',nM,16.98
CS(=O)(=O)c1ccc(-c2sc(Br)cc2-c2ccc(F)cc2)cc1,'=',nM,20.0
Cc1ccncc1-c1cc(F)c(F)cc1-c1ccc(S(C)(=O)=O)cc1,'=',nM,169.82
CCCC#CCCSc1ccccc1OC(C)=O,'=',nM,6500.0
Clc1ccc(-c2nn(-c3ccccc3)c3c2CCCCC3)cc1,'=',nM,140.0
Clc1ccc(-c2nn(-c3ccc(Cl)cc3)c3c2CCCCC3)cc1,'=',nM,10000.0
COc1ccc(-c2nc(C(F)(F)F)cn2-c2ccc(S(C)(=O)=O)cc2)cc1Cl,'=',nM,128.82
CSc1nnc(-c2cc(C(C)(C)C)c(O)c(C(C)(C)C)c2)s1,'=',nM,150.0
COc1ccc(C2=C(c3ccc(S(C)(=O)=O)cc3)CC3(CC3)C2)cc1,'=',nM,5.012
c1cnc(Oc2ccc(OCCN3CCCC3)cc2)cn1,'=',nM,61600.0
Cc1ccc(-c2c(Cl)ncn2-c2ccc(S(N)(=O)=O)cc2)cc1,'=',nM,3.0
CCCCCSc1ccccc1OC(C)=O,'=',nM,5000.0
CC(=O)Oc1ccccc1SCCCCCCBr,'=',nM,12000.0
C[C@H](C(=O)O)c1ccc(C[C@H]2CCC[C@@H]2O)cc1,'=',nM,390.0
CC(=O)Oc1ccccc1SCCCCCC(=O)O,'=',nM,50000.0
CS(=O)(=O)c1ccc(-n2cc(C(F)(F)F)nc2-c2ccc(Cl)cc2)cc1,'=',nM,109.65
Cc1ccc(-c2nc(C(F)(F)F)cn2-c2ccc(S(N)(=O)=O)cc2)cc1Cl,'=',nM,3.02
COc1cc(F)cc(-c2nc(C(F)(F)F)cn2-c2ccc(S(C)(=O)=O)cc2)c1,'=',nM,954.99
CS(=O)(=O)c1ccc(C2=C(c3ccc(OC(F)(F)F)cc3)CC3(CC3)C2)cc1,'=',nM,134.9
CS(=O)(=O)c1ccc(-c2cc(F)c(F)cc2-c2ccc(F)cc2)cc1,'=',nM,14.13
CS(=O)(=O)c1ccc(-n2cc(C(F)(F)F)nc2-c2ccccn2)cc1,'=',nM,1513.56
NS(=O)(=O)c1ccc(-n2nc(C(F)(F)F)cc2-c2ccc3c(c2)CCO3)cc1,'=',nM,20.89
CC(=O)OC[C@@H]1O[C@@H](n2cc(CNC(=O)C(=O)c3cn(S(=O)(=O)c4ccc(C)cc4)c4ccccc34)nn2)[C@H](OC(C)=O)[C@@H](OC(C)=O)[C@H]1OC(C)=O,'=',nM,120.0
C=C1CCCC2C1(C)CCC(C)C2(C)CCC1=CC(=O)OC1O,'=',nM,8.49
CCOC(=O)c1cn(-c2ccc(S(C)(=O)=O)cc2)c(-c2ccc(Cl)cc2)n1,'=',nM,5754.4
CNc1ccc(-c2cc(C(F)(F)F)nn2-c2ccc(S(N)(=O)=O)cc2)cc1,'=',nM,15.85
CC1Cc2cc(-c3c(Cl)ncn3-c3ccc(S(C)(=O)=O)cc3)ccc2O1,'=',nM,74.0
CNc1cccc(-c2nc(C(F)(F)F)cn2-c2ccc(S(C)(=O)=O)cc2)c1,'=',nM,912.01
COc1ccc(-c2ccccc2-c2ccc(S(N)(=O)=O)cc2)cc1Cl,'=',nM,19.05
COCc1ccc(C2=C(c3ccc(S(C)(=O)=O)cc3)CCC2)cc1,'=',nM,6606.93
NS(=O)(=O)c1ccc(C2=C(c3ccc(C(F)(F)F)c(F)c3)CCC2)cc1,'=',nM,169.82
CS(=O)(=O)c1ccc(-c2cnn(CC3CC3)c(=O)c2-c2ccc(F)cc2)cc1,'=',nM,1700.0
CC(C)Oc1c(-c2ccc(S(C)(=O)=O)cc2)cnn(Cc2ccccc2)c1=O,'=',nM,20.0
CCOC(=O)Cc1c(C)n(C(=O)c2ccc(Cl)cc2)c2ccc(OC)cc12,'=',nM,100.0
COc1ccc2c(c1)c(CC(=O)Nc1ccc(F)cc1)c(C)n2C(=O)c1ccc(Cl)cc1,'=',nM,60.0
NS(=O)(=O)c1ccc(-n2cc(C(F)(F)F)nc2-c2ccc(F)cc2)cc1,'=',nM,10.0
Cc1ccc(Sc2cc3c(cc2NS(C)(=O)=O)CCC3=O)cc1,'=',nM,50.0
O=c1c2ccccc2n(CCOS(=O)(=O)c2ccc(C(F)(F)F)cc2)c2ccccc12,'=',nM,590.0
Fc1ccc(-c2[nH]c(-c3ccc(F)cc3)c3c2C2CCC3CC2)cc1,'=',nM,0.12
CS(=O)(=O)c1ccc(C2=C(c3ccccc3)C(=O)N(c3ccccc3F)C2)cc1,'=',nM,900.0
CNS(=O)(=O)c1ccc(-c2oc(C)nc2C2CCCCC2)cc1,'=',nM,3100.0
C[C@H](CO)Sc1ncc(C(F)(F)F)cc1-c1ccc(S(C)(=O)=O)cc1,'=',nM,140.0
CS(=O)(=O)Nc1cc2c(cc1Sc1ccccn1)C(=O)CC2,'=',nM,500.0
CS(=O)(=O)c1ccc(-c2cccn2-c2ccc(F)cc2)cc1,'=',nM,10200.0
COc1ccc(-c2ccc(CCC(=O)O)n2-c2ccc(C(C)=O)cc2)cc1,'=',nM,2400.0
COc1ccc(-n2nc(C(F)(F)F)cc2-c2ccc(S(N)(=O)=O)cc2)cc1,'=',nM,6.7
CCCCCCSc1ccccc1OC(C)=O,'=',nM,3500.0
Cc1ccc(-c2c(Cl)ncn2-c2ccc(S(C)(=O)=O)cc2)cc1,'=',nM,16.0
CSc1ccc(-c2cscc2-c2ccc(S(C)(=O)=O)cc2)cc1,'=',nM,6000.0
CN(C)c1c(Cl)cc(-c2nc(C(F)(F)F)cn2-c2ccc(S(C)(=O)=O)cc2)cc1Cl,'=',nM,141.25
CS(=O)(=O)c1ccc(-n2cnc(Cl)c2-c2ccc(N)cc2)cc1,'=',nM,187.0
NS(=O)(=O)c1ccc(-n2nc(C(F)(F)F)cc2-c2ccc(Br)cc2)cc1CO,'=',nM,592.0
Cc1cnc(Sc2cc3c(cc2NS(C)(=O)=O)CCC3=O)s1,'=',nM,870.0
CSc1ccc(Oc2cc3c(cc2NS(C)(=O)=O)CCC3=O)cc1,'=',nM,100.0
Cc1ccc(-c2ncc(Cl)cc2-c2ccc(S(N)(=O)=O)cc2)cn1,'=',nM,23.0
NS(=O)(=O)c1ccc(-c2ccccc2-c2ccc(Cl)cc2)cc1,'=',nM,6.0
CS(=O)(=O)c1ccc(-c2sc3nncn3c2-c2ccccc2)cc1,'=',nM,450.0
CS(=O)(=O)Nc1cc2c(cc1Sc1ccc(F)cc1F)C(=O)CC2,'=',nM,29.0
COc1ccc2c(c1)c(CC(=O)N[C@H](CO)c1ccccc1)c(C)n2C(=O)c1ccc(Cl)cc1,'=',nM,85.0
COc1ccc2c(c1)c(CC(=O)NC(C)(C)CO)c(C)n2C(=O)c1ccc(Cl)cc1,'=',nM,190.0
O=C(O)/C=C/c1ccc2c(c1)O[C@@H](C(=O)O)[C@@H](c1ccc(O)c(O)c1)O2,'=',nM,52600.0
NS(=O)(=O)c1ccc(-n2cc(C(F)F)nc2-c2cccnc2)cc1,'=',nM,1819.7
Cc1cc(-c2cc(F)c(F)cc2-c2ccc(S(N)(=O)=O)cc2)ccc1Cl,'=',nM,3.02
CS(=O)(=O)c1ccc(C2=C(c3ccc(F)cc3F)CC3(CC3)C2)cc1,'=',nM,21.88
CS(=O)(=O)c1ccc(-c2sc(-c3ccccc3Cl)nc2-c2cccc(F)c2)cc1,'=',nM,16.0
NS(=O)(=O)c1ccc(-c2[nH]c3ccc(Cl)cc3c2-c2cccc(Cl)c2)cc1,'=',nM,3.13
Cc1ccc2[nH]c(-c3ccc(S(C)(=O)=O)cc3)c(-c3ccccc3)c2c1,'=',nM,0.28
Cc1ccc2[nH]c(-c3ccc(S(N)(=O)=O)cc3)c(-c3ccccc3)c2c1,'=',nM,0.02
CS(=O)(=O)c1ccc(-c2[nH]c3ccc(Cl)cc3c2-c2ccc(Cl)cc2)cc1,'=',nM,85.1
Cc1ccc(-c2c(-c3ccc(S(C)(=O)=O)cc3)[nH]c3ccccc23)cc1,'=',nM,0.09
NS(=O)(=O)c1ccc(-c2[nH]c3ccccc3c2-c2ccc(O)cc2)cc1,'=',nM,6.442
CS(=O)(=O)c1ccc(-c2[nH]c3ccccc3c2-c2ccc(Br)cc2)cc1,'=',nM,0.3698
CC(C(=O)O)c1ccc(CC2CCCC2O)cc1,'=',nM,22000.0
Cc1cc2ccn(C)c2c(C(=O)OCC(F)(F)F)c1O,'=',nM,187500.0
Cc1ccc(-c2c(-c3ccc(S(C)(=O)=O)cc3)cnn(Cc3ccccc3)c2=O)cc1,'=',nM,20.0
CS(=O)(=O)c1ccc(-c2sc(-c3ccccc3Cl)nc2-c2ccsc2)cc1,'=',nM,79.0
CS(=O)(=O)c1ccc(-c2cc(Cl)cnc2-c2ccc(C(=O)O)nc2)cc1,'=',nM,21000.0
CS(=O)(=O)c1ccc(-c2sc(-c3ccc(Cl)cc3)nc2-c2ccc(F)cc2)cc1,'=',nM,50.0
CC(C(=O)O)c1cc(C(=O)c2ccccc2)ccc1O,'=',nM,300.0
COc1ccc(-c2cn[se]c2-c2ccc(OC)cc2)cc1,'=',nM,8000.0
Cc1ccc(-c2nc(C(F)(F)F)cn2-c2ccc(S(C)(=O)=O)cc2)cc1F,'=',nM,110.0
CS(=O)(=O)c1ccc(-c2cc(C(F)(F)F)nn2-c2ccc(F)cc2)cc1,'=',nM,1200.0
CCC(C)C(=O)O[C@@]12[C@H](OC(=O)c3ccccc3)[C@@H](C)[C@@]3(O)[C@@H](C=C(CO)C[C@]4(O)C(=O)C(C)=C[C@@H]34)[C@@H]1C2(C)C,'=',nM,8500.0
CS(=O)(=O)c1ccc(-c2[se]ncc2-c2ccc(F)cc2)cc1,'=',nM,600.0
COc1ccc(-c2[se]ncc2-c2ccc(C)cc2)cc1,'=',nM,0.0
CO[C@@]1(c2ccc(O)c(O)c2)Oc2cc(CCO)ccc2O[C@@H]1O,'=',nM,17800.0
CCO[C@@]1(c2ccc(O)c(O)c2)Oc2ccc(CCO)cc2O[C@@H]1O,'=',nM,2520.0
COc1ccc(-c2nc(C(F)(F)F)cn2-c2ccc(S(N)(=O)=O)cc2)cc1Cl,'=',nM,20.0
COc1ccc(C2=C(c3ccc(S(C)(=O)=O)cc3)CN(c3cccc(F)c3)C2=O)cc1,'=',nM,280.0
CS(=O)(=O)c1ccc(C2=C(c3ccc(O)cc3)C(=O)OC2)cc1,'=',nM,4800.0
CCCCCCCCCCCCCCCc1cccc(OC)c1CSc1nc2ccccc2o1,'=',nM,2770.0
Cc1cc(=O)c(-c2ccc3ccccc3c2)c(-c2ccc(S(C)(=O)=O)cc2)o1,'=',nM,2590.0
CCCCC#CCOC(=O)Cc1c(C)n(C(=O)c2ccc(Cl)cc2)c2ccc(OC)cc12,'=',nM,250.0
CS(=O)(=O)c1ccc(C2=C(c3ccc(F)cc3)C(=O)N(c3ccccc3F)C2)cc1,'=',nM,320.0
Cc1cc(=O)c(Cc2ccccc2)c(-c2ccc(S(C)(=O)=O)cc2)o1,'=',nM,6400.0
Cc1cc(=O)c(C2CCCCC2)c(-c2ccc(S(C)(=O)=O)cc2)o1,'=',nM,1470.0
CC(C)Cc1ccc(C(C)C(=O)n2c3ccccc3c(=O)c3ccccc32)cc1,'=',nM,1800.0
NS(=O)(=O)c1ccc(N2N=C3c4ccccc4OCC3C2c2c(F)cccc2Cl)cc1,'=',nM,16270.0
Cc1cccc(-c2c(-c3ccc(S(C)(=O)=O)cc3)sc3nc(C(F)(F)F)nn23)c1,'=',nM,3019951.72
CS(=O)(=O)c1ccc(-c2sc3ncnn3c2-c2cccc(F)c2)cc1,'=',nM,21877616.24
CC(=O)NCCc1ccc2c(c1)O[C@H](NC(C)=O)[C@@H](c1ccc(O)c(O)c1)O2,'=',nM,2600.0
CCO[C@]1(c2ccc(O)c(O)c2)Oc2cc(CCO)ccc2O[C@H]1O,'=',nM,8600.0
CC(=O)Oc1ccccc1C(=O)O,'=',nM,2400.0
NS(=O)(=O)c1ccc(-n2nc(C(F)(F)F)cc2-c2ccc(F)cc2)cc1,'=',nM,41.0
NS(=O)(=O)c1ccc(N2N=C3c4ccccc4CCC3C2c2ccc(C(F)(F)F)cc2)cc1,'=',nM,18260.0
CS(=O)(=O)c1ccc(-c2cnc(C#N)n2-c2ccc(F)cc2)cc1,'=',nM,51.0
CSc1nc2ccccc2n1-c1csc(NC/C(C)=N/N=c2\scc(-c3ccc(C)cc3)n2-c2ccccc2)n1,'=',nM,54.0
CCCCOc1nc(OCC(C)(C)O)c(-c2ccc(S(C)(=O)=O)cc2)cc1CO,'=',nM,346.0
CC(C)(O)COc1nc(OCCC(F)(F)F)c(CO)cc1-c1ccc(S(C)(=O)=O)cc1,'=',nM,877.0
COc1ccc2cc(/C=N/n3c(=S)[nH]nc(Cc4ccccc4)c3=O)c(O)nc2c1,'=',nM,73.0
CS(=O)(=O)c1ccc(-c2cnn(Cc3nccs3)c(=O)c2-c2ccc(F)cc2)cc1,'=',nM,5900.0
Cc1cc(-c2ccco2)nn1S(=O)(=O)Oc1ccccc1,'=',nM,31.0
NS(=O)(=O)c1ccc(-n2nc(C(F)(F)F)cc2-c2ccccc2Cl)cc1CO,'=',nM,6300.0
CSc1ccc(-n2c(-c3ccc(S(C)(=O)=O)cc3)cc(CC(=O)OCCCO[N+](=O)[O-])c2C)cc1,'=',nM,27.0
Cc1c(CC(=O)OCCCCO[N+](=O)[O-])cc(-c2ccc(S(C)(=O)=O)cc2)n1-c1cccc(F)c1,'=',nM,69.0
Cc1c(CC(=O)NC(CCO[N+](=O)[O-])C(=O)O)cc(-c2ccc(S(C)(=O)=O)cc2)n1-c1ccc(F)cc1,'=',nM,1600.0
COc1ccc(-n2c(-c3ccc(S(C)(=O)=O)cc3)cc(CC(=O)OCCO)c2C)cc1,'=',nM,1100.0
COc1ccc2cc([C@H](C)C(=O)O)ccc2c1,'=',nM,1010000.0
COc1ccc(-c2nn(-c3ccc(S(C)(=O)=O)cc3)cc2/C=C2\SC(=O)NC2=O)cc1,'=',nM,880.0
Cc1nc(-c2ccc(F)cc2)c(-c2ccc(S(C)(=O)=O)cc2)s1,'=',nM,310.0
NS(=O)(=O)c1ccc(-n2nc(C(F)(F)F)cc2-c2ccc(F)cc2)cc1CO,'=',nM,1990.0
CC(C)(C)c1cc(-c2nnc(SCCN)s2)cc(C(C)(C)C)c1O,'=',nM,41000.0
N#Cc1c(N=Cc2cccs2)c(C(=O)Nc2ccccc2)n2c1CCC2,'=',nM,560.0
NS(=O)(=O)c1ccc(-c2cc(F)c(F)cc2-c2ccc(F)c(Cl)c2)cc1,'=',nM,2.0
COc1nnc(-c2cc(C(C)(C)C)c(O)c(C(C)(C)C)c2)s1,'=',nM,3000.0
COc1ccccc1/C=C/c1ccc(=O)n(-c2ccccc2)n1,'=',nM,89.8
CN(C)c1ccc(/C=C2\CCc3ccccc3C2=O)c([N+](=O)[O-])c1,'=',nM,27960.0
NS(=O)(=O)c1ccc(N2N=C(C(F)(F)F)CC2c2ccc3ccccc3c2)cc1,'=',nM,14580.0
NS(=O)(=O)c1ccc(-n2nc(CCCNC(=O)Nc3cccc(C(F)(F)F)c3)cc2-c2ccccc2)cc1,'=',nM,700.0
CS(=O)(=O)c1ccc(-n2nc(CCCNC(=O)Nc3cccc(C(F)(F)F)c3)cc2-c2ccccc2)cc1,'=',nM,3000.0
NS(=O)(=O)c1ccc(-n2nc(CCCNC(=O)NC3CCCCCC3)cc2-c2ccccc2)cc1,'=',nM,2000.0
COc1ccc(C2=CC3(C=C2c2ccc(S(C)(=O)=O)cc2)CC3)cc1Cl,'=',nM,27.0
CC1CN(c2ccc(S(N)(=O)=O)cc2)C(c2ccc(F)cc2)=N1,'=',nM,10000.0
CS(=O)(=O)c1ccc(C2=C(c3ccc(F)cc3)Cc3ccccc32)cc1,'=',nM,11.0
CC(C)c1nc2sc(-c3ccc(S(C)(=O)=O)cc3)c(-c3ccccc3)n2n1,'=',nM,11.0
Cc1cc(-n2cc(-c3ccc(N)cc3)nn2)n(-c2ccc(S(C)(=O)=O)cc2)n1,'=',nM,50.0
O=C(Nc1ccc(Cl)c(Cl)c1)c1cc(Cl)cc(Cl)c1O,'=',nM,542.0
CCOC(=O)Cc1cc(-c2ccc(S(N)(=O)=O)cc2)n(-c2cccc(F)c2)c1C,'=',nM,920.0
CC(C)Oc1nc(OCC(C)(C)O)c(-c2ccc(S(C)(=O)=O)cc2)cc1CO,'=',nM,4100.0
O=C(O)Cc1ccccc1Nc1c(F)cccc1C(F)(F)F,'=',nM,629.0
CSc1ccc(-n2c(-c3ccc(S(C)(=O)=O)cc3)cc(CC(=O)OCCCCO)c2C)cc1,'=',nM,55.0
Cc1c(CCOCCO)cc(-c2ccc(S(C)(=O)=O)cc2)n1-c1ccccc1,'=',nM,27.0
Cc1c(CCOCCCO)cc(-c2ccc(S(C)(=O)=O)cc2)n1-c1ccc(F)cc1,'=',nM,940.0
Cc1c(CC(=O)NC(CCO)C(=O)O)cc(-c2ccc(S(C)(=O)=O)cc2)n1-c1ccc(F)cc1,'=',nM,86.0
CC(C)[C@H](NC(=O)OCc1ccccc1)C(=O)NCC(=O)O,'=',nM,55000.0
O=C(NS(=O)(=O)c1ccccc1)c1cccc(C(=O)NS(=O)(=O)c2ccccc2)n1,'=',nM,3700.0
O=C(NS(=O)(=O)c1ccc(Br)cc1)c1cccc(C(=O)NS(=O)(=O)c2ccc(Br)cc2)n1,'=',nM,800.0
CCc1ccc(-n2c(-c3ccc(S(C)(=O)=O)cc3)coc2=O)cc1,'=',nM,690.24
CCCCCCCCCCCCCCCc1cccc(O)c1CSc1nc2cc(OC)ccc2[nH]1,'=',nM,1000.0
CCOC(=O)C1=C(C)N(CC)/C(=N\N=C(/C)c2cc3ccccc3oc2=O)C1,'=',nM,310.0
CS(=O)(=O)c1ccc(-c2cc(Cl)cnc2-c2ccncc2)cc1,'=',nM,101.0
CC(C)(C)c1cc(C(=O)CCCC2CC2)cc2c1OCC2(C)C,'=',nM,220.0
Cc1nn(-c2ccc(S(N)(=O)=O)cc2)c2c1c(O)nc1ccc([N+](=O)[O-])cc12,'=',nM,240.0
CCCCCC(=O)c1cc(C(C)(C)C)c2c(c1)C(C)(C)CO2,'=',nM,90.0
CS(=O)(=O)c1ccc(-c2c(-c3ccccc3)nc3sccn23)cc1,'=',nM,900.0
CCc1cc(-c2cc(C(F)(F)F)nn2-c2ccc(S(N)(=O)=O)cc2)ccc1OC,'=',nM,430.0
NS(=O)(=O)c1ccc(-n2nc(C(F)(F)F)cc2-c2cccnc2)cc1,'=',nM,45000.0
CC(C(=O)O)c1ccc(-c2ccn(C(F)F)c(=O)c2)cc1,'=',nM,2400.0
O=[N+]([O-])c1ccc2c(c1)S(=O)(=O)N=S2c1ccc(Br)cc1,'=',nM,1700.0
CCn1c(Cn2nc(Cc3ccc(OC)cc3)c3onc(C)c3c2=O)n[nH]c1=S,'=',nM,2200.0
Cc1ccc(C(=Cc2ccc(S(C)(=O)=O)cc2)c2ccc(C)cc2)cc1,'=',nM,31600.0
CC/C(=C(\c1ccccc1)c1ccc(S(C)(=O)=O)cc1)c1cc(C(C)(C)C)c(O)c(C(C)(C)C)c1,'=',nM,32000.0
O=C(O)/C=C\C(=O)NNC(=O)CNc1ncnc2sc3c(c12)CCCC3,'=',nM,450.0
CCOC(=O)Cn1nncc1CO[C@@H](C(=O)OCC)[C@@H](OCc1cnnn1CC(=O)OCC)C(=O)OCC,'=',nM,100.0
COc1ccc(C(=O)c2ccccc2)cc1C(C)C(=O)O,'=',nM,2800.0
CS(=O)(=O)c1ccc(N2CCN=C2c2ccc(Cl)c(C(F)(F)F)c2)cc1,'=',nM,3600.0
CS(=O)(=O)c1ccc(C2=NN(c3ccc(S(N)(=O)=O)cc3)C(c3cccs3)C2)cc1,'=',nM,1750.0
O=C(Oc1ccccc1)c1c(-c2ccccc2)sc2c1CCCC2,'=',nM,330.0
COc1ccccc1-c1cc(C(F)(F)F)nn1-c1ccc(S(N)(=O)=O)cc1,'=',nM,288.4
CS(=O)(=O)c1ccc(C2=C(c3ccc(Cl)cc3)CC3(CC3)C2)cc1,'=',nM,1.0
COc1ccc2[nH]cc(CCNC(=O)c3ccccc3Nc3ccccc3)c2c1,'=',nM,38640.0
CS(=O)(=O)c1ccc(-n2cnc(Br)c2-c2ccc(F)cc2)cc1,'=',nM,36.0
Cc1cc(-c2cccc(Cl)c2)nn1S(=O)(=O)Oc1ccccc1,'=',nM,110.0
NS(=O)(=O)c1ccc(N2CCN=C2c2ccc(Cl)c(C(F)(F)F)c2)cc1,'=',nM,1800.0
COc1ccc(C2=NCCN2c2ccc(S(N)(=O)=O)cc2)cc1F,'=',nM,9500.0
NS(=O)(=O)c1ccc(-c2nc(NCc3csc4ccccc34)cc(C(F)(F)F)n2)cc1,'=',nM,10000.0
CSc1ccccc1OC(=O)CBr,'=',nM,510000.0
COc1ccc(-c2cn(Cc3ccc(S(N)(=O)=O)cc3)nn2)cc1,'=',nM,13000.0
NS(=O)(=O)c1ccc(Cn2cc(-c3ccccc3)nn2)cc1,'=',nM,6500.0
CS(=O)(=O)c1ccc(C2=C(c3ccc(F)c(F)c3)C(=O)OC2)cc1,'=',nM,230.0
CS(=O)(=O)c1ccc(-n2cc(C(F)(F)F)nc2-c2cc(Br)cs2)cc1,'=',nM,25.7
NS(=O)(=O)c1ccc(-c2ccccc2-c2ccc(F)cc2)cc1,'=',nM,61.0
CCOC(OCC)c1ccc(/C=C2\CNC/C(=C\c3ccc(C(OCC)OCC)cc3)C2=O)cc1,'=',nM,27650.0
CN(C)c1ccc(/C=C/C(=O)C2CCc3ccccc3C2=O)c([N+](=O)[O-])c1,'=',nM,37660.0
O=C(/C=C/c1ccc(N2CCCC2)cc1)C1CCc2ccccc2C1=O,'=',nM,61230.0
CS(=O)(=O)c1ccc(-n2cc(C(F)(F)F)nc2-c2cccc(C(F)(F)F)c2)cc1,'=',nM,210.0
Cc1cc(=O)c(Oc2ccc(I)cc2)c(-c2ccc(S(C)(=O)=O)cc2)o1,'=',nM,410.0
Cc1cc(=O)c(Oc2ccc(Br)cc2F)c(-c2ccc(S(C)(=O)=O)cc2)o1,'=',nM,150.0
COc1ccc2c(c1)c(CC(=O)Nc1cncc(Cl)c1)c(C)n2C(=O)c1ccc(Cl)cc1,'=',nM,47.0
CS(=O)(=O)c1ccc(N2N=C(C(F)(F)F)CC2c2cccc3c2OCCO3)cc1,'=',nM,210.0
CS(=O)(=O)c1ccc(N2N=C(C(F)(F)F)CC2c2ccc3c(c2)OCO3)cc1,'=',nM,140.0
COc1ccc(/N=C/c2ccc(S(N)(=O)=O)cc2)cc1OC,'=',nM,4280.0
CSc1cccc(-c2nc(C(F)(F)F)cn2-c2ccc(S(C)(=O)=O)cc2)c1,'=',nM,350.0
CCC(O)(CC)[C@H](C)Oc1ncc(C(F)(F)F)cc1-c1ccc(S(C)(=O)=O)cc1,'=',nM,4700.0
NS(=O)(=O)c1ccc(-n2nc(C(=O)Nc3ccc(C(F)(F)F)cc3)cc2-c2ccccc2)cc1,'=',nM,2050.0
NS(=O)(=O)c1ccc(N2CCN=C2c2ccc(Cl)c(Cl)c2)cc1,'=',nM,300.0
CS(=O)(=O)c1ccc(-c2nn(CCc3ccccc3)c(C(F)(F)F)c2-c2ccc(F)cc2)cc1,'=',nM,45.0
C/C(=N\NC(N)=S)c1nnn(-c2ccc(S(N)(=O)=O)cc2)c1C,'=',nM,50.0
CS(=O)(=O)c1ccc(-c2occ(Cl)c(=O)c2-c2ccc(-c3ccccc3)c(F)c2)cc1,'=',nM,87902.25
COc1ccc2c(c1)c(CC(=O)N[C@H](CO)CC(C)C)c(C)n2C(=O)c1ccc(Cl)cc1,'=',nM,170.0
Cc1nc2c(-c3ccc(F)cc3)c(-c3ccc(S(C)(=O)=O)cc3)nn2c(C)c1C,'=',nM,192.0
O=C(O)[C@H]1C[C@](O)(c2ccccc2Cl)[C@@H](c2ccccc2Cl)O1,'=',nM,3500.0
COc1ccc(-c2cc(C(F)(F)F)nn2-c2ccc(S(N)(=O)=O)c(F)c2)cc1,'=',nM,13500.0
C/C(=C\c1ccc(C(F)(F)F)cc1)c1ccc(O)c(O)c1,'=',nM,1740.0
Cc1ccc(-c2cc(COC(=O)COc3cc(O)c4c(=O)cc(-c5ccccc5)oc4c3)nn2-c2ccc(C)cc2)cc1,'=',nM,420.0
CC1(C)OC(=O)C(Oc2ccc3sccc3c2)=C1c1ccc(S(C)(=O)=O)cc1,'=',nM,20.0
NS(=O)(=O)c1ccc(-n2cnc(Cl)c2-c2ccc(OCCCO[N+](=O)[O-])c(F)c2)cc1,'=',nM,16000.0
COc1ccc(NC(=O)c2ccccc2Nc2cccc(Cl)c2C)c(OC)c1,'=',nM,115070.0
CS(=O)(=O)c1ccc(-c2c(-c3ccc(Cl)cc3)nc3sc(Cl)cn23)cc1,'=',nM,16.0
NS(=O)(=O)c1ccc(-c2sc(COc3cc(Cl)cc(Cl)c3)nc2-c2ccc(F)cc2)cc1,'=',nM,9.0
COc1cc(C2CC(c3cccc(-n4cnnn4)c3)=NN2)cc(OC)c1OC,'=',nM,39.0
COc1ccc(/C=C/C(=O)c2cccc(-n3cnnn3)c2)cc1OC,'=',nM,100.0
CC(=O)Oc1cc2oc(-c3ccc(C)cc3)cc2cc1-c1c[se]nn1,'=',nM,50.0
CCCCNc1cc(C(=O)N/N=c2\scc(-c3ccc(OC)cc3)n2-c2ccccc2)cc(S(N)(=O)=O)c1Oc1ccccc1,'=',nM,1520.0
CCCCNc1cc(C(=O)N/N=c2\scc(-c3ccc(Cl)cc3)n2-c2ccc(Br)cc2)cc(S(N)(=O)=O)c1Oc1ccccc1,'=',nM,1520.0
CS(=O)(=O)c1ccc(-n2cc(-c3ccc(C(F)(F)F)cc3)nn2)cc1,'=',nM,226.0
COc1ccc(N2CCN(CC3=NOC(C)(C)CC3c3ccccc3)CC2)cc1,'=',nM,2600.0
CS(=O)(=O)c1ccc(-c2cccnc2-c2ccccc2)cc1,'=',nM,60.0
Nc1c(C(=O)N/N=C/c2ccc(Br)cc2)sc2nc(-c3ccc(Cl)cc3)cc(-c3cccs3)c12,'=',nM,104.0
CCOP(=O)(OCC)C(NC(=O)c1cc(-c2cccc3ccccc23)n(-c2ccc(S(N)(=O)=O)cc2)n1)c1ccccc1OC,'=',nM,220.0
CCOP(=O)(OCC)C(NC(=O)c1cc(-c2cccc3ccccc23)n(-c2ccc(S(N)(=O)=O)cc2)n1)c1ccc(OC)cc1,'=',nM,220.0
CS(=O)(=O)c1ccc(-c2nc(NCc3ccco3)cc(C(F)(F)F)n2)cc1,'=',nM,140.0
CS(=O)(=O)c1ccc(-c2nc(NCc3cccs3)cc(C(F)(F)F)n2)cc1,'=',nM,2.1
CCc1c(NCc2ccc(F)cc2)nc(-c2ccc(S(C)(=O)=O)cc2)nc1C(F)(F)F,'=',nM,102.8
Cc1c(NCc2cccs2)nc(-c2ccc(S(C)(=O)=O)cc2)nc1C(F)(F)F,'=',nM,38.2
COCCOc1cc(NCc2cccs2)nc(-c2ccc(S(C)(=O)=O)cc2)n1,'=',nM,2.4
CC(C)c1cc(NCc2ccccc2)nc(-c2ccc(S(C)(=O)=O)cc2)n1,'=',nM,25.3
CS(=O)(=O)c1ccc(-c2nc(NCCc3cccs3)cc(C(F)(F)F)n2)cc1,'=',nM,1210.0
CS(=O)(=O)c1ccc(-c2nc(SCc3ccccc3)cc(C(F)(F)F)n2)cc1,'=',nM,527.8
COc1ccc(/C=C/c2ccc([N+](=O)[O-])cc2)cc1OC,'=',nM,4688.0
C/C(=C/C(=O)Nc1nccs1)Nc1ccccc1,'=',nM,90.0
CN1C/C(=C\c2ccc(F)s2)C2=NN(c3ccccc3)C(c3ccc(F)s3)C2C1,'=',nM,2.0
Cc1csc(/C=C2\CN(C)CC3C2=NN(c2ccccc2)C3c2cc(C)cs2)c1,'=',nM,2.0
COc1ccc(N/C(C)=C\C(=O)Nc2nccs2)cc1,'=',nM,90.0
O=C(c1cccs1)c1sc(N2CCOCC2)nc1-c1ccccc1,'=',nM,90.0
Cc1cc(-c2c(-c3ccc(S(C)(=O)=O)cc3)ccc(F)c2F)ccc1Cl,'=',nM,6.026
CC(=O)Oc1ccccc1C(=O)OC(CO[N+](=O)[O-])CO[N+](=O)[O-],'=',nM,7700.0
COc1cc(-c2cc(C(=O)OCCOc3cc(=O)oc4ccccc34)nn2-c2ccc(S(N)(=O)=O)cc2)cc(OC)c1OC,'=',nM,290.0
Cc1ccc(-c2cc(C(=O)OCCOc3ccc4ccc(=O)oc4c3)nn2-c2ccc(S(N)(=O)=O)cc2)cc1,'=',nM,400.0
NS(=O)(=O)c1ccc(-n2nc(C(=O)NCCOc3ccc4ccc(=O)oc4c3)cc2-c2ccccc2)cc1,'=',nM,490.0
Cc1ccc(S(=O)(=O)n2cc(C(=O)C(=O)N[C@H](Cc3c[nH]c4ccccc34)C(=O)NCC(=O)O)c3ccccc32)cc1,'=',nM,1000.0
Cc1cnc(OCC(C)(C)O)c(-c2ccc(S(C)(=O)=O)cc2)c1,'=',nM,6360.0
Cc1cc[s+](-c2c(C3CCC(S(C)(=O)=O)CC3)occ(Cl)c2=O)c1,'=',nM,736037.6
NS(=O)(=O)c1ccc(-n2nc(NC(=O)NC3CCCCC3)cc2-c2ccccc2)cc1,'=',nM,2030.0
CS(=O)(=O)c1ccc(-c2occ(Cl)c(=O)c2-c2ccccc2)cc1,'=',nM,1080936.05
CS(=O)(=O)c1ccc(-c2occ(Cl)c(=O)c2-c2ccc(F)cc2F)cc1,'=',nM,1386117.35
COc1ccc(-c2nc3cc(NC(=O)c4cc([N+](=O)[O-])ccc4Cl)ccc3o2)cc1OC,'=',nM,7400.0
CS(=O)(=O)c1cnn(-c2ccc(S(N)(=O)=O)cc2)c1-c1ccc(Cl)cc1,'=',nM,19800.0
Cc1ccc(-c2cc(F)c(F)cc2-c2ccc(S(C)(=O)=O)cc2)cn1,'=',nM,170.0
CS(=O)(=O)c1ccc(-c2cc(C(F)(F)F)nc(NCC3CCOCC3)n2)cc1,'=',nM,5.0
CS(=O)(=O)c1ccc(-c2cc(C(F)(F)F)nc(NCC3CCCCC3)n2)cc1,'=',nM,29.0
CS(=O)(=O)c1ccc(-c2cc(C(F)(F)F)nc(NCc3ccccc3)n2)cc1,'=',nM,8.0
CS(=O)(=O)c1ccc(-c2cnc(Cc3ccc(F)cc3F)nc2-c2ccc(F)cc2)cc1,'=',nM,114.0
CN(C)c1ccc(-c2cc(F)c(F)cc2-c2ccc(S(C)(=O)=O)cc2)cc1Cl,'=',nM,8.0
NS(=O)(=O)/C=C/c1ccc(C(=O)c2ccccc2)cc1CO,'=',nM,8400.0
CS(=O)(=O)c1ccc(C2=C(c3ccc(F)cc3)CCC2)cc1,'=',nM,2.6
COc1ccc(-c2ssc(=O)c2-c2ccc(OC)cc2)cc1,'=',nM,1000.0
COc1ccc2c(c1)c(CC(=O)NCCCCO)c(C)n2C(=O)c1ccc(Cl)cc1,'=',nM,1200.0
Cc1c(CC(=O)NCCCO)c2cc(O)ccc2n1C(=O)c1ccc(Cl)cc1,'=',nM,3000.0
CS(=O)(=O)c1ccc(NC(=O)NNC(=S)Nc2c(F)cccc2F)cc1,'=',nM,6420.0
C/C(=C\Cc1c(O)ccc(C(=O)/C=C/c2ccc(O)cc2)c1O)COC(=O)/C=C/c1ccc(O)cc1,'=',nM,15000.0
O=C(CNc1nc(-c2ccccc2)c(-c2ccccc2)s1)N1CCCCC1,'=',nM,15120.0
C#Cc1ccc2c(c1)C=C(C(=O)O)C(C(F)(F)F)O2,'=',nM,73.0
CCc1ccc2c(c1)C=C(C(=O)O)C(C(F)(F)F)O2,'=',nM,330.0
Cc1cc(Cl)c2c(c1)C=C(C(=O)O)C(C(F)(F)F)O2,'=',nM,190.0
COc1cc(OC(F)(F)F)cc2c1OC(C(F)(F)F)C(C(=O)O)=C2,'=',nM,680.0
CCCc1cc2c(cc1Cl)C=C(C(=O)O)[C@H](C(F)(F)F)O2,'=',nM,5.0
CS(=O)(=O)c1ccc(-c2cnn(CC(F)(F)F)c(=O)c2-c2ccccc2)cc1,'=',nM,11000.0
Cc1oc(=O)n(-c2ccccc2)c1-c1ccc(S(N)(=O)=O)cc1,'=',nM,1798.87
Cc1c(-c2nn(-c3ccccc3)cc2/C=N/O)nnn1-c1ccc(C(=O)O)cc1,'=',nM,40.0
Cc1c(-c2nn(-c3ccccc3)cc2/C=N/O)nnn1-c1ccc(S(N)(=O)=O)cc1,'=',nM,40.0
NS(=O)(=O)c1ccc(-c2cc(Cl)cc3c2OC(C(F)(F)F)C(C(=O)O)=C3)cc1,'=',nM,760.0
CS(=O)(=O)c1ccc(C2=C(c3ccc(F)c(Cl)c3)C(=O)CC2)cc1,'=',nM,90.0
CC(C)c1nc(C2CCCCC2)c(-c2ccc(S(N)(=O)=O)c(F)c2)o1,'=',nM,600.0
CC(C)(C)c1cc(-c2nnc(N)s2)cc(C(C)(C)C)c1O,'=',nM,3500.0
Cc1c(C(=O)NCCc2ccc(N(C)C)cc2)nc2ccc(Cl)cc2c1O,'=',nM,1670.0
Cn1nc(C(F)(F)F)cc1-c1ccn(C(F)F)c(=O)c1,'=',nM,690.0
CS(=O)(=O)Nc1cc2c(cc1Sc1ncccc1Cl)C(=O)CC2,'=',nM,520.0
CN1C/C(=C\c2ccc(N(C)C)cc2[N+](=O)[O-])C(=O)/C(=C/c2ccc(N(C)C)cc2[N+](=O)[O-])C1,'=',nM,9120.0
Cc1nc(C2CCCC2)c(-c2ccc(S(C)(=O)=O)cc2)o1,'=',nM,18000.0
O=[N+]([O-])c1ccc(/C=C/c2cc(O)c(O)c(O)c2)cc1,'=',nM,279.0
Cc1ccc2c(c1)CSc1c(C(F)(F)F)nn(-c3ccc(S(N)(=O)=O)cc3)c1-2,'=',nM,22.0
COc1ccc2cc(C(C)c3nc4s/c(=C\C(C)=C\c5ccccc5)c(=O)n4n3)ccc2c1,'=',nM,24600.0
COc1ccc(-n2nc(C(F)(F)F)cc2-c2ccc(Cl)cc2)cc1,'=',nM,1030.0
Cc1ccc(-c2cc(Cl)cc3c2OC(C(F)(F)F)C(C(=O)O)=C3)cc1F,'=',nM,66.0
COc1ccc(-n2cc(COc3ccc(/C=C4\SC(=O)NC4=O)cc3)nn2)cc1,'=',nM,140.0
CS(=O)(=O)Nc1ccncc1Oc1ccc(Br)cc1,'=',nM,7600.0
NS(=O)(=O)c1ccc(-n2nc(C(F)(F)F)c3c2-c2cc(F)ccc2CS3)cc1,'=',nM,21.0
C#CCOc1ccc(/C=C2\SC(=S)NC2=O)cc1,'=',nM,120.0
CC(C)(O)COc1ncc(C(F)(F)F)cc1-c1ccc(S(C)(=O)=O)cc1,'=',nM,390.0
CCc1cnc(OCC(C)(C)O)c(-c2ccc(S(C)(=O)=O)cc2)c1,'=',nM,950.0
CC(C)(O)COc1nc(OCCCC(F)(F)F)c(CO)cc1-c1ccc(S(C)(=O)=O)cc1,'=',nM,345.0
CS(=O)(=O)c1ccc(-c2nc(NCc3cccs3)cc(OC3CCCC3)n2)cc1,'=',nM,7.5
CC(C)Nc1cc(NCc2cccs2)nc(-c2ccc(S(C)(=O)=O)cc2)n1,'=',nM,10.3
CC(C)Nc1cc(NCc2ccccc2)nc(-c2ccc(S(C)(=O)=O)cc2)n1,'=',nM,273.8
CCS(=O)(=O)c1cc(NCc2cccs2)nc(-c2ccc(S(C)(=O)=O)cc2)n1,'=',nM,144.5
Cc1c(-c2nn(-c3ccccc3)cc2/C=N/O)nnn1-c1ccc(F)cc1,'=',nM,50.0
COc1ccc2c(c1)c(CC(=O)N[C@@H](CO)c1ccccc1)c(C)n2C(=O)c1ccc(Cl)cc1,'=',nM,440.0
NS(=O)(=O)c1ccc(-c2coc(=O)n2-c2ccccc2)cc1,'=',nM,2398.83
C=Cc1csc(Sc2cc3c(cc2NS(C)(=O)=O)COC3=O)n1,'=',nM,310.0
NS(=O)(=O)c1ccc(-c2coc(=O)n2-c2cccc(Cl)c2)cc1,'=',nM,1499.68
CS(=O)(=O)Nc1cc2c(cc1Sc1cccs1)C(=O)CC2,'=',nM,1000.0
NS(=O)(=O)c1ccc(-c2oc3ccccc3c2-c2ccc(F)cc2)cc1,'=',nM,7.0
CS(=O)(=O)c1ccc(-c2nc(NCc3nccs3)cc(C(F)(F)F)n2)cc1,'=',nM,83.6
CS(=O)(=O)c1ccc(-c2cnn(CC3CC3)c(=O)c2-c2ccccc2)cc1,'=',nM,1300.0
CS(=O)(=O)c1ccc(-c2[nH]c(C#N)cc2-c2ccc(F)cc2)cc1,'=',nM,64400.0
CCc1nc2sc(-c3ccc(S(C)(=O)=O)cc3)c(-c3ccccc3)n2n1,'=',nM,15.0
NS(=O)(=O)c1ccc(-n2cc(C(F)(F)F)nc2-c2cccs2)cc1,'=',nM,70.0
Cc1c(CN(C)C)cc(-c2ccc(S(C)(=O)=O)cc2)n1-c1ccc(F)cc1,'=',nM,100000.0
Fc1ccc(-c2[nH]c(-c3ccc(F)cc3)c3c2C2CCC3C2)cc1,'=',nM,0.08
CCCCn1c(C)c2c(c1C)C(=O)N(CN1CCN(S(C)(=O)=O)CC1)C2=O,'=',nM,43000.0
CSc1ccccc1OC(C)=O,'=',nM,250000.0
Cc1nn(-c2ccccc2)c2c1c(O)nc1ccc([N+](=O)[O-])cc12,'=',nM,550.0
Cc1cncc(-c2nc(C(F)(F)F)cn2-c2ccc(S(N)(=O)=O)cc2)c1,'=',nM,510.0
Cc1cc(F)cc(-c2nc(C(F)(F)F)cn2-c2ccc(S(C)(=O)=O)cc2)c1,'=',nM,110.0
NS(=O)(=O)c1ccc(C2=C(c3ccc(Cl)cc3)CCC2)cc1,'=',nM,3.02
COc1ccccc1-c1nc(C(F)(F)F)cn1-c1ccc(S(C)(=O)=O)cc1,'=',nM,794.33
COc1ccc(-c2cc(F)c(F)cc2-c2ccc(S(N)(=O)=O)cc2)cc1F,'=',nM,12.88
CCCc1ccc(-c2c(Cl)ncn2-c2ccc(S(C)(=O)=O)cc2)cc1,'=',nM,100.0
CCCCCCCSc1ccccc1OC(C)=O,'=',nM,2000.0
Cc1ccc(NC(=O)c2c(N=Cc3ccco3)c(C#N)c3n2CCC3)cc1,'=',nM,190.0
CS(=O)(=O)c1ccc(Cc2nnnn2-c2ccc(CCO)cc2)cc1,'=',nM,3000.0
NS(=O)(=O)c1ccc(-c2c(-c3ccccc3)noc2CF)cc1,'=',nM,2.0
NS(=O)(=O)c1ccc(-c2c(-c3ccccc3)noc2CCF)cc1,'=',nM,8.0
CN(C)c1ccc(-c2c(Cl)ncn2-c2ccc(S(C)(=O)=O)cc2)cc1Cl,'=',nM,27.0
Cc1ncc(-c2ccc(S(C)(=O)=O)cc2)n1-c1ccc(F)cc1,'=',nM,51.0
NS(=O)(=O)c1ccc(-n2nc(C(F)(F)F)cc2-c2ccc(Cl)c(Cl)c2)cc1,'=',nM,15.14
CCOc1ccc(-c2c(Cl)ncn2-c2ccc(S(N)(=O)=O)cc2)cc1,'=',nM,27.0
CS(=O)(=O)c1ccc(C2=NN(C(N)=S)C(c3ccc(Cl)cc3)C2)cc1,'=',nM,9350.0
CC(=O)c1cc(/C=C/S(N)(=O)=O)cc(C(=O)c2ccccc2)c1,'=',nM,20000.0
Fc1ccc2c(C3CCN(CC4=NO[C@@H]5CCCC[C@@H]5[C@H]4c4ccccc4)CC3)noc2c1,'=',nM,4700.0
Cc1ccc(-c2cc(COC(=O)COc3cc(O)c4c(=O)cc(-c5ccccc5)oc4c3)nn2-c2ccccc2)cc1,'=',nM,930.0
Cc1ccc(-n2nc(COC(=O)COc3cc(O)c4c(=O)cc(-c5ccccc5)oc4c3)cc2-c2cccc(C)c2)cc1,'=',nM,1190.0
O=C(COc1cc(O)c2c(=O)cc(-c3ccccc3)oc2c1)OCc1cc(-c2ccc(C(F)(F)F)cc2)n(-c2ccccc2)n1,'=',nM,4330.0
COc1ccc2c(c1)c(CC(=O)Nc1ccc(SC)cc1)c(C)n2C(=O)c1ccc(Cl)cc1,'=',nM,120.0
COc1ccc(NC(=O)Cc2c(C)n(C(=O)c3ccc(Cl)cc3)c3ccc(OC)cc23)cc1,'=',nM,56.0
CS(=O)(=O)c1ccc(C2=C(c3ccc(F)c(F)c3)CCC2)cc1,'=',nM,51.0
COc1ccc(-c2nc3cc(NC(=O)c4cccc([N+](=O)[O-])c4)ccc3o2)cc1OC,'=',nM,930.0
CS(=O)(=O)c1ccc(-c2snnc2-c2ccc(F)cc2)cc1,'=',nM,6500.0
COc1ccc2cc([C@H](C)C(=O)NC(Cn3cncn3)C(=O)c3ccccc3)ccc2c1,'=',nM,1960.0
Cc1c(C(=O)N2CCN(c3ccccc3)CC2)nc2ccc(Cl)cc2c1O,'=',nM,1130.0
CCOP(=O)(OCC)C(NC(=O)c1cc(-c2ccc(Cl)cc2)n(-c2ccc(S(N)(=O)=O)cc2)n1)c1ccc(Br)cc1,'=',nM,280.0
CCOP(=O)(OCC)C(NC(=O)c1cc(-c2cccc(OC)c2)n(-c2ccc(S(N)(=O)=O)cc2)n1)c1ccccc1,'=',nM,280.0
COc1ccc(-c2cc(-c3ccc(F)cc3)n(-c3ccc(S(N)(=O)=O)cc3)n2)cc1OC,'=',nM,43.0
NC(=O)N1N=C(c2ccc(Cl)cc2)CC1c1cn(-c2ccccc2)nc1-c1ccccc1,'=',nM,1090.0
CC(C)=CC[C@H]1C[C@@H]2C[C@@H]3[C@@H](C[C@]4(C)C(C)(C)OC[C@]34C)C(=O)[C@](C(=O)c3ccccc3)(C1=O)C2(C)C,'=',nM,5270.0
COc1cc(/C=C2\C(=O)N(c3ccc(S(N)(=O)=O)cc3)N=C2C)ccc1OCC#N,'=',nM,150.0
CCCCCCCCOC(=O)Cc1c(C)n(C(=O)c2ccc(Cl)cc2)c2ccc(OC)cc12,'=',nM,90.0
C[C@H](Oc1ncc(C(F)(F)F)cc1-c1ccc(S(C)(=O)=O)cc1)C(C)(C)O,'=',nM,460.0
CCc1cccc(Nc2cnccc2NS(=O)(=O)C(F)(F)F)c1,'=',nM,240.0
CS(=O)(=O)c1ccc(C2=C(c3ccccn3)C(=O)CC2)cc1,'=',nM,9800.0
CCSc1nnc(-c2cc(C(C)(C)C)c(O)c(C(C)(C)C)c2)o1,'=',nM,6500.0
COC1(c2cc(F)cc(OCc3cc(-c4ccccc4)n(-c4ccc(S(C)(=O)=O)cc4)n3)c2)CCOCC1,'=',nM,50.0
CN1C/C(=C\c2ccc(O)s2)C2=NN(c3ccccc3)C(c3ccc(O)s3)C2C1,'=',nM,2.0
Cc1sc(/C=C2\CN(C)CC3C2=NN(c2ccccc2)C3c2cc(Br)c(C)s2)cc1Br,'=',nM,2.0
C/C(=C/C(=O)Nc1nccs1)Nc1ccc(Cl)cc1,'=',nM,90.0
O=C(c1ccc(-c2nc(CSc3nc4ccccc4s3)no2)cc1)N1CCOCC1,'=',nM,5000.0
COc1ccc(-c2ncn(CC(=O)N3CCN(C)CC3)c2-c2ccc(OC)cc2)cc1,'=',nM,8320.0
COc1ccc(-c2ncn(CC(=O)N3CCOCC3)c2-c2ccc(OC)cc2)cc1,'=',nM,9120.0
Cc1[nH]c2cc(S(C)(=O)=O)ccc2c1Oc1ccc(F)cc1,'=',nM,2000.0
Cc1ccc(-c2cc(C(F)(F)F)nn2-c2ccc(S(=O)(=O)NCCCCCCC(=O)NO)cc2)cc1,'=',nM,300.0
Cc1ccc(S(=O)(=O)n2cc(C(=O)C(=O)N[C@@H](Cc3c[nH]c4ccccc34)C(=O)O)c3ccccc32)cc1,'=',nM,13500.0
Cc1nn(-c2ccccc2)c(N2CCN(C)CC2)c1/C=N/Nc1nc2ccccc2nc1O,'=',nM,480.0
C=CCONC1=NC(=O)/C(=C/c2cc(C(C)(C)C)c(O)c(C(C)(C)C)c2)S1,'=',nM,2700.0
NS(=O)(=O)c1ccc(C2=C(c3ccc(F)cc3)C(=O)OC2)cc1,'=',nM,800.0
Cc1cc(=O)c(-c2ccc(Cl)c(Cl)c2)c(-c2ccc(S(C)(=O)=O)cc2)o1,'=',nM,680.0
COCCOc1nc(OCC(C)(C)O)c(-c2ccc(S(C)(=O)=O)cc2)cc1CO,'=',nM,2950.0
CCCCOc1nc(OCC2(O)COC2)c(-c2ccc(S(C)(=O)=O)cc2)cc1CO,'=',nM,1320.0
CCCCOc1nc(OCC(C)(C)O)c(-c2ccc(S(N)(=O)=O)cn2)cc1CO,'=',nM,450.0
Cc1cc(-c2cc(F)c(F)cc2-c2ccc(S(C)(=O)=O)cc2)ccc1Cl,'=',nM,6.0
CS(=O)(=O)c1ccc(-c2cc(F)c(F)cc2-c2ccc3c(c2)OCO3)cc1,'=',nM,12.0
CCCCCCCCCCCCCCCc1cccc(OC)c1CSc1nc2ccccc2s1,'=',nM,1060.0
Cc1cc(OC(F)(F)F)cc2c1O[C@H](C(F)(F)F)C(C(=O)O)=C2,'=',nM,14.0
CCCc1cc(OC(F)(F)F)cc2c1O[C@H](C(F)(F)F)C(C(=O)O)=C2,'=',nM,42.0
Nc1cnn(-c2ccc(S(N)(=O)=O)cc2)c1-c1ccccc1,'=',nM,29700.0
c1ccc([C@H]2C(Cn3c4ccccc4c4ccccc43)=NO[C@@H]3CCCC[C@H]23)cc1,'=',nM,9900.0
CC1(C)CC(c2ccc(Cl)cc2)C(Cn2c3ccccc3c3ccccc32)=NO1,'=',nM,3900.0
Cc1[nH]c2cc(S(C)(=O)=O)ccc2c1Cc1ccc(F)cc1,'=',nM,80.0
CCc1ccc(-c2cc(C(F)(F)F)nn2-c2ccc(S(N)(=O)=O)c(CO)c2)cc1,'=',nM,1380.0
N#Cc1c(N=Cc2cccnc2)c(C(=O)Nc2ccc(Cl)cc2)n2c1CCC2,'=',nM,680.0
Cc1ccc(Cl)c(Nc2ccccc2C(=O)NCCOc2ccccc2)c1Cl,'=',nM,66000.0
CC(=O)OCO/N=[N+](\[O-])N(C)CCOC(=O)Cc1ccc(-c2cc(C(F)(F)F)nn2-c2ccc(S(C)(=O)=O)cc2)cc1,'=',nM,4600.0
Cc1nc(-c2ccc(C)s2)c(-c2ccc(S(N)(=O)=O)c(F)c2)o1,'=',nM,26.0
CS(=O)(=O)c1ccc(C2=C(c3ccccc3)C(=O)CC2)cc1,'=',nM,11.0
COc1ccc2c(c1)c(CC(N)=O)c(C)n2C(=O)c1ccc(Cl)cc1,'=',nM,700.0
COc1ccc2c(c1)c(CC(=O)Nc1cccc(SC)c1)c(C)n2C(=O)c1ccc(Cl)cc1,'=',nM,220.0
Cc1c(CC(=O)NC(C)C)cc(-c2ccc(S(C)(=O)=O)cc2)n1-c1ccc(F)cc1,'=',nM,4910.0
CCN1C(C)=CC/C1=N/N=C(\C)c1cc2ccccc2oc1=O,'=',nM,310.0
C/C(=N\N=C1\CC(C)C(=O)N1C)c1cc2ccccc2oc1=O,'=',nM,390.0
CC1(C)OC(=O)C(Oc2cccc(Cl)n2)=C1c1ccc(S(C)(=O)=O)cc1,'=',nM,3600.0
O=C(O)c1cc(-c2ccn(C(F)F)c(=O)c2)ccc1O,'=',nM,980.0
CC1C(c2ccccc2)=C(c2ccc(S(C)(=O)=O)cc2)ON1C,'=',nM,4.2
COc1ccc(-c2c(-c3ccc(S(N)(=O)=O)cc3)ccc(F)c2F)cc1OC,'=',nM,64.57
CS(=O)(=O)c1ccc(-c2ccc(F)c(F)c2-c2ccc3c(c2)OCO3)cc1,'=',nM,12.02
Cc1ccc(-c2c(-c3ccc(S(C)(=O)=O)cc3)ccc(F)c2F)cc1,'=',nM,6.918
Cc1cc(=O)c(-c2cccc(F)c2)c(-c2ccc(S(C)(=O)=O)cc2)o1,'=',nM,3369.77
O=C(O)Cc1cccn1-c1ccc2c(c1)OCCO2,'=',nM,2200.0
CS(=O)(=O)c1ccc2c(Sc3ccccc3Cl)c(C#N)[nH]c2c1,'=',nM,570.0
CS(=O)(=O)c1ccc2c(Sc3ccc(F)cc3F)c(C(N)=O)[nH]c2c1,'=',nM,2240.0
Nc1ccc(-c2nc3ccccc3n2-c2ccc(N)cc2)cc1,'=',nM,173000.0
CC(C)C[C@H](NC(=O)CNC(=O)[C@@H](NC(=O)OCc1ccccc1)C(C)C)C(=O)O,'=',nM,28000.0
NS(=O)(=O)c1ccc(-n2cnc(Cl)c2-c2ccc(OCCO[N+](=O)[O-])c(F)c2)cc1,'=',nM,29000.0
O=S(=O)(Nc1ccncc1Oc1ccc(Br)cc1)C(F)(F)F,'=',nM,13840.0
CS(=O)(=O)c1ccc(-c2nc(Cl)cc(NCc3cccs3)n2)cc1,'=',nM,12.7
CC[C@H](CO)NC(=O)Cc1c(C)n(C(=O)c2ccc(Cl)cc2)c2ccc(OC)cc12,'=',nM,100.0
CCOC(=O)C1=C(N)n2c(=O)ccc(=O)n2C1c1ccccc1O,'=',nM,90.1
Cc1oc(=O)n(-c2ccc(Cl)c(Cl)c2)c1-c1ccc(S(N)(=O)=O)cc1,'=',nM,230.14
CCCCCC1=CC(=O)C=C(OC)C1=O,'=',nM,1900.0
CN(C)S(=O)(=O)c1ccc(-n2c(CCC(=O)O)ccc2-c2ccc(F)cc2)cc1,'=',nM,7500.0
[3H]C([3H])([3H])c1cc(Br)cc2c1O[C@H](C(F)(F)F)C(C(=O)O)=C2,'=',nM,14.0
COc1cc(C2CC(c3ccco3)=NN2c2ccc(S(N)(=O)=O)cc2)cc(OC)c1OC,'=',nM,1970.0
Cc1ccc(C2=C(c3ccc(S(C)(=O)=O)cc3)CCC2)cc1,'=',nM,3.0
O=C1NC(=S)S/C1=C\c1ccc(OCc2cn(CC(=O)c3ccc(Cl)cc3)nn2)cc1,'=',nM,150.0
COC(=O)[C@H](C)NC(=O)[C@H](CC(C)C)NC(=O)CNC(=O)[C@@H](NC(=O)OCc1ccccc1)C(C)C,'=',nM,80.0
CC(C)C[C@H](NC(=O)[C@H](C)NC(=O)[C@@H](NC(=O)CNC(=O)OCc1ccccc1)C(C)C)C(=O)O,'=',nM,300.0
COC(=O)[C@H](CC(C)C)NC(=O)[C@H](C)NC(=O)[C@@H](NC(=O)CNC(=O)OCc1ccccc1)C(C)C,'=',nM,19000.0
CC(C)C[C@H](NC(=O)[C@@H](NC(=O)[C@H](C)NC(=O)CNC(=O)OCc1ccccc1)C(C)C)C(=O)O,'=',nM,8000.0
CS(=O)(=O)c1ccc(-c2cnn(Cc3ccccc3)c(=O)c2Oc2ccc(F)cc2)cc1,'=',nM,20.0
CSc1csc(Sc2cc3c(cc2NS(C)(=O)=O)COC3=O)n1,'=',nM,290.0
CCCCOc1nc(OCC(C)(C)O)c(-c2ccc(S(C)(=O)=O)cc2)cc1C(C)(C)O,'=',nM,1210.0
COC(=O)[C@@H](NC(=O)[C@H](C)NC(=O)CN)C(C)C,'=',nM,8000.0
COC(=O)[C@@H](NC(=O)[C@H](C)NC(=O)CNC(=O)OCc1ccccc1)C(C)C,'=',nM,100.0
CSc1ccc(-c2cscc2-c2ccc(SC)cc2)cc1,'=',nM,101000.0
CCCCCCCCCNC(=O)Cc1c(C)n(C(=O)c2ccc(Cl)cc2)c2ccc(OC)cc12,'=',nM,40.0
CS(=O)(=O)c1ccc(C2=C(c3ccccc3)C(=O)N(c3cccc(Cl)c3)C2)cc1,'=',nM,1000.0
Cc1csc(Sc2cc3c(cc2NS(C)(=O)=O)COC3=O)n1,'=',nM,6900.0
CS(=O)(=O)c1ccc(-c2cnn(-c3ccccc3)c(=O)c2-c2ccccc2)cc1,'=',nM,80.0
CS(=O)(=O)c1ccc(-c2cc(Cl)cnc2-c2cccnc2)cc1,'=',nM,34.0
NS(=O)(=O)c1ccc(-n2cccc2-c2ccc(F)cc2)cc1,'=',nM,14.0
COc1ccc2c(c1)c(CCNS(=O)(=O)CCCO[N+](=O)[O-])c(C)n2C(=O)c1ccc(Cl)cc1,'=',nM,1200.0
CS(=O)(=O)c1ccc(-c2cc(Cl)cnc2-c2ccc(C3CC3)nc2)cc1,'=',nM,1800.0
CS(=O)(=O)c1ccc(-c2nc(Cl)cc(NCc3ccccc3)n2)cc1,'=',nM,10.9
COc1ccc(CNc2cc(C(F)(F)F)nc(-c3ccc(S(C)(=O)=O)cc3)n2)cc1,'=',nM,272.3
COc1ccc2c(c1)c(CCNC(=O)NCCCO[N+](=O)[O-])c(C)n2C(=O)c1ccc(Cl)cc1,'=',nM,10000.0
NS(=O)(=O)c1ccc(-n2nc(C(F)(F)F)cc2-c2ccc(Br)cc2)cc1,'=',nM,50.0
O=C(O)C1=Cc2cc(S(F)(F)(F)(F)F)cc(Br)c2O[C@H]1C(F)(F)F,'=',nM,340.0
COc1ccc2ccc(=O)oc2c1C/C=C(\C)COC(=O)C=C(C)C,'=',nM,45300.0
Cc1ccc(Nc2ccccc2C(=O)NCCc2c[nH]c3ccccc23)cc1,'=',nM,5960.0
Cc1c(C(=O)c2ccccc2)cc(-c2ccc(S(C)(=O)=O)cc2)n1-c1ccc(F)cc1,'=',nM,1020.0
CCCCOc1nc(OCC2(O)CCC2)c(-c2ccc(S(C)(=O)=O)cc2)cc1CO,'=',nM,146.0
Cc1cncc(Nc2ccccc2C(=O)NCCc2c[nH]c3ccccc23)c1,'=',nM,17650.0
Cc1ccc(N(C)c2nc(-c3ccc(S(C)(=O)=O)cc3)cc(C(F)(F)F)n2)cc1,'=',nM,3.0
COc1ccccc1C1=Cc2ccccc2C1,'=',nM,62300.0
O=C1NC(=O)/C(=C/c2ccc(OCc3cn(-c4ccc(C(=O)O)cc4)nn3)cc2)S1,'=',nM,450.0
CS(=O)(=O)c1ccc2c(Sc3ccc(F)cc3)c(C(N)=O)[nH]c2c1,'=',nM,1210.0
Cc1ccc(S(=O)(=O)n2cc(C(=O)C(=O)N[C@H](Cc3cnc[nH]3)C(=O)N[C@H](CCC(=O)O)C(=O)O)c3ccccc32)cc1,'=',nM,21310.0
CCOc1ccncc1-c1c(Cl)ncn1-c1ccc(S(C)(=O)=O)cc1,'=',nM,274.0
NS(=O)(=O)c1ccc(C2=C(c3ccc(Cl)c(Cl)c3)CCC2)cc1,'=',nM,1.995
CC(=O)OCCCCCSc1ccccc1OC(C)=O,'=',nM,50000.0
C#CCSc1ccccc1OC(C)=O,'=',nM,25000.0
CCCCC(=O)c1cc(C(C)(C)C)c2c(c1)C(C)(C)CO2,'=',nM,40.0
Cc1nc(-c2ccc(C)s2)c(-c2ccc(S(N)(=O)=O)cc2)o1,'=',nM,12.0
NS(=O)(=O)c1ccc(C2=C(c3ccccc3)C(=O)NC2=O)cc1,'=',nM,15620.0
CC(C)(C)C#CC1=C(c2ccc(S(C)(=O)=O)cc2)CCC1=O,'=',nM,5200.0
Cc1nc(C2CCCCC2)c(-c2ccc(S(N)(=O)=O)c(F)c2)o1,'=',nM,85.0
COc1cc(/C=C/C(=O)c2ccc(Nc3nc(N4CCCCC4)nc(N4CCCCC4)n3)cc2)cc(OC)c1OC,'=',nM,1630.0
C=Cc1cccc(-c2ccc(C(C)C(=O)O)cc2)c1,'=',nM,730.0
NS(=O)(=O)c1ccc(-c2c(-c3ccccc3)noc2CO)cc1,'=',nM,180.0
COc1ccccc1-c1cc(C(F)(F)F)nn1-c1ccc(S(N)(=O)=O)c(CO)c1,'=',nM,28600.0
CC(C)c1cc(/C=C2\SC(N=C(N)N)=NC2=O)cc(C(C)C)c1O,'=',nM,1800.0
NS(=O)(=O)c1ccc(-n2nc(C(F)(F)F)cc2-c2ccccc2)cc1CO,'=',nM,3450.0
NS(=O)(=O)c1ccc(C2=C(c3ccc(Cl)cc3)CC3(CC3)C2)cc1,'=',nM,1.0
COc1ccc2c(c1)c(Cc1nc(-c3ccc(C(=O)O)cc3)cs1)c(C)n2C(=O)c1ccc(Cl)cc1,'=',nM,120.0
COCCCNC(=O)c1ccccc1Nc1c(Cl)ccc(C)c1Cl,'=',nM,11000.0
Cc1ccccc1C1C2COc3ccccc3C2=NN1c1ccc(S(N)(=O)=O)cc1,'=',nM,460.0
NS(=O)(=O)c1ccc(N2N=C3c4ccccc4CCC3C2c2ccccc2Br)cc1,'=',nM,12680.0
CN(C)c1ccc(/C=C/C(=O)/C=C/c2ccc(N(C)C)cc2[N+](=O)[O-])c([N+](=O)[O-])c1,'=',nM,15000.0
Cc1cccc(Oc2c(-c3ccc(S(C)(=O)=O)cc3)oc(C)cc2=O)c1,'=',nM,1350.0
COC(=O)CC1N(C(=O)Nc2ccccc2)C(=O)c2ccccc2S1(=O)=O,'=',nM,445300.0
COC(=O)CC1N(C(=O)Nc2nc(C)cs2)C(=O)c2ccccc2S1(=O)=O,'=',nM,19100.0
CONC1=NC(=O)/C(=C/c2cc(C(C)C)c(O)c(C(C)C)c2)S1,'=',nM,570.0
CN(C)c1cccc(-c2nc(C(F)(F)F)cn2-c2ccc(S(C)(=O)=O)cc2)c1,'=',nM,3200.0
O=C(O)C1=Cc2cc(S(F)(F)(F)(F)F)ccc2O[C@@H]1C(F)(F)F,'=',nM,10.0
Cc1cncc(-c2ncc(Cl)cc2-c2ccc(S(C)(=O)=O)cc2)c1,'=',nM,87.0
CS(=O)(=O)c1ccc(C2=C(c3cccc(F)c3)C(=O)OC2)cc1,'=',nM,1800.0
COC(=O)c1[nH]c2cc(S(C)(=O)=O)ccc2c1Sc1ccc(F)cc1F,'=',nM,380.0
Cc1nc(-c2ccc(S(N)(=O)=O)cc2)c(-c2ccc(Cl)cc2)s1,'=',nM,18.0
COc1ccc(-c2cc(C(F)(F)F)nn2-c2ccc(S(N)(=O)=O)cc2F)cc1,'=',nM,150.0
Cc1ccc(NC(=O)c2c(N=Cc3cccs3)c(C#N)c3n2CCC3)cc1,'=',nM,110.0
CC1(C)OC(=O)C(Oc2ccc(F)cc2F)=C1c1ccc(S(C)(=O)=O)cc1,'=',nM,20.0
Cc1nc(C2CCCCC2)c(-c2ccc(S(N)(=O)=O)c(C)c2)o1,'=',nM,2000.0
COc1ccncc1C1=C(c2ccc(S(C)(=O)=O)cc2)CCC1=O,'=',nM,90.0
CC1(C)OC(=O)C(Oc2ccc(F)cc2)=C1c1ccc(S(C)(=O)=O)cc1,'=',nM,50.0
Cc1ccc(Cl)c(Nc2ccccc2C(=O)NCC(=O)O)c1Cl,'=',nM,300.0
Cc1[nH]c2cc(S(C)(=O)=O)ccc2c1Cc1ccccc1Cl,'=',nM,5500.0
CS(=O)(=O)c1ccc(-c2ccccc2-c2ccc(F)cc2)cc1,'=',nM,263.03
CS(=O)(=O)c1ccc(-c2ccc(Cl)c(Cl)c2-c2ccc(F)cc2)cc1,'=',nM,239.88
COc1ccc2c(c1)c(CC(=O)Oc1ccc(SC)cc1)c(C)n2C(=O)c1ccc(Cl)cc1,'=',nM,300.0
CS(=O)(=O)c1ccc(C2=C(c3cc4ccccc4s3)C(=O)CC2)cc1,'=',nM,80.0
CC(=O)OCO/N=[N+](\[O-])N1CCC[C@H]1COC(=O)c1ccccc1OC(C)=O,'=',nM,2200.0
C=Cc1cc(Cl)cc2c1OC(C(F)(F)F)C(C(=O)O)=C2,'=',nM,18.0
C#Cc1cc(Cl)cc2c1OC(C(F)(F)F)C(C(=O)O)=C2,'=',nM,43.0
NS(=O)(=O)c1ccc(N2N=C(C(F)(F)F)CC2c2cccc3ccccc23)cc1,'=',nM,100.0
O=S(=O)(c1ccccc1)N1N=C(C(F)(F)F)CC1c1cccc2c1OCO2,'=',nM,60980.0
CS(=O)(=O)c1ccc(N2CCN=C2c2ccc(Cl)cc2)cc1,'=',nM,7100.0
CCOc1cc(/C=N/c2ccc(S(N)(=O)=O)cc2)ccc1O,'=',nM,3690.0
COc1cccc(/C=N/c2ccc(S(N)(=O)=O)cc2)c1,'=',nM,5450.0
NS(=O)(=O)c1ccc(/N=C/c2ccc(O)cc2)cc1,'=',nM,3420.0
C[C@@H]1C[C@@H]2OC(=O)[C@]3(C)[C@H]2[C@@H](OC3(C)O)[C@]2(C)C(=O)C=C[C@@H]12,'=',nM,18000.0
Cc1nc(-c2ccc(Cl)cc2)c(-c2ccc(S(N)(=O)=O)cc2)s1,'=',nM,5.0
NS(=O)(=O)c1ccc(-n2nc(NC(=O)NCCCC(=O)O)cc2-c2ccccc2)cc1,'=',nM,1990.0
NS(=O)(=O)c1ccc(-n2nc(NC(=O)Nc3ccc(C(F)(F)F)cc3)cc2-c2ccccc2)cc1,'=',nM,1240.0
NS(=O)(=O)c1ccc(-c2nc(NCc3ccccn3)cc(C(F)(F)F)n2)cc1,'=',nM,3000.0
CS(=O)(=O)Nc1cc2c(cc1Sc1nccs1)C(=O)CC2,'=',nM,320.0
CC(=O)Oc1ccccc1SCCCCCCI,'=',nM,10000.0
COc1cc(-c2c(Cl)ncn2-c2ccc(S(N)(=O)=O)cc2)ccc1F,'=',nM,8.0
CS(=O)(=O)c1ccc(C2=C(c3ccc(F)cc3)CC(C(F)(F)F)(C(F)(F)F)C2)cc1,'=',nM,67.61
CS(=O)(=O)c1ccc(-n2cc(C(F)(F)F)nc2-c2cncc(Br)c2)cc1,'=',nM,954.99
NS(=O)(=O)c1ccc(-n2nc(C(F)(F)F)cc2C2=CCCCC2)cc1,'=',nM,83.18
Cc1ccc(-c2nc(C(F)(F)F)cn2-c2ccc(S(N)(=O)=O)cc2)nc1,'=',nM,730.0
CN1CCN(C(=O)CNc2nc(-c3ccccc3)c(-c3ccccc3)s2)CC1,'=',nM,11020.0
CS(=O)(=O)c1ccc(-c2cnn(Cc3ccccc3)c(=O)c2-c2ccccc2)cc1,'=',nM,900.0
COc1ccc(-c2ncn(CC(=O)N3CCCCC3)c2-c2ccc(OC)cc2)cc1,'=',nM,14120.0
O=C(Cn1cnc(-c2ccccc2)c1-c1ccccc1)N1CCOCC1,'=',nM,11120.0
CC(C)(O)CSc1ncc(C(F)(F)F)cc1-c1ccc(S(C)(=O)=O)cc1,'=',nM,700.0
CS(=O)(=O)c1ccc(-c2cnn(Cc3cccnc3)c(=O)c2-c2ccccc2)cc1,'=',nM,7100.0
COc1ccc(C2=C(c3ccc(S(C)(=O)=O)cc3)CN(c3ccc(F)cc3)C2=O)cc1,'=',nM,300.0
CS(=O)(=O)c1ccc(-c2cnn(C3CC3)c(=O)c2-c2ccc(F)cc2)cc1,'=',nM,110.0
CS(=O)(=O)c1ccc(-c2cc3c(cc2C=C2CCCCCC2)OCO3)cc1,'=',nM,200.0
CS(=O)(=O)c1ccc(C2=C(c3ccccc3)C(=O)N(c3ccccc3)C2)cc1,'=',nM,280.0
Cc1ccc(-c2c(-c3ccc(S(C)(=O)=O)cc3)cnn(Cc3ccccc3)c2=O)cn1,'=',nM,1200.0
CC1(C)CC(c2ccccc2)C(CN2CCC(c3noc4cc(F)ccc34)CC2)=NO1,'=',nM,10500.0
COc1ccc2c(c1)c(CCNS(=O)(=O)CCCO)c(C)n2C(=O)c1ccc(Cl)cc1,'=',nM,1100.0
CS(=O)(=O)c1ccc(-c2nc(NCc3ccccc3)cc(C(F)(F)F)n2)cc1,'=',nM,140.0
CC1(C)OC(=O)C(Oc2ccc3[nH]ccc3c2)=C1c1ccc(S(C)(=O)=O)cc1,'=',nM,240.0
CS(=O)(=O)c1ccc(-c2nc(NCc3ccc(N)cc3)cc(C(F)(F)F)n2)cc1,'=',nM,211.3
Cc1cccc(CNc2cc(C(F)(F)F)nc(-c3ccc(S(C)(=O)=O)cc3)n2)c1,'=',nM,1930.0
C/C(=N\NC(N)=O)c1nnn(-c2ccc(S(=O)(=O)Nc3nccs3)cc2)c1C,'=',nM,340.0
CC(C)(C)c1cc(-c2nnc(S)s2)cc(C(C)(C)C)c1O,'=',nM,5500.0
CC1(C)OC(=O)C(Oc2cccc3cnccc23)=C1c1ccc(S(C)(=O)=O)cc1,'=',nM,260.0
CC(C)(C)c1cc(C(=O)c2ccccc2)cc2c1OCC2(C)C,'=',nM,7.0
COC1(c2cc(F)cc(OCc3cc(-c4ccccc4)n(-c4ccc(Cl)c(Cl)c4)n3)c2)CCOCC1,'=',nM,700.0
COC1(c2cc(F)cc(OCc3cc(-c4ccccc4)n(-c4ccc(F)cc4)n3)c2)CCOCC1,'=',nM,960.0
CS(=O)(=O)c1ccc(-n2nc(COc3cc(F)cc(C#N)c3)cc2-c2ccccc2)cc1,'=',nM,570.0
COC1(c2cc(F)cc(OCc3cc(-c4ccccc4)n(-c4ccccc4)n3)c2)CCOCC1,'=',nM,610.0
CC1(O)OC(=O)C(c2ccc(F)c(Cl)c2)=C1c1ccc(S(C)(=O)=O)cc1,'=',nM,110.0
COC1(c2cc(F)cc(OCc3cc(-c4ccccc4)n(-c4ccc(Cl)cc4)n3)c2)CCOCC1,'=',nM,930.0
COc1ccc2c(c1)c(CC(=O)N[C@@H](CO)C(C)C)c(C)n2C(=O)c1ccc(Cl)cc1,'=',nM,110.0
Cc1nc(-c2ccc(S(C)(=O)=O)cc2)c(-c2ccc(F)cc2)o1,'=',nM,2100.0
Cc1ccc(-c2nc(C(F)(F)F)cn2-c2ccc(S(C)(=O)=O)cc2)cn1,'=',nM,1800.0
COc1cc(-c2cc(C(=O)N/N=C/c3c(Cl)c4ccccc4oc3=O)nn2-c2ccc(S(N)(=O)=O)cc2)cc(OC)c1OC,'=',nM,21930.0
Cc1ccc(OC2=C(c3ccc(S(C)(=O)=O)cc3)C(C)(C)OC2=O)cc1,'=',nM,20.0
O=C(O)C1=Cc2c(ccc(Cl)c2Cl)OC1C(F)(F)F,'=',nM,10.0
CCc1c(Cl)ccc2c1C=C(C(=O)O)C(C(F)(F)F)O2,'=',nM,28800.0
O=C(O)C1=Cc2cc(Cl)cc(Cl)c2O[C@@H]1C(F)(F)F,'=',nM,10.0
CC(C)CN(C)c1cc2c(cc1Cl)C=C(C(=O)O)C(C(F)(F)F)O2,'=',nM,70.0
CC(C(=O)O)c1ccc(-c2ccc3[nH]ccc3c2)cc1,'=',nM,190.0
CS(=O)(=O)c1ccc(C2=C(c3cc(Cl)cc(Cl)c3)C(=O)CC2)cc1,'=',nM,280.0
Cc1ccccc1OC1=C(c2ccc(S(C)(=O)=O)cc2)C(C)(C)OC1=O,'=',nM,100.0
CS(=O)(=O)c1ccc(-c2nn(CCc3ccccc3)cc2-c2ccc(F)cc2)cc1,'=',nM,530.0
Brc1ccccc1-n1cc(CSc2nc3ccccc3o2)nn1,'=',nM,2750.0
Cc1cccc(/C=C/C2=NNC(=O)CC2)c1,'=',nM,18.35
Cc1cccc(/C=C/c2ccc(=O)n(-c3ccc(F)cc3)n2)c1,'=',nM,36.54
COc1cccc(-c2csc(Nc3ccc4c(c3)OCO4)n2)c1,'=',nM,920.0
COc1ccc(Nc2nc(-c3ccc(C)c(C)c3)cs2)cc1,'=',nM,1200.0
COc1ccc(-c2nc(-c3ccccc3Cl)sc2-c2ccc(S(N)(=O)=O)cc2)cc1F,'=',nM,2480.0
COc1nc(OCC(C)(C)O)c(-c2ccc(S(C)(=O)=O)cc2)cc1CO,'=',nM,17100.0
CS(=O)(=O)c1ccc2c(Sc3ccc(F)cc3)c(CO)[nH]c2c1,'=',nM,420.0
COc1ccc(-c2c(-c3ccc(S(C)(=O)=O)cc3)occ(Cl)c2=O)cc1,'=',nM,6870684.4
NS(=O)(=O)c1ccc(N2C(=O)/C(=C\c3ccccc3Cl)N=C2c2ccc(Cl)cc2)cc1,'=',nM,860.0
Cc1ccc(-c2c(C#N)cnn2-c2ccc(S(N)(=O)=O)cc2)cc1,'=',nM,76.0
N#Cc1cc(/C=C/S(N)(=O)=O)cc(C(=O)c2ccccc2)c1,'=',nM,5600.0
COC(=O)[C@@H](C)NC(=O)c1ccccc1Nc1c(Cl)ccc(C)c1Cl,'=',nM,6000.0
Cc1cn2nc(-c3ccc(S(C)(=O)=O)cc3)c(-c3ccc(F)cc3)c2nc1C,'=',nM,2133.0
C/C=C/c1cncc(-c2ccc(C(C)C(=O)O)cc2)c1,'=',nM,670.0
CS(=O)(=O)c1ccc(C2=C(c3ccc(Cl)c(F)c3)C(=O)CC2)cc1,'=',nM,15.0
NS(=O)(=O)c1ccc(/N=C/c2ccc(C(F)(F)F)cc2)cc1,'=',nM,4600.0
NS(=O)(=O)c1ccc(/N=C/c2ccc(F)cc2)cc1,'=',nM,2220.0
C/C(=N\N=C1\CCC(=O)N1C)c1cc2ccccc2oc1=O,'=',nM,310.0
Cc1c(NCc2ccccc2)nc(-c2ccc(S(C)(=O)=O)cc2)nc1C(F)(F)F,'=',nM,18.0
CC[S+]([O-])c1cc(NCc2cccs2)nc(-c2ccc(S(C)(=O)=O)cc2)n1,'=',nM,37.6
NS(=O)(=O)c1ccc(-n2nc(C(=O)OCCOc3cc(=O)oc4ccccc34)cc2-c2ccc(F)cc2)cc1,'=',nM,440.0
Cc1ccc(-c2cc(C(=O)OCCOc3cc(=O)oc4ccccc34)nn2-c2ccc(S(N)(=O)=O)cc2)cc1,'=',nM,490.0
NS(=O)(=O)c1ccc(-n2nc(C(=O)OCCOc3cc(=O)oc4ccccc34)cc2-c2cccc(F)c2)cc1,'=',nM,300.0
NS(=O)(=O)c1ccc(-n2nc(C(=O)OCCOc3cc(=O)oc4ccccc34)cc2-c2ccc([N+](=O)[O-])cc2)cc1,'=',nM,330.0
NS(=O)(=O)c1ccc(-n2nc(C(=O)OCCOc3ccc4ccc(=O)oc4c3)cc2-c2cccc(F)c2)cc1,'=',nM,860.0
COC(=O)c1ccc(/N=C/c2ccc(S(N)(=O)=O)cc2)cc1,'=',nM,3720.0
COc1ccc(/N=C/c2ccc(S(N)(=O)=O)cc2)cc1,'=',nM,4140.0
Cc1ccc(-c2cc(C(F)(F)F)nn2-c2ccc(S(C)(=O)=O)cc2)cc1,'=',nM,130.0
O=C(O)Cc1ccccc1Nc1c(Cl)cccc1C(F)(F)F,'=',nM,166.0
Cc1cccc(Cl)c1Nc1ccccc1CC(=O)O,'=',nM,20.0
Cc1ccsc1CNc1cc(C(F)(F)F)nc(-c2ccc(S(C)(=O)=O)cc2)n1,'=',nM,527.8
Cc1c(Cl)nc(-c2ccc(S(C)(=O)=O)cc2)nc1NCc1ccc(F)cc1,'=',nM,68.8
COc1ccc(-c2cc(CSc3nc4ccccc4c(=O)n3-c3ccccc3)on2)cc1OC,'=',nM,1020.0
COc1ccc(-c2cc(CSc3nc4ccccc4c(=O)n3-c3ccc(OC)cc3)on2)cc1,'=',nM,650.0
Cc1ccc(-c2cc(F)c(F)cc2-c2ccc(S(N)(=O)=O)cc2)cn1,'=',nM,51.0
CS(=O)(=O)c1ccc(-c2cc(C(F)(F)F)cnc2OCC(F)(F)F)cc1,'=',nM,500.0
CS(=O)(=O)c1ccc(-n2cc(CSc3ccc(Cl)cc3)nc2-c2ccc(Cl)cc2)cc1,'=',nM,50.0
COc1ccc2c(c1)c(CC(=O)OC(C)C)c(C)n2C(=O)c1ccc(Cl)cc1,'=',nM,250.0
CCSc1nnc(-c2nc(C(C)(C)C)c(O)c(C(C)(C)C)n2)s1,'=',nM,2000.0
CS(=O)(=O)c1ccc(C2=C(c3ccccc3)C(=O)N(c3ccc(C(F)(F)F)cc3)C2)cc1,'=',nM,980.0
Cc1c(C(=O)NC(CO)Cc2ccccc2)nc2ccc(Cl)cc2c1O,'=',nM,2780.0
Brc1ccc(-c2nn(-c3ccccc3)cc2-c2nnc(-c3ccncc3)o2)cc1,'=',nM,39000.0
COc1cccc(-c2c(-c3ccc(S(C)(=O)=O)cc3)sc3ncnn23)c1,'=',nM,257039578.28
COc1ccc(-c2nn(-c3ccccc3)cc2-c2nnc(-c3ccncc3)o2)cc1,'=',nM,42000.0
COc1ccc2c(c1)c(Cc1nc(-c3ccc(Br)cc3)cs1)c(C)n2C(=O)c1ccc(Br)cc1,'=',nM,30.0
CS(=O)(=O)c1ccc(C2SCC(=O)N2c2ccccc2)cc1,'=',nM,200.0
Cc1ccc(Nc2nc(/C=C/c3ccccc3)nc3ccccc23)cc1,'=',nM,43000.0
CC(C(=O)[O-])c1ccc(CC2CCCC2=O)cc1F.[Na+],'=',nM,14000.0
Clc1ccc(-c2nn(-c3ccccc3)cc2-c2nnc(-c3ccccc3)o2)cc1,'=',nM,4700.0
NS(=O)(=O)c1ccc(-n2nc(C(=O)Nc3ccc(Cl)cc3)nc2-c2ccccc2)cc1,'=',nM,470.0
CCOc1ccc(-c2nn3ncccc3c2-c2ccc(S(C)(=O)=O)cc2)cc1,'=',nM,3.0
CS(=O)(=O)c1ccc(C2=C(c3ccc(Cl)c(Cl)c3)CC3(CC3)C2)cc1,'=',nM,3.0
COc1ccc2c(c1)c(Cc1nc(-c3ccc(F)cc3)cs1)c(C)n2C(=O)c1ccc(Cl)cc1,'=',nM,12.0
Cc1ccc(Nc2c(F)cccc2Cl)c(CNS(=O)(=O)C(F)(F)F)c1,'=',nM,400.0
Cc1ccc(-c2c(-c3ccc(S(N)(=O)=O)cc3)ccc(F)c2F)cc1Cl,'=',nM,3.02
N#Cc1c(/N=C/c2ccc(Cl)cc2)c(C(=O)Nc2ccc(Br)cc2)n2c1CCC2,'=',nM,7530.0
CCc1ccc(C(=O)/C=C/C2=Cc3ccccc3OC2)cc1,'=',nM,390.0
CC(C)Cc1cc2c(cc1Cl)C=C(C(=O)O)[C@H](C(F)(F)F)O2,'=',nM,7.0
CO[C@]1(c2ccc(O)c(O)c2)Oc2ccc(CCO)cc2O[C@H]1O,'=',nM,6020.0
CC(S)CN1c2ccccc2Sc2ccccc21,'=',nM,4000.0
CCCCn1c(C)c2c(c1C)C(=O)N(CN1CCN(c3ccccc3OC)CC1)C2=O,'=',nM,44500.0
CCCCCCN(CCCCCC)C(=O)/C=C/c1c(/C=C/c2ccc(OC)cc2)cc(OC)cc1OC,'=',nM,9080.0
COc1ccc(/C=C/c2cc(OC)cc(OC)c2/C=C/C(=O)NC2CC2)cc1,'=',nM,12960.0
CCCCCCNC(=O)/C=C/c1c(/C=C/c2ccc(OC)cc2)cc(OC)cc1OC,'=',nM,8990.0
O=S(=O)(Nc1ccncc1Nc1ccc(F)cc1)C(F)(F)F,'=',nM,300.0
COC(=O)CC[C@H](NC(=O)[C@H](Cc1cnc[nH]1)NC(=O)C(=O)c1cn(S(=O)(=O)c2ccc(C)cc2)c2ccccc12)C(=O)OC,'=',nM,3630.0
CSc1nc2ccccc2n1-c1csc(N)n1,'=',nM,230.0
CSc1nc2ccccc2n1-c1csc(NC(=O)c2ccc(C)cc2)n1,'=',nM,260.0
O=[N+]([O-])c1ccc(-c2nnc(Cn3c(CN4CCCCC4)nc4ccccc43)o2)cc1,'=',nM,60.0
Clc1cccc(-n2cc(CSc3nc4ccccc4o3)nn2)c1,'=',nM,4630.0
CC(C)(C)c1ccc(-n2cc(CSc3nc4ccccc4o3)nn2)cc1,'=',nM,3850.0
O=C1N/C(=N\c2nnc(-c3ccc(O)cc3)s2)S/C1=C\c1ccc(Cl)c(Cl)c1,'=',nM,70.0
O=c1c2ccccc2nc(SCc2cc(-c3ccc(Cl)cc3)no2)n1-c1ccc(Br)cc1,'=',nM,560.0
O=[N+]([O-])c1ccc(-n2c(-c3ccc(Br)cc3)nc3ccccc32)cc1,'=',nM,102000.0
Cc1ccccc1C1C2CCc3ccccc3C2=NN1c1ccc(S(N)(=O)=O)cc1,'=',nM,3280.0
NS(=O)(=O)c1ccc(N2N=C3c4ccccc4OCC3C2c2ccccc2F)cc1,'=',nM,7240.0
CS(=O)(=O)c1ccc(-c2sccc2-c2ccc(F)cc2)cc1,'=',nM,4300.0
Cc1ccc(-c2c(-c3ccc(S(C)(=O)=O)cc3)oc(C)cc2=O)cc1,'=',nM,2180.0
COc1ccc2c(c1)c(Cc1nc(-c3ccc4ccccc4c3)cs1)c(C)n2C(=O)c1ccc(Cl)cc1,'=',nM,7.0
N#Cc1nn(-c2ccc(S(N)(=O)=O)cc2)c(-c2ccc(Cl)cc2)c1Cl,'=',nM,10.0
CC1(C)OC(=O)C(Oc2ccccn2)=C1c1ccc(S(C)(=O)=O)cc1,'=',nM,120.0
CS(=O)(=O)c1ccc(C=C(c2ccc(Cl)cc2)c2ccc(Cl)cc2)cc1,'=',nM,2000.0
C/C(=C(\c1ccccc1)c1ccc(S(C)(=O)=O)cc1)c1cc(C(C)(C)C)c(O)c(C(C)(C)C)c1,'=',nM,3600.0
O=C([O-])Cc1ccccc1Nc1c(Cl)cccc1Cl.[Na+],'=',nM,840.0
NS(=O)(=O)c1ccc(C2=C(c3ccc(F)cc3)CC3(CC3)C2)cc1,'=',nM,3.0
N#Cc1cnn(-c2ccc(S(N)(=O)=O)cc2)c1/N=C/c1ccccc1,'=',nM,82.99
CCOC(=O)c1csc2nc(-c3ccccc3)c(-c3ccc(S(C)(=O)=O)cc3)n12,'=',nM,900.0
COc1c(Cl)cc(-c2cc(F)c(F)cc2-c2ccc(S(N)(=O)=O)cc2)cc1Cl,'=',nM,21.0
CC[C@H](C)NC(=O)Cc1c(C)n(C(=O)c2ccc(Cl)cc2)c2ccc(OC)cc12,'=',nM,110.0
NS(=O)(=O)c1ccc(C2=C(c3ccc(C(F)(F)F)cc3)CCC2)cc1,'=',nM,150.0
COC(=O)[C@@H](C)NC(=O)Cc1c(C)n(C(=O)c2ccc(Cl)cc2)c2ccc(OC)cc12,'=',nM,400.0
Cc1nc(-c2nc(C(F)(F)F)cn2-c2ccc(S(C)(=O)=O)cc2)co1,'=',nM,4150.0
CN(C)c1ccc(-c2cc(F)c(F)cc2-c2ccc(S(N)(=O)=O)cc2)cc1Cl,'=',nM,6.0
Cc1ccncc1-c1nc(C(F)(F)F)cn1-c1ccc(S(N)(=O)=O)cc1,'=',nM,51000.0
COC(=O)c1cc2cc(S(C)(=O)=O)ccc2n1Cc1ccc(Br)cc1,'=',nM,3720.0
Cc1cc(=O)c(Oc2ccc(F)c(F)c2)c(-c2ccc(S(C)(=O)=O)cc2)o1,'=',nM,4430.0
COC(=O)/C(=C/c1ccc(C(F)(F)F)cc1)CSc1nc2ccccc2o1,'=',nM,2950.0
CCCCCN(CCCCC)C(=O)/C=C/c1c(/C=C/c2ccc(OC)cc2)cc(OC)cc1OC,'=',nM,16430.0
CS(=O)(=O)c1ccc(-c2c(-c3ccccc3)sc3c2CCCC3)cc1,'=',nM,19000.0
O=C(N[C@@H]1CCC[C@H]1OCc1ccccc1)C1CCN(c2nc3cc(Cl)ccc3o2)CC1,'=',nM,27400.0
O=C(c1cccs1)c1sc(N(c2ccccc2)c2ccccc2)nc1-c1ccc([N+](=O)[O-])cc1,'=',nM,90.0
N#Cc1ccc(-c2cs/c(=N\C(=O)c3cccs3)n2-c2ccccc2)cc1,'=',nM,90.0
CCOP(=O)(OCC)C(NC(=O)c1cc(-c2cccc3ccccc23)n(-c2ccc(F)cc2)n1)c1ccc(Br)cc1,'=',nM,220.0
CCOP(=O)(OCC)C(NC(=O)c1cc(-c2cccc3ccccc23)n(-c2ccc(Br)cc2)n1)c1ccccc1,'=',nM,220.0
O=C(/C=C/c1cccs1)c1cccc(-n2cnnn2)c1,'=',nM,100.0
CC(=O)Oc1cc2oc(-c3ccc(F)cc3)cc2cc1-c1c[se]nn1,'=',nM,50.0
CC(=O)Oc1cc2oc(-c3cccc(Cl)c3)cc2cc1-c1c[se]nn1,'=',nM,50.0
CCCCNc1cc(C(=O)N/N=c2\scc(-c3ccc(OC)cc3)n2-c2ccc(Br)cc2)cc(S(N)(=O)=O)c1Oc1ccccc1,'=',nM,1520.0
O=Cc1cn(-c2ccc(Br)cc2)nc1-c1ccc(Br)cc1,'=',nM,17.0
COc1ccc2c(c1)c(CC(=O)Oc1cccc3ccccc13)c(C)n2C(=O)c1ccc(Cl)cc1,'=',nM,5000.0
Cc1c(C2=NNC(c3ccccc3)C2)nnn1-c1ccc(S(N)(=O)=O)cc1,'=',nM,2610.0
C/C(=N\NC(=O)c1nnn(-c2ccc(S(N)(=O)=O)cc2)c1C)c1cc2ccccc2o1,'=',nM,2610.0
Cc1ccc(-c2nnc(/N=C3\NC(=O)CS3)s2)cc1,'=',nM,190.0
COc1ccc(-c2nnc(/N=C3\NC(=O)CS3)s2)cc1,'=',nM,190.0
CC(C)S(=O)(=O)c1c(O)n(Cc2ccc(F)c(F)c2)c(=O)c2ccc(Cl)cc12,'=',nM,100.0
Cc1c(CC(F)(F)F)cc(-c2ccc(S(C)(=O)=O)cc2)n1-c1ccc(F)cc1,'=',nM,141.25
CC(C)(C)c1cc(C(=O)C[S+]([O-])CC2CC2)cc2c1OCC2(C)C,'=',nM,4000.0
CS(=O)(=O)c1ccc(-n2cc(CC#N)nc2-c2ccc(Cl)cc2)cc1,'=',nM,1540.0
Cc1ccncc1C1=C(c2ccc(S(C)(=O)=O)cc2)CCC1=O,'=',nM,440.0
COC1=C(c2ccc(S(C)(=O)=O)cc2)C(C)(C)OC1=O,'=',nM,33000.0
COc1ccc2c(c1)c(CC(=O)OCCC1CCCCC1)c(C)n2C(=O)c1ccc(Cl)cc1,'=',nM,1000.0
CS(=O)(=O)c1ccc(-c2[nH]c([N+](=O)[O-])cc2-c2ccc(F)cc2)cc1,'=',nM,63000.0
Cn1ccc(-c2ccc(F)cc2)c1-c1ccc(S(C)(=O)=O)cc1,'=',nM,20000.0
NS(=O)(=O)c1ccc(-n2nc(C(F)(F)F)cc2-c2cc3ccccc3o2)cc1,'=',nM,890.0
CC(C)(C)c1cc(/C=C2\SC(NO)=NC2=O)cc(C(C)(C)C)c1O,'=',nM,1500.0
CS(=O)(=O)c1ccc(-c2sc3ncnn3c2-c2ccccc2)cc1,'=',nM,2300.0
COc1ccc(-c2noc(C)c2-c2ccc(OC)cc2)cc1,'=',nM,350.0
Cc1nc2sc(-c3ccc(S(C)(=O)=O)cc3)c(-c3ccccc3)n2n1,'=',nM,20.0
CS(=O)(=O)c1ccc(-n2cc(CO)nc2-c2ccc(Cl)cc2)cc1,'=',nM,8350.0
CS(=O)(=O)c1ccc(-n2cc(C=O)nc2-c2ccc(Cl)cc2)cc1,'=',nM,1600.0
COc1ccc(-c2c(Cl)ncn2-c2ccc(S(C)(=O)=O)cc2)c(F)c1,'=',nM,15.0
CC(C)(C)OC(=O)N1CCC[C@H]1C(=O)N[C@@H](Cc1ccccc1)C(=O)O,'=',nM,80.0
CCc1c(C(F)(F)F)nn(-c2ccc(S(N)(=O)=O)cc2)c1-c1ccc(Cl)cc1,'=',nM,28.18
O=C(/C=C/c1cn(-c2ccccc2)nc1-c1ccc(OCc2ccccc2)cc1)c1ccc(Cl)cc1,'=',nM,600.0
Nc1nc(-c2ccccc2)cc(-c2cn(-c3ccccc3)nc2-c2ccc(OCc3ccccc3)cc2)n1,'=',nM,2800.0
NS(=O)(=O)c1ccc(-n2ncc([N+](=O)[O-])c2-c2ccccc2)cc1,'=',nM,288.4
CCOC1=C(c2ccc(S(C)(=O)=O)cc2)C(C)(C)OC1=O,'=',nM,23000.0
Cc1ncccc1-c1ncc(Cl)cc1-c1ccc(S(C)(=O)=O)cc1,'=',nM,1330.0
CCS(=O)(=O)c1nc(-c2ccc(Cl)cc2)c(-c2ccc(S(C)(=O)=O)cc2)[nH]1,'=',nM,320.0
CS(=O)(=O)c1ccc(-c2[nH]c(S(C)(=O)=O)nc2-c2ccc(F)cc2)cc1,'=',nM,280.0
CNS(=O)(=O)c1ccc(-c2ccsc2-c2ccc(F)cc2)cc1,'=',nM,7200.0
CS(=O)(=O)c1ccc(-c2noc(C(F)(F)F)c2-c2ccccc2)cc1,'=',nM,1000.0
CS(=O)(=O)c1ccc(C2=C(c3ccc(C#N)cc3)CCC2)cc1,'=',nM,77900.0
CSc1ccc(-c2nc(C(F)(F)F)cn2-c2ccc(S(N)(=O)=O)cc2)cc1Cl,'=',nM,10.0
CS(=O)(=O)c1ccc(C2=C(c3ccc(C(F)(F)F)cc3)CCC2)cc1,'=',nM,865.0
CS(=O)(=O)c1ccc(C2=C(c3ccc(Cl)cc3)CCC2)cc1,'=',nM,3.0
COc1ccc(-c2nc(C)sc2-c2ccc(S(N)(=O)=O)cc2)cc1F,'=',nM,28.0
CSc1nc(-c2ccccc2)c(-c2ccc(S(C)(=O)=O)cc2)[nH]1,'=',nM,60.0
Cc1ccc2c(c1)C1=C(c3ccc(S(C)(=O)=O)cc3)C(=O)OC1CC2,'=',nM,665.0
CC1C(c2ccc(F)cc2)=C(c2ccc(S(C)(=O)=O)cc2)ON1C,'=',nM,31.6
Cc1cc(=O)c(Oc2ccc(Cl)cc2C)c(-c2ccc(S(C)(=O)=O)cc2)o1,'=',nM,190.0
CCONC1=NC(=O)/C(=C/c2cc(C(C)(C)C)c(O)c(C(C)(C)C)c2)S1,'=',nM,3200.0
Cc1ccc(C2=C(c3ccc(S(N)(=O)=O)cc3)C(=O)N(C)C2=O)cc1,'=',nM,85.0
COc1ccc(C2=C(c3ccc(S(N)(=O)=O)cc3)C(=O)N(C)C2=O)cc1,'=',nM,53.0
CC/C=N/c1c(C#N)c2n(c1C(=O)Nc1ccc(C)cc1)CCC2,'=',nM,10330.0
CCOC(=O)c1cnn(-c2ccccn2)c1-n1nnc2ccccc2c1=O,'=',nM,20000.0
CC1(C)OC(=O)C(Sc2ccccc2)=C1c1ccc(S(C)(=O)=O)cc1,'=',nM,70.0
CS(=O)(=O)c1ccc(C2=C(c3ccc(F)cc3)C(=O)CC2)cc1,'=',nM,80.0
Cc1ccc(S(=O)(=O)n2cc(C(=O)C(=O)N[C@@H](Cc3cnc[nH]3)C(=O)O)c3ccccc32)cc1,'=',nM,970.0
NS(=O)(=O)c1ccc(C2=C(c3ccc(F)cc3)CC3(CCC3)C2)cc1,'=',nM,2.0
NS(=O)(=O)c1ccc(-c2sccc2-c2ccc(F)cc2)cc1,'=',nM,670.0
O=C(O)c1ccc(-n2cc(CSc3nc4ccccc4c(=O)n3-c3ccc(Cl)cc3)nn2)cc1,'=',nM,110.0
C=C1C(=O)O[C@@H]2C[C@@]3(C)C=CC(=O)C(=C)[C@@H]3C[C@H]12,'=',nM,400.0
COc1ccc(/C=C/c2cc(OC)cc(OC)c2/C=C/C(=O)NCc2ccco2)cc1,'=',nM,9670.0
CCC(C)NC(=O)/C=C/c1c(/C=C/c2ccc(OC)cc2)cc(OC)cc1OC,'=',nM,4560.0
COc1ccc(/C=C/c2cc(OC)cc(OC)c2/C=C/C(=O)NC(C)(C)C)cc1,'=',nM,11120.0
CCCCCCC/C(=C(\c1ccccc1)c1ccc(OC(C)=O)cc1)c1ccc(S(C)(=O)=O)cc1,'=',nM,7900.0
O=S(=O)(Nc1ccncc1Oc1ccccc1)C(F)(F)F,'=',nM,620.0
CCSc1cc(NCc2cccs2)nc(-c2ccc(S(C)(=O)=O)cc2)n1,'=',nM,833335724.28
CC(Nc1cc(C(F)(F)F)nc(-c2ccc(S(C)(=O)=O)cc2)n1)c1ccccc1,'=',nM,1916461.06
CS(=O)(=O)c1ccc(-c2nccc(NCc3cccs3)n2)cc1,'=',nM,9.2
CS(=O)(=O)c1ccc(-c2nc(O)cc(NCc3cccs3)n2)cc1,'=',nM,79.4
CC(C)(C)c1cc(NCc2cccs2)nc(-c2ccc(S(C)(=O)=O)cc2)n1,'=',nM,31.1
CC(C)(C)c1cc(NCc2ccccc2)nc(-c2ccc(S(C)(=O)=O)cc2)n1,'=',nM,93.9
Cn1cccc1CCCNc1cc(C(F)(F)F)nc(-c2ccc(S(C)(=O)=O)cc2)n1,'=',nM,3980.0
CS(=O)(=O)c1ccc(-c2nc(SCc3cccs3)cc(C(F)(F)F)n2)cc1,'=',nM,4.1
CC(C)CNc1cc(C(F)(F)F)nc(-c2ccc(S(C)(=O)=O)cc2)n1,'=',nM,789.8
NS(=O)(=O)c1ccc(N2N=C3c4ccccc4OCC3C2c2ccccc2Cl)cc1,'=',nM,2280.0
O=C(O)Cc1cccn1-c1ccccc1F,'=',nM,6200.0
CCCc1cc2c(cc1Cl)C=C(C(=O)O)[C@@H](C(F)(F)F)O2,'=',nM,140.0
CC(C)CCc1cc2c(cc1Cl)C=C(C(=O)O)[C@@H](C(F)(F)F)O2,'=',nM,1130.0
O=C(O)c1cccc(Nc2ccc([N+](=O)[O-])cc2)c1,'=',nM,740.0
CN(Cc1ccccc1)c1cc(C(F)(F)F)nc(-c2ccc(S(C)(=O)=O)cc2)n1,'=',nM,454.5
CCC(CC)COc1cc2c(cc1Cl)C=C(C(=O)O)C(C(F)(F)F)O2,'=',nM,46.0
NS(=O)(=O)c1ccc(-c2[nH]c3ccccc3c2-c2ccc(F)cc2)cc1,'=',nM,5.15
CN(c1ccccc1)c1ncc(-c2ccc(S(C)(=O)=O)cc2)c(-c2ccc(F)cc2)n1,'=',nM,85.0
CS(=O)(=O)c1ccc(-c2cnc(C(O)c3ccccc3)nc2-c2ccc(F)cc2)cc1,'=',nM,57.0
Cc1ccc(-c2cc(C(F)(F)F)nn2-c2ccc(S(=O)(=O)NCCNS(=O)(=O)c3cccc4c(N(C)C)cccc34)cc2)cc1,'=',nM,1100.0
CS(=O)(=O)c1ccc(-c2[nH]c3ccccc3c2-c2ccccc2)cc1,'=',nM,0.5998
NS(=O)(=O)c1ccc(-c2[nH]c3ccccc3c2-c2ccccc2)cc1,'=',nM,0.08995
CS(=O)(=O)c1ccc(-n2nc(C(F)(F)F)cc2-c2ccnc(Cl)c2)cc1,'=',nM,190.0
C/C(=C\c1ccc(C(F)(F)F)cc1)c1ccc(O)cc1,'=',nM,470.0
CS(=O)(=O)c1ccc(-c2cc(C(F)(F)F)nc(N)n2)cc1,'=',nM,272.0
COc1ccc(C2CC(c3ccc(Cl)c(Cl)c3)=NN2C2=NC(=O)CS2)cc1,'=',nM,6800.0
COc1ccc(C2CC(c3ccc(C)c(C)c3)=NN2C2=NC(=O)CS2)cc1,'=',nM,2900.0
O=C(Nc1ccccc1)Nc1nnc(-c2ccccc2)o1,'=',nM,63.0
O=C(O)/C=C/c1ccc2c(c1)O[C@H](c1cc(O)cc(O)c1)[C@H](C(=O)O)O2,'=',nM,7500.0
CCCCn1c(C)c2c(c1C)C(=O)N(CN1CCN(c3ccccc3)CC1)C2=O,'=',nM,44500.0
COc1ccc(-c2noc(CC(=O)OC[C@H]3O[C@@H](O)[C@H](O)[C@@H](O)[C@H]3O)c2-c2ccc(OC)cc2)cc1,'=',nM,3100.0
COc1ccc2c(c1)c(CC(=O)Oc1cccnc1)c(C)n2C(=O)c1ccc(Cl)cc1,'=',nM,50.0
CN1CC(c2ccccc2)=C(c2ccc(F)cc2)O1,'=',nM,4960.0
COc1ccc2c(c1)c(CC(=O)OC(CO[N+](=O)[O-])CO[N+](=O)[O-])c(C)n2C(=O)c1ccc(Cl)cc1,'=',nM,600.0
Cn1c(Br)cc(-c2ccc(F)cc2)c1-c1ccc(S(C)(=O)=O)cc1,'=',nM,35500.0
CN(CC(=O)c1cc(C(C)(C)C)c2c(c1)C(C)(C)CO2)CC1CC1,'=',nM,2500.0
CC1(O)OC(=O)C(c2ccc(F)cc2)=C1c1ccc(S(C)(=O)=O)cc1,'=',nM,380.0
COc1cc2c(cc1F)-c1c(c(C(F)(F)F)nn1-c1ccc(S(N)(=O)=O)cc1)SC2,'=',nM,9.0
c1ccc(-c2nn(-c3ccccc3)c3c2CCCCC3)cc1,'=',nM,170.0
CS(=O)(=O)c1ccc2c(Sc3ccc(F)cc3F)c(C#N)[nH]c2c1,'=',nM,940.0
Cc1cc(-c2c(Cl)ncn2-c2ccc(S(C)(=O)=O)cc2)ccc1Cl,'=',nM,11.0
CS(=O)(=O)c1ccc(-c2ccccc2-c2ccc(F)c(Cl)c2)cc1,'=',nM,363.08
Cc1ccc(-c2cc(F)c(F)cc2-c2ccc(S(C)(=O)=O)cc2)cc1C,'=',nM,22.91
CS(=O)(=O)c1ccc(-c2sc(CCc3ccccc3)nc2-c2ccc(F)cc2)cc1,'=',nM,32.0
Cc1cccc(-c2nc(C(F)(F)F)cn2-c2ccc(S(N)(=O)=O)cc2)n1,'=',nM,420.0
COc1ccc(Cc2nn(Cc3n[nH]c(=S)n3C)c(=O)c3c(C)noc23)cc1,'=',nM,2100.0
Cc1noc2c(Cc3ccccc3)nn(Cc3n[nH]c(=S)n3C)c(=O)c12,'=',nM,5500.0
COc1cc(C)cc2c1OC(C(F)(F)F)C(C(=O)O)=C2,'=',nM,3330.0
CCc1cc(C)c2c(c1)C=C(C(=O)O)C(C(F)(F)F)O2,'=',nM,270.0
Cc1cc(OC(F)(F)F)cc2c1OC(C(F)(F)F)C(C(=O)O)=C2,'=',nM,16.0
Cc1cc(Cl)c(C)c2c1OC(C(F)(F)F)C(C(=O)O)=C2,'=',nM,210.0
CCc1cc(OC(F)(F)F)cc2c1O[C@@H](C(F)(F)F)C(C(=O)O)=C2,'=',nM,860.0
Cc1nc(C2CCCCCC2)c(-c2ccc(S(C)(=O)=O)cc2)o1,'=',nM,280.0
CS(=O)(=O)c1ccc(-n2cc(C(F)(F)F)nc2-c2cc3ccccc3cn2)cc1,'=',nM,1200.0
COc1ccc(-c2cc(C(F)(F)F)nn2-c2ccc(S(N)(=O)=O)cc2)cc1,'=',nM,8.0
Cc1onc(-c2ccc(Cl)o2)c1-c1ccc(F)cc1,'=',nM,17200.0
NS(=O)(=O)c1ccc(-n2nc(NC(=O)Nc3cccc(C(F)(F)F)c3)cc2-c2ccccc2)cc1,'=',nM,2000.0
NS(=O)(=O)c1ccc(-n2nc(CCNC(=O)Nc3cccc(C(F)(F)F)c3)cc2-c2ccccc2)cc1,'=',nM,1000.0
NS(=O)(=O)c1ccc(-n2nc(CCCNC(=O)Nc3ccc(OC(F)(F)F)cc3)cc2-c2ccccc2)cc1,'=',nM,900.0
COc1ccc2c(c1)c(Cc1nc(-c3ccc(Br)cc3)cs1)c(C)n2C(=O)c1ccc(Cl)cc1,'=',nM,0.3
CC(=O)OCO/N=[N+](\[O-])N(C)CCOC(=O)Cc1ccc(-c2cc(C(F)(F)F)nn2-c2ccc(S(N)(=O)=O)cc2)cc1,'=',nM,3500.0
CC(=O)OCO/N=[N+](\[O-])N1CCC[C@H]1COC(=O)Cc1ccc(-c2cc(C(F)(F)F)nn2-c2ccc(S(C)(=O)=O)cc2)cc1,'=',nM,900.0
Brc1ccc(OCCOc2nc3ccccc3s2)cc1,'=',nM,500.0
O=C/C=C/c1ccccc1,'=',nM,245000.0
C=C1C(=O)O[C@@H]2/C=C(\C)[C@@H]3O[C@@H]3/C=C(/C(=O)OC)[C@H](O)[C@@H](OC(=O)[C@]3(C)O[C@@H]3C)[C@@H]12,'=',nM,1100.0
O=C(O)[C@H]1O[C@@H](Oc2c(-c3cc(O)c(O)c(O)c3)oc3cc(O)cc(O)c3c2=O)[C@H](O)[C@@H](O)[C@@H]1O,'=',nM,8000.0
Cc1ccc(-c2ccc(S(C)(=O)=O)cc2)n1-c1ccc(F)c(F)c1,'=',nM,250.0
CC1=C(CC(=O)O)c2cc(F)ccc2/C1=C\c1cccc(OCc2ccccc2)c1,'=',nM,286100.0
COc1ccc(-n2nc(-c3ccc(Cl)cc3)c3c2CCCCC3)cc1,'=',nM,1560.0
NS(=O)(=O)c1ccc(-c2cc(-c3ccccc3)no2)cc1,'=',nM,10790.0
C[Si](C)(C)c1onc(-c2ccccc2)c1-c1ccc(S(N)(=O)=O)cc1,'=',nM,130.0
C[Si](C)(C)c1onc(-c2ccc(F)cc2)c1-c1ccc(S(N)(=O)=O)cc1,'=',nM,930.0
CCCCCNc1cc(C(F)(F)F)nc(-c2ccc(S(C)(=O)=O)cc2)n1,'=',nM,728.6
COc1ccc(-n2c(SCc3cn(-c4ccc(Br)cc4)nn3)nc3ccccc3c2=O)cc1,'=',nM,670.0
COc1ccc(-n2c(SCc3cc(-c4ccc(OC)c(OC)c4)no3)nc3ccccc3c2=O)cc1,'=',nM,770.0
COc1ccc(-n2c(SCc3cc(-c4ccc(Cl)cc4)no3)nc3ccccc3c2=O)cc1,'=',nM,630.0
COC1(c2cc(F)cc(OCc3cc(-c4ccccc4)n(-c4ccc(S(N)(=O)=O)cc4)n3)c2)CCOCC1,'=',nM,100.0
CS(=O)(=O)c1ccc(C2C(c3ccccc3)=NOC23COc2ccccc2C3=O)cc1,'=',nM,90.0
CC(Oc1cc(=O)oc2ccccc12)C(=O)Nc1ccc(C(F)(F)F)cc1C#N,'=',nM,50250.0
COc1ccc(-c2noc(CC(=O)O)c2-c2ccc(OC)cc2)cc1,'=',nM,440.0
CC1CCN([C@H](c2ccc(F)cc2)c2ccc([C@@H](C)C(=O)O)cc2-c2ccc(C(F)(F)F)cc2)CC1,'=',nM,27000.0
CS(=O)(=O)c1ccc(N2CCN=C2c2cccc(Br)c2)cc1,'=',nM,6800.0
NS(=O)(=O)c1ccc(-c2[nH]c3ccc(Cl)cc3c2-c2ccccc2Cl)cc1,'=',nM,100.0
NS(=O)(=O)c1ccc(-c2[nH]c3ccc(Cl)cc3c2-c2ccc(Cl)cc2)cc1,'=',nM,0.5395
NS(=O)(=O)c1ccc(N2N=C3c4ccccc4OCC3C2c2ccc(Cl)cc2)cc1,'=',nM,8240.0
NS(=O)(=O)c1ccc(N2N=C3c4ccccc4CCC3C2c2ccccc2F)cc1,'=',nM,11890.0
COc1ccc(C2C3COc4ccccc4C3=NN2c2ccc(S(N)(=O)=O)cc2)cc1,'=',nM,1020.0
NS(=O)(=O)c1ccc(-n2nc(C(F)(F)F)cc2-c2ccc3c(c2)OCO3)cc1,'=',nM,23.99
CN(C)c1cc(-c2nc(C(F)(F)F)cn2-c2ccc(S(C)(=O)=O)cc2)ccc1Cl,'=',nM,1040.0
CC(C)Cc1ccc(C(C)C(=O)OCCNS(=O)(=O)c2cccc3c(N(C)C)cccc23)cc1,'=',nM,9200.0
CS(=O)(=O)c1ccc(-c2nnnn2-c2ccc(Cl)cc2)cc1,'=',nM,110000.0
Cc1ccc(-c2ccc(S(C)(=O)=O)cc2)n1C1CCC(F)CC1,'=',nM,524.81
CC(C)c1ccc(-c2c(Cl)ncn2-c2ccc(S(C)(=O)=O)cc2)cc1,'=',nM,39.0
CCn1c(Cn2nc(Cc3ccc([N+](=O)[O-])cc3)c3onc(C)c3c2=O)n[nH]c1=S,'=',nM,9200.0
O=C1NC(=S)S/C1=C\c1ccc(OCc2cn(-c3ccc(Br)cc3)nn2)cc1,'=',nM,110.0
O=C1NC(=S)S/C1=C\c1ccc(OCc2cn(Cc3ccc(Br)cc3)nn2)cc1,'=',nM,110.0
CCS(=O)(=O)c1nc(-c2ccc(F)cc2)c(-c2ccc(S(C)(=O)=O)cc2)[nH]1,'=',nM,310.0
CCO/C=N/c1nnc(-c2ccc(Cl)cc2)o1,'=',nM,100.0
Cc1cc(-c2cc(F)c(F)cc2-c2ccc(S(C)(=O)=O)cc2)ccc1F,'=',nM,5.0
COc1ccc(Nc2nc(/C=C/c3ccccc3)nc3ccccc23)cc1,'=',nM,37300.0
CC(C)=CCc1cc(/C=C/c2cc(O)cc(O)c2)ccc1O,'=',nM,9500.0
CC(C(=O)[O-])c1ccc(CC2CCCC2=O)cc1Cl.[Na+],'=',nM,2000.0
CC(C(=O)[O-])c1ccc(CC2CCCC2=O)cc1-c1ccc(F)cc1.[Na+],'=',nM,36000.0
Cc1cccc(C)c1Nc1ccccc1CC(=O)O,'=',nM,47.0
Cc1ccc(Nc2c(Cl)cccc2Cl)c(CC(=O)O)c1,'=',nM,47.0
CC(=O)c1cccc(OC(=O)c2c(-c3ccccc3)sc3c2CCCC3)c1,'=',nM,310.0
CC(=O)Nc1ccc(OC(=O)c2c(-c3ccccc3)sc3c2CCCC3)cc1,'=',nM,1400.0
NS(=O)(=O)c1ccc(C#Cc2ccc(=O)n(C(F)F)c2)cc1,'=',nM,6000.0
CS(=O)(=O)c1ccccc1C#Cc1ccc(=O)n(C(F)F)c1,'=',nM,9400.0
CS(=O)(=O)c1ccc(-n2nncc2-c2ccc(Cl)cc2)cc1,'=',nM,40.0
CS(=O)(=O)c1ccc(-n2cc(-c3ccc(Cl)cc3)nn2)cc1,'=',nM,190.0
COc1ccc(-c2cn(-c3ccc(S(C)(=O)=O)cc3)nn2)cc1,'=',nM,2500.0
CS(=O)(=O)c1ccc(NN2C(=O)CSC2c2ccc(F)cc2)cc1,'=',nM,45400.0
CSc1ccc(-c2cc(C(F)(F)F)nn2-c2ccc(S(N)(=O)=O)c(CO)c2)cc1,'=',nM,235.0
CS(=O)(=O)c1ccc(-c2coc(=O)n2-c2ccc(F)cc2)cc1,'=',nM,510.5
COc1ccc2c(c1)c1c(n2C(=O)c2ccc(Br)cc2)CCN(CCCOc2cc(F)cc(C3(OC)CCOCC3)c2)C1.Cl,'=',nM,85400.0
COc1ccc(-n2nc(-c3ccc(Cl)cc3)c3c2CCC(O)C3)cc1,'=',nM,460.0
COc1ccc2c(c1)c(CC(=O)NC[C@@H](C)O)c(C)n2C(=O)c1ccc(Cl)cc1,'=',nM,330.0
CN(C(=O)c1cc(C(C)(C)C)c2c(c1)C(C)(C)CO2)C1CC1,'=',nM,1000.0
CCCCNC(=O)c1cc(C(C)(C)C)c2c(c1)C(C)(C)CO2,'=',nM,220.0
Cc1cnc(-c2cccnc2)c(-c2ccc(S(C)(=O)=O)cc2)c1,'=',nM,350.0
CC(C(=O)O)c1ccc(N[C@H]2CCC[C@@H]2O)cc1F,'=',nM,14000.0
CC(C(=O)O)c1ccc(Cc2ccoc2)cc1F,'=',nM,4000.0
Cc1ccc(-n2c(C)ccc2-c2ccc(S(C)(=O)=O)cc2)cc1,'=',nM,40.0
Cc1c(Cl)cc(-c2ccc(S(C)(=O)=O)cc2)n1-c1ccc(F)cc1,'=',nM,50.0
CS(=O)(=O)Nc1cc2c(cc1SC1CCCCC1)C(=O)CC2,'=',nM,50.0
Cc1nc(Sc2cc3c(cc2NS(C)(=O)=O)CCC3=O)sc1C,'=',nM,1700.0
CS(=O)(=O)c1ccc(-n2cc(C(F)(F)F)nc2-c2ccccc2F)cc1,'=',nM,398.11
CS(=O)(=O)c1ccc(-n2cnc(Cl)c2-c2cccc(F)c2)cc1,'=',nM,65.0
CCOc1ccc(-c2c(Cl)ncn2-c2ccc(S(C)(=O)=O)cc2)cc1F,'=',nM,25.0
NS(=O)(=O)c1ccc(-n2ncc(Br)c2-c2ccc(Cl)cc2)cc1,'=',nM,30.9
CCCC#CCSc1ccccc1OC(C)=O,'=',nM,3000.0
CS(=O)(=O)c1ccc(-n2nnnc2-c2ccc(Cl)cc2)cc1,'=',nM,32000.0
O=C(O)/C=C/c1ccc2c(c1)O[C@@H](C(=O)O)[C@@H](c1cc(O)cc(O)c1)O2,'=',nM,25600.0
CC(C)[C@H](NC(=O)[C@H](C)NC(=O)CN)C(=O)O,'=',nM,200.0
Cc1cc(C)c2c(=O)n(CN3CCN(C4CCCCC4)CC3)sc2n1,'=',nM,358800.0
Cc1cc(C)c2c(=O)n(CCC(=O)N3CCN(c4ccccc4)CC3)sc2n1,'=',nM,368200.0
Cc1cc(C)c2c(OC(C)C(=O)O)nsc2n1,'=',nM,218776.16
Cc1cc(C)c2c(OCCCC(=O)O)nsc2n1,'=',nM,245470.89
O=[N+]([O-])c1ccc(Oc2ccc(OCCN3CCCC3)cc2)cc1,'=',nM,35300.0
CCc1cc(C(=O)c2[nH]c3cc(Cl)ccc3c2CC(=O)O)ncc1Cl,'=',nM,30.7
CC(C)(C)c1cc(/C=N/NC(=O)c2cccnc2)c(O)c(C(C)(C)C)c1,'=',nM,8800.0
CCCCCCNC(=O)Oc1cccc(-c2ccc(CC(=O)O)cc2F)c1,'=',nM,240.0
CCCCCCNC(=O)Oc1cccc(-c2ccc(C(C)C(=O)O)cc2)c1,'=',nM,690.0
CN1C(=O)C(c2ccccc2)=C(c2ccc(S(N)(=O)=O)cc2)C1=O,'=',nM,36.0
C#Cc1cc(Cl)c2c(c1)C=C(C(=O)O)C(C(F)(F)F)O2,'=',nM,26.0
Cc1ccc(C(=O)NCCc2c[nH]c3ccccc23)c(O)c1,'=',nM,16440.0
CC(Oc1cc(=O)oc2ccccc12)C(=O)Nc1ccc(F)cc1F,'=',nM,16830.0
NS(=O)(=O)c1ccc(-c2cc(C(F)(F)F)nc(NCc3ccc(I)cc3)n2)cc1,'=',nM,13000.0
COc1ccc(N2CCN(CC3=NO[C@@H]4CCCC[C@@H]4[C@H]3c3ccccc3)CC2)cc1,'=',nM,1800.0
CCOc1cccc(OCc2cc(-c3ccccc3)n(-c3ccc(S(C)(=O)=O)cc3)n2)c1,'=',nM,900.0
CS(=O)(=O)c1ccc(-n2nc(COc3cccc(N4CCOCC4)c3)cc2-c2ccccc2)cc1,'=',nM,920.0
NS(=O)(=O)c1ccc(-n2nc(C(=O)NNC(=O)c3cccc(C(F)(F)F)c3)cc2-c2ccccc2)cc1,'=',nM,520.0
CCc1cc(OC)c(OC)c(OC)c1,'=',nM,180.0
COC(=O)[C@H](CC(C)C)NC(=O)CNC(=O)[C@@H](N)C(C)C,'=',nM,10000.0
CC(C)[C@H](NC(=O)[C@H](C)NC(=O)CNC(=O)OCc1ccccc1)C(=O)O,'=',nM,3000.0
Cc1c(Nc2ccc(S(=O)(=O)N3CCN(C)CC3)cc2F)nc2ccc(Nc3cnn(C4CC4)c3)cn2c1=O,'=',nM,800.0
Cc1ccc2c(c1)oc(=O)n2Cc1cn(-c2ccc(F)cc2)nn1,'=',nM,2400.0
Cc1ccc2oc(=O)n(Cc3cn(-c4ccc(Br)cc4)nn3)c2c1,'=',nM,2780.0
O=c1oc2ccc(Cl)cc2n1Cc1cn(-c2ccc(Cl)cc2)nn1,'=',nM,2700.0
CS(=O)(=O)c1ccc(-n2nc(COc3ccc4c(c3)OCO4)cc2-c2ccccc2)cc1,'=',nM,450.0
CCOC(=O)CSc1nnc(-c2ccc(S(C)(=O)=O)cc2)c(-c2ccc(C)cc2)n1,'=',nM,10100.0
Cc1cc(Cl)cc2c1OC(C(F)(F)F)C(C(=O)O)=C2,'=',nM,51.0
O=C(NNc1ccccc1)c1ccc(Cl)cc1,'=',nM,330.0
CCOc1ccc(-c2c(Cl)ncn2-c2ccc(S(C)(=O)=O)cc2)cc1Cl,'=',nM,7.0
CC(C)(C)c1nc(-c2ccc(F)cc2)c(-c2ccc(S(C)(=O)=O)cc2)s1,'=',nM,110.0
O=c1c2ccccc2c(S(=O)(=O)c2ccccc2)c(O)n1Cc1ccccc1,'=',nM,140.0
CC(C)(C)c1cc(/C=N/NC(=O)c2ccccc2)c(O)c(C(C)(C)C)c1,'=',nM,6490.0
NS(=O)(=O)c1ccc(-n2nc(C(F)(F)F)c3c2-c2ccc(F)cc2CS3)cc1,'=',nM,40.0
CS(=O)(=O)Nc1cc2c(cc1Nc1ccc(F)cc1F)C(=O)CC2,'=',nM,1000.0
Cc1ccnc(C(=O)c2[nH]c3ccc(F)cc3c2CC(=O)O)c1,'=',nM,5.68
COc1ccc(-c2cc(C(F)(F)F)nn2-c2ccc(Cl)cc2)cc1,'=',nM,750.0
CS(=O)(=O)c1ccc(-c2coc(=O)n2-c2ccccc2F)cc1,'=',nM,660.0
NS(=O)(=O)c1ccc(-c2coc(=O)n2-c2ccc(Cl)c(Cl)c2)cc1,'=',nM,399.94
Cc1cccc(-n2c(-c3ccc(S(N)(=O)=O)cc3)c(C)oc2=O)c1,'=',nM,930.0
Cc1c(C(=O)C(F)(F)F)cc(-c2ccc(S(C)(=O)=O)cc2)n1-c1ccc(F)cc1,'=',nM,120.23
COc1ccc(-c2cc(C(F)F)nn2-c2ccc(S(N)(=O)=O)cc2)cc1F,'=',nM,50.12
COc1ccc(C2=C(c3ccc(S(N)(=O)=O)cc3)CC3(CC3)C2)cc1,'=',nM,1.0
NS(=O)(=O)c1ccc(-n2cc(C(F)(F)F)nc2-c2ccc(Cl)cc2)cc1,'=',nM,10.0
CC(C)=CCC/C(C)=C/CCC1=C[C@]2(OC1=O)c1cc(O)ccc1OC(=O)[C@@]2(CCC=C(C)C)CC(=O)c1cc(O)ccc1O,'=',nM,1290.0
CC(C)=CCCC1=C[C@]2(OC1=O)c1cc(O)ccc1OC(=O)[C@@]2(CC/C=C(\C)CCC=C(C)C)CC(=O)c1cc(O)ccc1O,'=',nM,1290.0
CS(=O)(=O)c1ccc(C2=C(c3ccc(Cl)cc3Cl)CC3(CC3)C2)cc1,'=',nM,33.11
CS(=O)(=O)c1ccc(-c2sc(-c3ccccc3Cl)nc2-c2cccs2)cc1,'=',nM,57.0
CCCNC(=O)Cc1cc(-c2ccc(S(N)(=O)=O)cc2)n(-c2cccc(F)c2)c1C,'=',nM,5780.0
COc1ccc(N2CC(c3ccc(S(C)(=O)=O)cc3)=C(c3ccc(F)cc3)C2=O)cc1,'=',nM,1200.0
COC(=O)c1cc(-c2ccc(S(N)(=O)=O)cc2)c(-c2ccc(F)cc2)s1,'=',nM,70.0
CCC(C)Nc1nc(-c2ccc(S(C)(=O)=O)cc2)cc(C(F)(F)F)n1,'=',nM,2.0
Cc1ccc(Nc2nc(-c3ccc(S(C)(=O)=O)cc3)cc(C(F)(F)F)n2)cc1,'=',nM,11.0
CS(=O)(=O)c1ccc(-c2cnc(CC3CCCCC3)nc2-c2ccc(F)cc2)cc1,'=',nM,12.0
CC(=O)Oc1ccc(C2=C(c3ccc(S(C)(=O)=O)cc3)COC2=O)cc1,'=',nM,1.26
Cc1cc(=O)c(-c2ccc(F)cc2)c(-c2ccc(S(C)(=O)=O)cc2)o1,'=',nM,1070.0
CCc1ccc(-n2cc(CSc3nc4ccccc4o3)nn2)cc1,'=',nM,3800.0
CC/C(=C\c1cc(O)cc(O)c1)c1ccc(N(C)C)cc1,'=',nM,14800.0
CC/C(=C\c1ccc(N(C)C)cc1)c1cc(O)cc(O)c1,'=',nM,2200.0
C/C(=C\c1ccc(N(C)C)cc1)c1cc(O)cc(O)c1,'=',nM,1740.0
NS(=O)(=O)c1ccc(C2=C(c3ccc(F)cc3)c3ccccc3C2)cc1,'=',nM,5.0
CS(=O)(=O)Nc1cc2c(cc1Sc1c(F)cccc1F)C(=O)CC2,'=',nM,100.0
COc1ccc2c(c1)c(CC(=O)NCCCCCCC(=O)NO)c(C)n2C(=O)c1ccc(Cl)cc1,'=',nM,330.0
COc1ccc(Sc2cc3c(cc2NS(C)(=O)=O)CCC3=O)cc1,'=',nM,100.0
COc1ccc2c(c1)c1c(n2Cc2ccc(Cl)cc2)CC(C)(C)CC1=O,'=',nM,910.0
CC1(C)OC(=O)C(Oc2cccc(F)c2)=C1c1ccc(S(C)(=O)=O)cc1,'=',nM,70.0
Cc1cc(C)n2nc(-c3ccc(S(C)(=O)=O)cc3)c(-c3ccc(F)cc3)c2n1,'=',nM,154.0
COc1cccc(C2CC(c3ccc(S(C)(=O)=O)cc3)=NN2c2ccc(S(N)(=O)=O)cc2)c1,'=',nM,1760.0
CCCCC#CCSc1ccccc1OC(C)=O,'=',nM,800.0
Cc1c(CO)cc(-c2ccc(S(C)(=O)=O)cc2)n1-c1ccc(F)cc1,'=',nM,3880.0
CS(=O)(=O)c1ccc(C2=NN(c3ccc(C(=O)O)cc3)C(c3ccccc3)C2)cc1,'=',nM,980.0
COc1ccc(C2CC(c3ccc(S(C)(=O)=O)cc3)=NN2c2ccc(S(N)(=O)=O)cc2)cc1OC,'=',nM,1980.0
CS(=O)(=O)c1ccc(-n2cc(CF)nc2-c2ccc(Cl)cc2)cc1,'=',nM,407.38
CSc1ccc(-c2c(Cl)ncn2-c2ccc(S(C)(=O)=O)cc2)cc1,'=',nM,11.0
COC(=O)c1cc2cc(S(C)(=O)=O)ccc2n1Cc1ccc(OC)cc1,'=',nM,780.0
CS(=O)(=O)c1ccc(C2=C(c3ccccc3)C(=O)C2)cc1,'=',nM,110.0
CS(=O)(=O)c1ccc(-c2cc3c(cc2Cc2ccccc2)OCO3)cc1,'=',nM,10000.0
C[C@@H]1C[C@H]1Cn1ncc(-c2ccc(S(C)(=O)=O)cc2)c(-c2ccc(F)cc2)c1=O,'=',nM,1700.0
Cc1cn(-c2ccc(S(C)(=O)=O)cc2)c(-c2cccnc2)n1,'=',nM,79000.0
Cc1ccc(OCC(=O)NNC(=O)/C=C/c2ccc(O)c(O)c2)c(C)c1,'=',nM,2100.0
CCSc1cccc(-c2ccc(C(C)C(=O)O)cc2)c1,'=',nM,330.0
CCOc1cccc(-c2ccc(C(C)C(=O)O)cc2F)c1,'=',nM,14.0
CS(=O)(=O)c1ccc(-n2cc(C#N)nc2-c2cccnc2)cc1,'=',nM,24400.0
CCSc1ccc(-c2c(Cl)ncn2-c2ccc(S(C)(=O)=O)cc2)cc1,'=',nM,53.0
NS(=O)(=O)c1ccc(C2=C(c3ccc(F)c(Cl)c3)CCC2)cc1,'=',nM,10.0
CC(=O)c1ccc(-n2c(C)ccc2-c2ccc(S(C)(=O)=O)cc2)cc1,'=',nM,2870.0
COc1ccc(-c2cc(F)c(F)cc2-c2ccc(S(N)(=O)=O)cc2)cc1OC,'=',nM,65.0
NC(=O)c1nn(-c2ccc(S(N)(=O)=O)cc2)c(-c2ccc(Cl)cc2)c1Cl,'=',nM,1090.0
CC1(C)COc2ccc(C(=O)CCCC3CC3)cc21,'=',nM,8000.0
CS(=O)(=O)c1ccc(C2=C(c3ccc(F)cc3)C(=O)N(c3ccccc3)C2)cc1,'=',nM,310.0
Cn1cc(-c2nc(C(F)(F)F)cn2-c2ccc(S(C)(=O)=O)cc2)c2ccccc21,'=',nM,1096.48
COc1ccc(-c2cc(F)c(F)cc2-c2ccc(S(C)(=O)=O)cc2)cc1F,'=',nM,20.89
[2H]C([2H])([2H])c1cc(Br)cc2c1OC(C(F)(F)F)C(C(=O)O)=C2,'=',nM,39.0
COc1ccc2[nH]cc(CCNC(=O)c3cc4cc(Cl)ccc4n3Cc3ccc(F)cc3)c2c1,'=',nM,23.3
COc1ccc(-c2c(Cl)ncn2-c2ccc(S(N)(=O)=O)cc2)cc1Cl,'=',nM,5.0
O=C1/C(=C/c2ccc(N3CCCC3)cc2)CCC/C1=C\c1ccc(N2CCCC2)cc1,'=',nM,54320.0
COc1ccc2c(c1)c(CC(=O)Oc1ccc(NC(C)=O)cc1)c(C)n2C(=O)c1ccc(Cl)cc1,'=',nM,50.0
CS(=O)(=O)c1ccc(C2=C(c3ccc(Cl)cc3Cl)CCC2)cc1,'=',nM,52.48
Cc1nc(-c2ccc(Cl)s2)c(-c2ccc(S(C)(=O)=O)cc2)o1,'=',nM,30.0
CCCCC#CCSc1ccccc1OC(=O)CBr,'=',nM,26000.0
Cc1cc(C)c2c(=O)n(CN3CCN(c4ccccc4F)CC3)sc2n1,'=',nM,1258925.41
CS(=O)(=O)c1ccc(-c2[nH]c(S(C)(=O)=O)cc2-c2ccc(F)cc2)cc1,'=',nM,92300.0
CS(=O)(=O)Nc1cc2c(cc1Sc1ncc(Cl)cc1Cl)C(=O)CC2,'=',nM,120.0
CS(=O)(=O)Nc1cc2c(cc1OC1CCCCC1)C(=O)CC2,'=',nM,50.0
CCCCCCNC(=O)Nc1cccc(-c2ccc(C(C)C(=O)O)cc2F)c1,'=',nM,560.0
CN(C)c1ccc(C2=C(c3ccc(S(N)(=O)=O)cc3)CCC2)cc1Cl,'=',nM,2.0
NS(=O)(=O)c1ccc(-n2nc(C(F)(F)F)cc2-c2ccc(Cl)cc2Cl)cc1,'=',nM,56.0
N#Cc1cc(-c2ccc(F)cc2)n(-c2ccc(S(N)(=O)=O)cc2)n1,'=',nM,340.0
NS(=O)(=O)/C=C/c1cc(CO)cc(C(=O)c2ccccc2)c1,'=',nM,9700.0
CNc1ccc(-c2cc(C(F)(F)F)nn2-c2ccc(S(N)(=O)=O)cc2)cc1Cl,'=',nM,27.0
NS(=O)(=O)c1ccc(C2=C(c3ccc(OC(F)(F)F)cc3)CC3(CC3)C2)cc1,'=',nM,130.0
Cc1ccc(-c2c(Cl)c(CCl)nn2-c2ccc(S(N)(=O)=O)cc2)cc1,'=',nM,220.0
CC(C)(O)c1cc(-c2ccc(F)cc2)c(-c2ccc(S(N)(=O)=O)cc2)s1,'=',nM,1600.0
NS(=O)(=O)c1ccc(-n2nc(-c3ccc(Cl)s3)cc2-c2ccc(Cl)cc2)cc1,'=',nM,52.0
COc1ccccc1C1C2CCc3ccccc3C2=NN1c1ccc(S(N)(=O)=O)cc1,'=',nM,2630.0
Cc1cc(=O)c(Oc2ccc(F)cc2C)c(-c2ccc(S(C)(=O)=O)cc2)o1,'=',nM,180.0
CS(=O)(=O)c1ccc(-n2cc(C(F)(F)F)nc2-c2ccccc2Cl)cc1,'=',nM,900.0
Oc1ccc(-c2nc(-c3ccc(O)cc3Cl)cn2-c2ccc(O)cc2)cc1,'=',nM,11500.0
C[C@@H]1CN(c2c(C#N)c(C(F)F)nn2-c2ccc(S(C)(=O)=O)cn2)C[C@H](C)O1,'=',nM,28.0
O=c1oc2ccc(Cl)cc2n1Cc1cn(-c2ccccc2F)nn1,'=',nM,3100.0
Cc1cc(Cl)cc(-c2nc(C(F)(F)F)cn2-c2ccc(S(N)(=O)=O)cc2)c1,'=',nM,40.0
CS(=O)(=O)c1ccc(-n2cc(COc3ccc(Cl)cc3)nc2-c2ccc(Cl)cc2)cc1,'=',nM,30.0
COC(=O)c1cc(=O)n2nc(N)c(/N=N/c3ccc(O)cc3)c2[nH]1,'=',nM,67530.0
Cc1cc(=O)c(-c2ccccc2F)c(-c2ccc(S(C)(=O)=O)cc2)o1,'=',nM,1530.0
O=S(=O)(Nc1ccncc1Nc1cccc(Cl)c1)C(F)(F)F,'=',nM,270.0
CC1=NN(c2cccc(Cl)c2)C(=O)/C1=C\c1cn(-c2nc(N3CCOCC3)nc(N3CCOCC3)n2)c2ccccc12,'=',nM,3000000.0
COc1ccc(Oc2c(C)[nH]c3cccc(S(C)(=O)=O)c23)cc1,'=',nM,1600.0
Cc1[nH]c2cc(S(C)(=O)=O)ccc2c1C(=O)c1ccc(F)cc1,'=',nM,660.0
CC(C)(C)c1cc(/C=C2/SC(N)=NC2=O)cc2c1OCC2(C)C,'=',nM,3000.0
O=C(Nc1ccc(-c2ccc(Cl)cc2)cc1)C1=C(O)c2ccccc2S(=O)(=O)N1,'=',nM,33700.0
COc1ccc(C2=C(c3ccc(S(C)(=O)=O)cc3)CCC2)cc1,'=',nM,5.0
CN(c1ccccc1)c1cnccc1NS(=O)(=O)C(F)(F)F,'=',nM,47620.0
O=S(=O)(Nc1ccncc1Nc1ccccc1)C(F)(F)F,'=',nM,90.0
CN1C(=O)C(c2ccc(Cl)cc2)=C(c2ccc(S(N)(=O)=O)cc2)C1=O,'=',nM,6.0
CC(C(=O)[O-])c1ccc(CC2CCCC2=O)cc1.[Na+],'=',nM,10100.0
NS(=O)(=O)c1ccc(Cn2cc(-c3ccc(Cl)cc3)nn2)cc1,'=',nM,28000.0
O=C(NS(=O)(=O)c1ccc(Br)cc1)c1cncc(C(=O)NS(=O)(=O)c2ccc(Br)cc2)c1,'=',nM,2800.0
CC1(C)C(c2ccc(S(C)(=O)=O)cc2)=C(c2ccccc2)/C1=N/O,'=',nM,61.0
Cc1ccc(-n2nc(-c3ccc(Cl)cc3)c3c2CCCCC3)cc1,'=',nM,640.0
Cc1c(NCc2c(C(C)C)c(=O)n(-c3ccccc3)n2C)c(=O)n(-c2ccccc2)n1C,'=',nM,1000.0
NS(=O)(=O)c1ccc(-c2coc(=O)n2-c2ccc(C(F)(F)F)cc2)cc1,'=',nM,1999.86
Cc1nc(-c2nc(C(F)(F)F)cn2-c2ccc(S(N)(=O)=O)cc2)cs1,'=',nM,520.0
C=C1c2nc3ccccc3n2CC(c2ccc(S(C)(=O)=O)cc2)N1c1ccc(C)cc1,'=',nM,70.0
NS(=O)(=O)c1ccc(N/N=C/c2cn(-c3ccc(S(N)(=O)=O)cc3)nc2-c2ccc(Cl)cc2)cc1,'=',nM,390.0
N=C1/C(=N\Nc2ccc(S(N)(=O)=O)cc2)C(N)=NN1c1ccc(S(N)(=O)=O)cc1,'=',nM,920.0
C=CCOc1cc2oc(C)cc(=O)c2c(O)c1OCC=C,'=',nM,13540.0
CC(C)=CCOc1cc2oc(C)cc(=O)c2c(O)c1OCC=C(C)C,'=',nM,10350.0
Cc1ccc(-c2ccc(S(C)(=O)=O)cc2)n1-c1ccc(F)cc1,'=',nM,60.0
NNc1ccccc1,'=',nM,1514.0
O=[N+]([O-])c1ccc(/C=N/Nc2nnc(-c3ccncc3)o2)cc1,'=',nM,41.0
O=C(Nc1ccccc1)Nc1nnc(-c2ccc(Cl)cc2)o1,'=',nM,290.0
N#CCC(=O)Nc1nnc(-c2ccc(Cl)cc2)o1,'=',nM,250.0
Cc1cc(=O)c(Oc2ccc(Br)cc2F)c(-c2ccc([S@+](C)[O-])cc2)o1,'=',nM,200.0
COc1cc(-c2c(Cl)ncn2-c2ccc(S(C)(=O)=O)cc2)ccc1F,'=',nM,16.0
Cc1c(C#N)cc(-c2ccc(S(C)(=O)=O)cc2)n1-c1ccc(F)cc1,'=',nM,758.58
CCc1ccc(-c2nc(C)oc2-c2ccc(S(C)(=O)=O)cc2)s1,'=',nM,140.0
COCc1cn(-c2ccc(S(C)(=O)=O)cc2)c(-c2ccc(Cl)cc2)n1,'=',nM,3715.35
Cc1ccc(NNC(=O)c2ccc(Cl)cc2)cc1,'=',nM,10.0
Cc1ccc(-c2cc(F)c(F)cc2-c2ccc(S(N)(=O)=O)cc2)cc1C,'=',nM,5.012
NS(=O)(=O)c1ccc(-n2nc(C(F)(F)F)cc2-c2ccc([N+](=O)[O-])cc2)cc1,'=',nM,2630.27
COc1ccc(-c2c(Cl)ncn2-c2ccc(S(N)(=O)=O)cc2)cc1F,'=',nM,5.0
CCCCCCC[Se]c1ccccc1OC(C)=O,'=',nM,12000.0
CS(=O)(=O)c1ccc(-c2cc3c(cc2C=C2CCCCC2)OCO3)cc1,'=',nM,70.0
CS(=O)(=O)c1ccc(C2=C(c3ccc(F)cc3)c3ccccc3C2)cc1,'=',nM,11.0
Clc1ccc(-c2csc(Nc3ccc4c(c3)OCO4)n2)cc1,'=',nM,840.0
CS(=O)(=O)c1ccc(-c2[nH]c3ccc(F)cc3c2-c2ccccc2)cc1,'=',nM,5.0
N#Cc1nn(-c2ccc(S(N)(=O)=O)cc2)c2c1SCc1cc(F)ccc1-2,'=',nM,139.99
Cc1ccc(S(=O)(=O)NC(=O)c2cccc(C(=O)NS(=O)(=O)c3ccc(C)cc3)n2)cc1,'=',nM,5600.0
COc1ccc2c(c1)c(CC(=O)N[C@@H](C)CO)c(C)n2C(=O)c1ccc(Cl)cc1,'=',nM,270.0
CCc1ccc(-c2cc(C(F)(F)F)nn2-c2ccc(S(N)(=O)=O)cc2)cc1,'=',nM,860.0
Cc1ccc(-c2cc(C(F)(F)F)nn2-c2ccc(N=[N+]=[N-])cc2)cc1,'=',nM,1550.0
Cc1ccc(CNc2cc(Cl)nc(-c3ccc(S(C)(=O)=O)cc3)n2)cc1,'=',nM,22522676.55
CCS(=O)(=O)c1cc(NCc2ccccc2)nc(-c2ccc(S(C)(=O)=O)cc2)n1,'=',nM,11025543.32
CS(=O)(=O)c1ccc(-c2nc(NCc3ccc(O)cc3)cc(C(F)(F)F)n2)cc1,'=',nM,1574816.66
Cn1cccc1CNc1cc(C(F)(F)F)nc(-c2ccc(S(C)(=O)=O)cc2)n1,'=',nM,34722421.12
NS(=O)(=O)c1ccc(-c2nc(NCc3cc4ccccc4s3)cc(C(F)(F)F)n2)cc1,'=',nM,7122623.69
CCc1c(NCc2cccs2)nc(-c2ccc(S(C)(=O)=O)cc2)nc1C(F)(F)F,'=',nM,120.9
Cc1ccccc1CNc1cc(C(F)(F)F)nc(-c2ccc(S(C)(=O)=O)cc2)n1,'=',nM,5720.0
COc1ccc2c(c1)c(CC(=O)NN1CCC[C@H]1CO)c(C)n2C(=O)c1ccc(Cl)cc1,'=',nM,1800.0
O=C(/C=C/c1ccc(O)c(O)c1)NNC(=O)COc1cccc2cccnc12,'=',nM,4900.0
CS(=O)(=O)c1ccc(-c2c(-c3ccccc3)sc3ncnn23)cc1,'=',nM,32.0
CCSc1nnc(-c2cc(C(C)(C)C)c(O)c(C(C)(C)C)c2)s1,'=',nM,140.0
C[C@H](NC(=O)c1nc2c(cnn2-c2ccccc2)c(=O)[nH]1)c1ccccc1,'=',nM,23800.0
COc1cc(Cc2n[nH]c(=S)n(/N=C/c3cc4cc(C)ccc4nc3O)c2=O)ccc1O,'=',nM,85.0
Cc1ccc2nc(O)c(/C=N/n3c(=S)[nH]nc(Cc4cccs4)c3=O)cc2c1,'=',nM,110.0
O=c1c(Cc2ccccc2)n[nH]c(=S)n1/N=C/c1cc2ccccc2nc1O,'=',nM,54.0
C=CCn1nc(-c2ccc(S(C)(=O)=O)cc2)c(-c2ccc(F)cc2)c1C(F)(F)F,'=',nM,75.0
Clc1ccc(/C=N/c2nnc(-c3ccc(Cl)cc3)o2)cc1,'=',nM,59.0
CS(=O)(=O)c1ccc(-n2cnc(Cl)c2-c2ccc(OCC(CO[N+](=O)[O-])O[N+](=O)[O-])c(F)c2)cc1,'=',nM,76000.0
Clc1ccc(-n2cc(CSc3nc4ccccc4o3)nn2)cc1,'=',nM,1900.0
Cc1ccc(-c2cc(F)c(F)cc2-c2ccc(S(C)(=O)=O)cc2)cc1Cl,'=',nM,12.88
CS(=O)(=O)c1ccc(-n2cnc(Cl)c2-c2ccc(OCCCO[N+](=O)[O-])c(F)c2)cc1,'=',nM,14000.0
CCOC(=O)CNC(=O)c1ccccc1Nc1c(Cl)ccc(C)c1Cl,'=',nM,4000.0
CS(=O)(=O)c1ccc(-c2nn3cccnc3c2-c2ccc(F)cc2)cc1,'=',nM,4201.0
Cc1cn2c(-c3ccc(S(C)(=O)=O)cc3)c(-c3ccccc3)nc2s1,'=',nM,12.0
CCOC(OCC)c1ccc(/C=C/C(=O)/C=C/c2ccc(C(OCC)OCC)cc2)cc1,'=',nM,31450.0
CC[C@]1(C)OC(=O)C(OC(C)C)=C1c1ccc(S(C)(=O)=O)cc1,'=',nM,400.0
COc1ccc2c(c1)c(CC(=O)Nc1cccnc1Cl)c(C)n2C(=O)c1ccc(Cl)cc1,'=',nM,50.0
COc1ccc2cc([C@H](C)C(=O)NCCc3c[nH]c4ccc(O)cc34)ccc2c1,'=',nM,18000.0
CCCOc1nc(OCC(C)(C)O)c(-c2ccc(S(C)(=O)=O)cc2)cc1CO,'=',nM,2341.0
CCOC(=O)Cc1cc(-c2ccc(S(C)(=O)=O)cc2)n(-c2cccc(F)c2)c1C,'=',nM,2100.0
CS(=O)(=O)c1ccc(C2=NN(c3ccc(S(N)(=O)=O)cc3)C(c3ccccc3)C2)cc1,'=',nM,1620.0
CS(=O)(=O)c1ccc(C2=C(c3ccc(C(F)(F)F)c(F)c3)CCC2)cc1,'=',nM,760.0
COC(=O)c1cc2cc(S(C)(=O)=O)ccc2n1Cc1ccc(Cl)cc1,'=',nM,650.0
CS(=O)(=O)c1ccc(-n2cnc(Cl)c2-c2ccc3c(c2)CCO3)cc1,'=',nM,9.0
CC(=O)Oc1ccccc1SCCCCCBr,'=',nM,9500.0
CS(=O)(=O)c1ccc(-c2cc(F)c(F)cc2-c2ccc3c(c2)OCCO3)cc1,'=',nM,338.84
COC(=O)c1nn(-c2ccc(S(N)(=O)=O)cc2)c(-c2ccc(Cl)cc2)c1Cl,'=',nM,158.49
CSc1ccccc1OC(=O)C(F)(F)F,'=',nM,260000.0
CS(=O)(=O)c1ccc(-c2ccsc2-c2ccccc2)cc1,'=',nM,4000.0
CC(Oc1cc(=O)oc2ccccc12)C(=O)NCc1ccccc1,'=',nM,13190.0
CC(Oc1cc(=O)oc2ccccc12)C(=O)NC12CC3CC(C)(CC(C)(C3)C1)C2,'=',nM,8430.0
CC(C)S(=O)(=O)c1c(O)n(Cc2ccc(F)cc2)c(=O)c2ccccc12,'=',nM,90.0
CC(=O)NCCc1ccc2c(c1)O[C@H](c1ccc(O)c(O)c1)[C@@H](NC(C)=O)O2,'=',nM,3600.0
O=C(O)Cc1ccn(C(F)F)c(=O)c1,'=',nM,12900.0
CS(=O)(=O)c1ccc(-c2[nH]c3ccc(Cl)cc3c2-c2ccccc2Cl)cc1,'=',nM,10.0
Cc1ccc(-c2c(-c3ccc(S(N)(=O)=O)cc3)[nH]c3ccccc23)cc1C,'=',nM,1.459
O=C(O)Cc1ccc(=O)n(C(F)F)c1,'=',nM,1300.0
COc1cc2c(cc1F)-c1c(c(C(F)(F)F)nn1-c1ccc(S(C)(=O)=O)cc1)SC2,'=',nM,75.0
COc1cc2c(cc1F)-c1c(c(C(F)(F)F)nn1-c1ccc(S(N)(=O)=O)cc1)[S+]([O-])C2,'=',nM,1500.0
CO/N=[N+](/[O-])c1ccc(-c2cc(C(F)(F)F)nn2-c2ccc(S(N)(=O)=O)cc2)cc1,'=',nM,3900.0
NS(=O)(=O)c1ccc(-n2nc(C(F)(F)F)cc2-c2ccc3c(c2)CCCS3)cc1,'=',nM,229.09
CCN(CC)c1ccc(-c2c(Cl)ncn2-c2ccc(S(C)(=O)=O)cc2)cc1,'=',nM,80.0
COc1c(O)c(C)c(OC)c2c1CCc1c(O)cccc1O2,'=',nM,6900.0
CC(=O)N[C@H]1Oc2cc(CCO)ccc2O[C@@H]1c1ccc(O)c(O)c1,'=',nM,1300.0
Nc1ccc(NC(=O)c2ccc(C(F)(F)F)cc2)nc1,'=',nM,210000.0
NS(=O)(=O)c1ccc(-c2cc(F)c(F)cc2-c2ccc3c(c2)OCO3)cc1,'=',nM,3.981
CS(=O)(=O)Nc1cc2c(cc1Sc1ccc(Cl)cc1Cl)C(=O)CC2,'=',nM,10.0
Brc1ccc(OCCOc2nc3ccccc3s2)c(Br)c1,'=',nM,360.0
COC(=O)CC1N(C(=O)Nc2nc3ccccc3s2)C(=O)c2ccccc2S1(=O)=O,'=',nM,167300.0
COC(=O)CC1N(C(=O)Nc2ccccn2)C(=O)c2ccccc2S1(=O)=O,'=',nM,217100.0
COc1ccc(-c2nc(C(F)(F)F)cn2-c2ccc(S(C)(=O)=O)cc2)cn1,'=',nM,1200.0
COc1ccc(C2=C(c3ccc(S(C)(=O)=O)cc3)CC3(CC3)C2)cc1F,'=',nM,10.0
CC1(C)C(c2ccc(S(C)(=O)=O)cc2)=C(c2ccccc2)C1O,'=',nM,530.0
Cc1ccc(C2=NN(C3=NC(=O)CS3)C(c3ccccc3Cl)C2)cc1C,'=',nM,7200.0
CCc1csc(Sc2cc3c(cc2NS(C)(=O)=O)COC3=O)n1,'=',nM,1000.0
COc1c(F)cc(-c2cc(C(F)F)nn2-c2ccc(S(N)(=O)=O)cc2)cc1F,'=',nM,350.0
Cc1ccc(/N=C/c2cn(C(=O)c3ccccc3)c3ccccc23)cc1,'=',nM,12400.0
COc1ccc(S2=NS(=O)(=O)c3cc([N+](=O)[O-])ccc32)cc1,'=',nM,880.0
O=C(NS(=O)(=O)c1ccccc1)c1cncc(C(=O)NS(=O)(=O)c2ccccc2)c1,'=',nM,7900.0
O=C(NS(=O)(=O)c1ccc(Cl)cc1)c1cncc(C(=O)NS(=O)(=O)c2ccc(Cl)cc2)c1,'=',nM,3400.0
COc1ccc2[nH]c(C(=O)c3cc(C)ccn3)c(CC(=O)O)c2c1,'=',nM,128.0
COc1ccc2c(CC(=O)O)c(C(=O)c3cc(C)ccn3)[nH]c2c1,'=',nM,1900.0
O=[N+]([O-])c1ccc2c(c1)S(=O)(=O)N=S2c1ccc(C(F)(F)F)cc1,'=',nM,2990.0
CC(=O)c1c(O)cc(O)c(C/C=C(\C)CCC=C(C)C)c1O,'=',nM,400.0
O=C(NS(=O)(=O)c1ccc(F)cc1)c1cncc(C(=O)NS(=O)(=O)c2ccc(F)cc2)c1,'=',nM,5600.0
CC(C)(Cl)CC(=O)c1cc(C(C)(C)C)c2c(c1)C(C)(C)CO2,'=',nM,100.0
Cc1ccncc1-c1ncc(Cl)cc1-c1ccc(S(C)(=O)=O)cc1,'=',nM,830.0
CC1(O)OC(=O)C(c2cc3ccccc3s2)=C1c1ccc(S(C)(=O)=O)cc1,'=',nM,3200.0
Cc1cc(=O)c(Oc2ccc(F)cc2F)c(-c2ccc([S@@+](C)[O-])cc2)o1,'=',nM,2100.0
Cc1cnn(-c2ccc(S(N)(=O)=O)cc2)c1-c1ccccc1,'=',nM,47100.0
NS(=O)(=O)c1ccc(-n2cnc(Cl)c2-c2ccc(OCCO)c(F)c2)cc1,'=',nM,20000.0
Cc1oc(=O)n(-c2ccc(F)cc2)c1-c1ccc(S(N)(=O)=O)cc1,'=',nM,510.0
COc1ccc2c(c1)c(CC(=O)NN1CCC[C@@H]1CO)c(C)n2C(=O)c1ccc(Cl)cc1,'=',nM,1700.0
O=S(=O)(c1ccccc1)N1N=C(C(F)(F)F)CC1c1ccc2ccccc2c1,'=',nM,173600.0
CCOC(OCC)c1ccc(/C=C/C(=O)C2CCc3ccccc3C2=O)cc1,'=',nM,13320.0
Cc1c(CC(=O)OCCO)cc(-c2ccc(S(C)(=O)=O)cc2)n1-c1cccc(F)c1,'=',nM,1700.0
Cc1ccc(S(=O)(=O)N2N=C(C(F)(F)F)CC2c2cccc3ccccc23)cc1,'=',nM,89070.0
CS(=O)(=O)Nc1ccncc1Oc1ccccc1Cl,'=',nM,130.0
COc1ccc(Oc2cnccc2NS(=O)(=O)C(F)(F)F)cc1,'=',nM,440.0
COc1ccc(Oc2cnccc2NS(C)(=O)=O)cc1,'=',nM,2360.0
COc1cccc(C2CC(c3ccc(S(C)(=O)=O)cc3)=NN2c2ccc(C(=O)O)cc2)c1,'=',nM,4710.0
O=C(O)/C=C/C12C=C(O)C(=O)C=C1C(=O)C1=Cc3cc(O)c(O)cc3O[C@@H](c3ccc(O)c(O)c3)[C@@H]12,'=',nM,9800.0
Cc1cc2c(c(C)c1Br)C=C(C(=O)O)C(C(F)(F)F)O2,'=',nM,190.0
COc1ccc(C2CC(c3ccc(S(C)(=O)=O)cc3)=NN2c2ccc(S(N)(=O)=O)cc2)cc1,'=',nM,2110.0
C[C@@]1(CO)C=Cc2cc(O)ccc2O1,'=',nM,630.0
CO[C@]1(c2ccc(O)c(O)c2)Oc2cc(CCO)ccc2O[C@H]1O,'=',nM,9700.0
CCCCCCCNC(=O)Oc1cccc(-c2ccc(C(C)C(=O)O)cc2F)c1,'=',nM,320.0
CC1([O-])OC(=O)C(c2ccc(Cl)cc2)=C1c1ccc(S(C)(=O)=O)cc1.[Na+],'=',nM,1700.0
NS(=O)(=O)c1ccc(-n2nc(C(F)(F)F)cc2-c2ccnc(Cl)c2)cc1,'=',nM,730.0
CC(Sc1nc2ccccc2c(=O)n1N)C(=O)O,'=',nM,5800.0
Cc1cc(=O)c(Oc2ccccc2)c(-c2ccc(S(C)(=O)=O)cc2)o1,'=',nM,1000.0
CCN(CC)c1ccc2c(c1)Oc1cc(N(CC)CC)ccc1C21c2ccccc2C(=O)N1CCNS(=O)(=O)c1ccc(-n2nc(C(F)(F)F)cc2-c2ccc(C)cc2)cc1,'=',nM,3900.0
CN(C)c1cccc2c(S(=O)(=O)NCCNS(=O)(=O)c3ccc(C4=C(c5ccc(Cl)cc5)C(=O)OC4)cc3)cccc12,'=',nM,7200.0
COc1ccc(/C=C/c2cc(OC)cc(OC)c2/C=C/C(=O)N2CCOCC2)cc1,'=',nM,1880.0
COc1ccc(NC(=S)NNC(=O)Nc2ccc(S(C)(=O)=O)cc2)cc1,'=',nM,7150.0
CC(C)=CCc1c(O)ccc2cc(-c3cc(O)cc(O)c3)oc12,'=',nM,31800.0
C/C(=C/Cc1c(O)ccc(C(=O)/C=C/c2ccc(O)cc2)c1O)COC(=O)/C=C/c1ccc(O)cc1,'=',nM,38400.0
CC(C(=O)[O-])c1ccc(CC2CCCC2=O)c(Br)c1.[Na+],'=',nM,23000.0
CC(C(=O)[O-])c1ccc(CC2CCCC2=O)c(-c2ccccc2)c1.[Na+],'=',nM,290000.0
Cc1ccc(-c2cc(CC3CCCC3=O)ccc2C(C)C(=O)[O-])cc1.[Na+],'=',nM,540000.0
CSc1ccc(-c2cc(CC3CCCC3=O)ccc2C(C)C(=O)[O-])cc1.[Na+],'=',nM,150000.0
NS(=O)(=O)c1ccc(N2N=C(C(=O)O)CC2c2ccco2)cc1,'=',nM,3560.0
CC(C)C[C@H](NC(=O)[C@H](Cc1ccccc1)NC(=O)CNC(=O)CNC(=O)OCc1ccccc1)C(=O)O,'=',nM,500.0
COC(=O)[C@H](CC(C)C)NC(=O)CNC(=O)[C@@H](NC(=O)OCc1ccccc1)C(C)C,'=',nM,56000.0
COc1c(-c2cc(C(F)(F)F)nn2-c2ccc(S(N)(=O)=O)cc2)c(O)cc2occc12,'=',nM,7000.0
CCOc1cc(C)nn1C(=O)CNc1ncnc2c1c(C)nn2-c1ccccc1,'=',nM,160.0
Cc1c(-c2ccccc2)n(C(=O)c2ccccc2)c2ccc(S(C)(=O)=O)cc12,'=',nM,7980.0
Oc1ccc([C@@H]2c3c(O)cc(O)cc3[C@H]3[C@H](c4ccc(O)cc4)c4c(O)cc(O)cc4[C@@H]23)cc1,'=',nM,80000.0
Cc1ccc(C2=NN(C3=NC(=O)CS3)C(c3ccc(Br)cc3)C2)cc1C,'=',nM,1800.0
Cc1ccccc1C1CC(c2ccc(Cl)c(Cl)c2)=NN1C1=NC(=O)CS1,'=',nM,16300.0
Cc1ccc(-c2cn[se]c2-c2ccc(Cl)cc2)cc1,'=',nM,0.0
O=C1NC(=S)S/C1=C\c1ccc(OCc2cn(-c3ccc(Cl)cc3)nn2)cc1,'=',nM,190.0
O=C1NC(=O)/C(=C/c2ccc(OCc3cn(-c4ccccc4)nn3)cc2)S1,'=',nM,380.0
CC(C)Cc1ccc(C([11CH3])C(=O)O)cc1,'=',nM,7200.0
COc1ccc(-n2nc(OCC(F)(F)F)nc2-c2ccc(O[11CH3])cc2)cc1,'=',nM,1000.0
Cc1ccc(-n2nc(C(F)(F)F)cc2-c2ccc(S(=O)(=O)Nc3ccc([18F])cc3)cc2)cc1,'=',nM,360.0
NS(=O)(=O)c1ccc(-n2nc(C(F)(F)F)c([18F])c2-c2ccccc2)cc1,'=',nM,1.7
O=C(NS(=O)(=O)c1ccc(F)cc1)c1ccncc1,'=',nM,12100.0
[11CH3]Oc1ccc(-c2cnc(Cl)n2-c2ccc(S(N)(=O)=O)cc2)cc1F,'=',nM,4.0
NS(=O)(=O)c1ccc(/N=C/c2ccccc2)cc1,'=',nM,2870.0
CS(=O)(=O)c1ccc(-n2nc(C(F)(F)F)cc2-c2ccn(C(F)F)c(=O)c2)cc1,'=',nM,1820.0
COc1ccc(/C=C/C(=O)OC[C@H]2O[C@@H](O[C@H]3[C@H](O)[C@@H](O)[C@H](O[C@@H]4CO[C@@H](O[C@@H]5[C@@H](O)[C@H](C)O[C@@H](O[C@H]6[C@H](O[C@H]7CC[C@@]8(C)[C@@H](CC[C@]9(C)[C@@H]8CC=C8[C@@H]%10CC(C)(C)CC[C@]%10(C(=O)O[C@@H]%10O[C@H](CO[C@@H]%11O[C@H](CO)[C@@H](O[C@@H]%12O[C@@H](C)[C@H](O)[C@@H](O)[C@H]%12O)[C@H](O)[C@H]%11O)[C@@H](O)[C@H](O)[C@H]%10O)CC[C@]89C)[C@]7(C)CO)OC[C@@H](O)[C@@H]6O)[C@@H]5O)[C@H](O)[C@@H]4O)O[C@@H]3CO)[C@H](O)[C@@H](O)[C@@H]2O)cc1O,'=',nM,7900.0
c1ccc(Nc2ccc(Nc3ccccc3)cc2)cc1,'=',nM,580.0
O=C(N[C@@H](Cc1c[nH]c2ccccc12)C(=O)N[C@@H](CS)C(=O)N[C@@H](CO)C(=O)O)c1ccc(F)cc1,'=',nM,85000.0
CS(=O)(=O)c1ccc(-n2cc(C(F)(F)F)nc2-c2cccc3c2OCO3)cc1,'=',nM,470.0
CS(=O)(=O)c1ccc(-c2cnc(Br)n2-c2ccc(F)cc2)cc1,'=',nM,48.0
CSc1ccccc1OC(=O)CCl,'=',nM,360000.0
CS(=O)(=O)c1ccc(-c2sc(-c3ccccc3Cl)nc2-c2ccccc2F)cc1,'=',nM,10.0
COc1ccc(-c2nn(-c3ccccc3)c3c2CCCCC3)cc1,'=',nM,1240.0
CC/C(=C(\c1ccccc1)c1ccc(N=[N+]=[N-])cc1)c1ccccc1,'=',nM,280.0
CCCCCC/C(=C(\c1ccccc1)c1ccc(N=[N+]=[N-])cc1)c1ccccc1,'=',nM,110.0
COc1cc2oc(C)cc(=O)c2c(O)c1OC,'=',nM,19700.0
Nc1ccc(-c2cc(Cl)cc3c2OC(C(F)(F)F)C(C(=O)O)=C3)cc1,'=',nM,1820.0
CSc1ccc(C2=C3c4cc(C)ccc4CCC3OC2=O)cc1,'=',nM,971.0
COc1ccc2c(c1)c(CC(=O)N[C@@H](CO)CCSC)c(C)n2C(=O)c1ccc(Cl)cc1,'=',nM,250.0
COC[C@H](C)NC(=O)Cc1c(C)n(C(=O)c2ccc(Cl)cc2)c2ccc(OC)cc12,'=',nM,240.0
Cc1ccc(C2CC(c3ccc(Cl)c(Cl)c3)=NN2C2=NC(=O)CS2)cc1,'=',nM,4700.0
O=C(NS(=O)(=O)c1ccc(Cl)cc1)c1cccnc1,'=',nM,6600.0
O=C(O[C@@H]1[C@@H](c2c(O)cc(O)c3c2O[C@H](c2cc(O)c(O)c(O)c2)[C@H](OC(=O)c2cc(O)c(O)c(O)c2)C3)c2c(O)cc(O)c([C@H]3c4c(O)cc(O)cc4O[C@H](c4cc(O)c(O)c(O)c4)[C@@H]3OC(=O)c3cc(O)c(O)c(O)c3)c2O[C@@H]1c1cc(O)c(O)c(O)c1)c1cc(O)c(O)c(O)c1,'=',nM,4500.0
COc1ccc(C2CC(c3cccs3)=NN2c2ccc(S(N)(=O)=O)cc2)cc1,'=',nM,4330.0
CC(C(=O)[O-])c1ccc(CC2CCCC2=O)cc1-c1ccc(O)cc1.[Na+],'=',nM,11000.0
O=C1O[C@@H](c2ccc(O)c(O)c2)[C@H](C(=O)O)/C1=C\c1ccc(O)c(O)c1,'=',nM,42600.0
NS(=O)(=O)c1ccc(N2CCN=C2c2cccc(F)c2)cc1,'=',nM,7200.0
CNC(=O)c1nc(-c2cc(OC)c(OC)c(OC)c2)n(-c2ccc(OC)cc2)n1,'=',nM,68200.0
NS(=O)(=O)c1ccc(C2=C(c3ccc(Cl)cc3)C(=O)NC2=O)cc1,'=',nM,26000.0
CC1(O)OC(=O)C(c2ccc(Cl)cc2Cl)=C1c1ccc(S(C)(=O)=O)cc1,'=',nM,7500.0
CCSc1cc(NCc2ccccc2)nc(-c2ccc(S(C)(=O)=O)cc2)n1,'=',nM,24.1
CS(=O)(=O)c1ccc(-c2nc(NCc3ccc(C(F)(F)F)cc3)cc(C(F)(F)F)n2)cc1,'=',nM,1920.0
CS(=O)(=O)Nc1ccc(-c2cc(C(F)(F)F)nn2-c2ccc(Cl)cc2)cc1,'=',nM,30.0
[N-]=[N+]=Nc1ccc(C2=C(c3ccccc3)C(=O)OC2)cc1,'=',nM,196.0
O=C(/C=C/C1=Cc2c(ccc3ccccc23)OC1)c1ccccc1F,'=',nM,310.0
NS(=O)(=O)c1ccc(-n2nc(C(F)(F)F)cc2-c2ccc(C(=O)O)cc2)cc1,'=',nM,11200.0
COc1ccc2c(c1)c(CC(=O)NC[C@H](O)c1ccccc1)c(C)n2C(=O)c1ccc(Cl)cc1,'=',nM,210.0
[2H]C([2H])([2H])c1cc2c(c(C([2H])([2H])[2H])c1Cl)C=C(C(=O)O)[C@@H](C(F)(F)F)O2,'=',nM,16.0
O=C1/C(=C/c2ccc(N3CCCC3)cc2)CN(Cc2ccccc2)C/C1=C\c1ccc(N2CCCC2)cc1,'=',nM,57220.0
CCOC(OCC)c1ccc(/C=C2\CCC/C(=C\c3ccc(C(OCC)OCC)cc3)C2=O)cc1,'=',nM,17410.0
NS(=O)(=O)c1ccc(-n2nc(C(F)(F)F)cc2-c2ccc(C(F)(F)F)cc2)cc1,'=',nM,8230.0
COc1ccc(/C=C/c2cc(OC)cc(OC)c2/C=C/C(=O)N2CCC(c3ccccc3)CC2)cc1,'=',nM,8570.0
Cc1cc(=O)c(Oc2ccc(C(=O)O)cc2)c(-c2ccc(S(C)(=O)=O)cc2)o1,'=',nM,10000.0
NS(=O)(=O)c1ccc(NN2C(=O)CSC2c2ccc(C(F)(F)F)cc2)cc1,'=',nM,51800.0
CS(=O)(=O)c1ccc(NN2C(=O)CSC2c2ccc(C(F)(F)F)cc2)cc1,'=',nM,37800.0
CC(=O)NC1=NN(C(C)=O)C(c2cn(-c3ccccc3)nc2-c2ccc(O)cc2)S1,'=',nM,14000.0
CC1(C)OC(=O)C(OC2CC2)=C1c1ccc(S(C)(=O)=O)cc1,'=',nM,5200.0
CS(=O)(=O)c1ccc(-c2cc(Cl)cnc2-c2ccccn2)cc1,'=',nM,5800.0
CS(=O)(=O)c1ccc(C2=C(c3ccc(F)cc3)C(=O)OC2)cc1,'=',nM,600.0
Cc1ccc(-c2c(-c3ccc(S(C)(=O)=O)cc3)ssc2=S)cc1,'=',nM,9000.0
CS(=O)(=O)c1ccc(-c2ssc(=O)c2-c2ccccc2)cc1,'=',nM,1100.0
COc1ccc(NNC(=O)c2ccc(Cl)cc2)cc1,'=',nM,130.0
CS(=O)(=O)c1ccc(-n2cc(C(F)(F)F)nc2-c2ccsc2)cc1,'=',nM,51000.0
CC(C(=O)O)c1ccc(-c2cccc(OC(=O)Nc3ccccc3)c2)c(F)c1,'=',nM,2700.0
NS(=O)(=O)c1ccc(C2=C(c3ccc4c(c3)OCO4)CCC2)cc1,'=',nM,1.995
COc1c(F)cc(-c2nc(C(F)(F)F)cn2-c2ccc(S(N)(=O)=O)cc2)cc1F,'=',nM,30.2
NS(=O)(=O)c1ccc(-n2cnc(Cl)c2-c2ccc(F)cc2)cc1,'=',nM,18.0
Cc1cc(F)cc(-c2nc(C(F)(F)F)cn2-c2ccc(S(N)(=O)=O)cc2)c1,'=',nM,30.2
CS(=O)(=O)c1ccc(-c2nc(-c3ccccc3)sc2-c2ccc(F)cc2)cc1,'=',nM,540.0
CCc1ccc(S2=NS(=O)(=O)c3cc([N+](=O)[O-])ccc32)cc1,'=',nM,1700.0
CC(C)c1ccc(S2=NS(=O)(=O)c3cc([N+](=O)[O-])ccc32)cc1,'=',nM,730.0
CS(=O)(=O)c1ccc(-c2cc(S(C)(=O)=O)sc2-c2ccc(F)cc2)cc1,'=',nM,200000.0
Cc1c(C(N)C(=O)NCCO)cc(-c2ccc(S(C)(=O)=O)cc2)n1-c1cccc(F)c1,'=',nM,13700.0
Brc1ccc(Oc2ccc(OCCN3CCCC3)cc2)cc1,'=',nM,5100.0
FC(F)(F)c1ccc(/N=C/c2cn(Cc3ccccc3)c3ccccc23)cc1,'=',nM,840.0
NS(=O)(=O)c1cc2c(cc1Cl)S(c1ccc(Br)cc1)=NS2(=O)=O,'=',nM,2300.0
Cc1sc(/C=C2\CN(C)CC3C2=NN(c2ccccc2)C3c2cc(F)c(C)s2)cc1F,'=',nM,2.0
O=C(c1cccs1)c1sc(N(c2ccccc2)c2ccccc2)nc1-c1ccccc1,'=',nM,90.0
CCOP(=O)(OCC)C(NC(=O)c1cc(-c2ccsc2)n(-c2ccc(S(N)(=O)=O)cc2)n1)c1ccccc1OC,'=',nM,220.0
CCOP(=O)(OCC)C(C)NC(=O)c1cc(-c2ccc(C)cc2)n(-c2ccc(S(N)(=O)=O)cc2)n1,'=',nM,280.0
COc1ccc(C2CC(c3cccc(-n4cnnn4)c3)=NN2C(C)=O)cc1OC,'=',nM,39.0
COc1ccc(-c2cc(-c3cccc(-n4cnnn4)c3)no2)cc1OC,'=',nM,41.0
COc1ccc(/C=C/C2=NN(c3ccc(S(N)(=O)=O)cc3)C(=O)CC2)cc1,'=',nM,43.8
CCOC(=O)c1c(C)oc2ccc(Oc3ccc(OC)cc3)cc12,'=',nM,8600.0
OC[C@H]1C[C@](O)(c2ccccc2)[C@@H](c2ccccc2)O1,'=',nM,5100.0
O=C(O)[C@H]1C[C@](O)(c2ccc(F)cc2)[C@@H](c2ccc(F)cc2)O1,'=',nM,3200.0
Cc1cc(=O)c(-c2ccccc2)c(-c2ccc(S(C)(=O)=O)cc2)o1,'=',nM,1840.0
Cc1cc(=O)c(-c2ccc(Cl)cc2)c(-c2ccc(S(C)(=O)=O)cc2)o1,'=',nM,2150.0
CCCCCOC(=O)Cc1c(C)n(C(=O)c2ccc(Cl)cc2)c2ccc(OC)cc12,'=',nM,50.0
COC[C@@H](C)NC(=O)Cc1c(C)n(C(=O)c2ccc(Cl)cc2)c2ccc(OC)cc12,'=',nM,140.0
COc1ccc(-n2c(-c3ccc(S(N)(=O)=O)cc3)coc2=O)cc1,'=',nM,210.0
CS(=O)(=O)c1ccc(-n2cc(C(F)F)nc2-c2ccc(Cl)cc2)cc1,'=',nM,610.0
CCOC(=O)/C(=C/c1cccc(F)c1)CSc1nncn1C,'=',nM,3880.0
Cc1ccc(Nc2cnccc2NS(C)(=O)=O)cc1C,'=',nM,30740.0
O=S(=O)(Nc1ccncc1Nc1ccccc1)C1CC1,'=',nM,35090.0
Clc1ccc(Oc2ccc(OCCN3CCCC3)cc2)cc1,'=',nM,22000.0
COc1ccc(-c2cc(F)c(F)cc2-c2ccc(S(C)(=O)=O)cc2)cc1Cl,'=',nM,19.0
CN(C)c1ccc(-c2nc(C(F)(F)F)cn2-c2ccc(S(C)(=O)=O)cc2)cc1F,'=',nM,330.0
Cc1ccc(-c2nc(C(F)(F)F)cn2-c2ccc(S(C)(=O)=O)cc2)cc1C,'=',nM,330.0
[2H]C([2H])([2H])c1cc2c(c(C([2H])([2H])[2H])c1Br)C=C(C(=O)O)[C@@H](C(F)(F)F)O2,'=',nM,9.0
COc1ccc(/C=N/Nc2nc(-c3ccc(S(C)(=O)=O)cc3)cs2)cc1OC,'=',nM,195.0
NS(=O)(=O)c1ccc(-c2ccc(F)c(F)c2-c2ccc(F)c(Cl)c2)cc1,'=',nM,1.995
CCN(C)C(=O)c1cc(C(C)(C)C)c2c(c1)C(C)(C)CO2,'=',nM,4500.0
COc1ccc(-n2nnnc2-c2ccc(S(C)(=O)=O)cc2)cc1,'=',nM,2000.0
COc1ccc(-n2c(-c3ccc(S(N)(=O)=O)cc3)coc2=O)cc1F,'=',nM,1130.0
CCOC(OCC)c1ccc(/C=C2\CC/C(=C\c3ccc(C(OCC)OCC)cc3)C2=O)cc1,'=',nM,14760.0
CS(=O)(=O)Nc1ccncc1Sc1ccccc1,'=',nM,1190.0
N#Cc1c(N=Cc2ccco2)c(C(=O)Nc2ccccc2)n2c1CCC2,'=',nM,780.0
Cc1ccc(NC(=O)c2c(N=Cc3ccc4ccccc4c3)c(C#N)c3n2CCC3)cc1,'=',nM,110.0
N#Cc1c(N=Cc2ccc3ccccc3c2)c(C(=O)Nc2ccc(Cl)cc2)n2c1CCC2,'=',nM,170.0
Cc1ccc(-c2cc(CCCNC(=O)Nc3cccc(C(F)(F)F)c3)nn2-c2ccc(S(N)(=O)=O)cc2)cc1,'=',nM,2800.0
CS(=O)(=O)c1ccc(C2SCC(=O)N2c2ccc(F)cc2)cc1,'=',nM,120.0
CC(C(=O)OCC(CO[N+](=O)[O-])O[N+](=O)[O-])c1cccc(C(=O)c2ccccc2)c1,'=',nM,740.0
Cc1ccc(-c2cnnn2-c2ccc(S(C)(=O)=O)cc2)cc1,'=',nM,120.0
CC(C(=O)[O-])c1ccc(CC2CCCC2=O)c(-c2ccc(F)cc2)c1.[Na+],'=',nM,36000.0
COc1ccc2c(c1)c1c(n2C(=O)c2ccc(F)cc2)CCN(CCCOc2cc(F)cc(C3(OC)CCOCC3)c2)C1.Cl,'=',nM,53600.0
CCc1ccccc1Nc1cnccc1NS(=O)(=O)C(F)(F)F,'=',nM,7240.0
COc1ccc(Nc2cnccc2NS(C)(=O)=O)cc1,'=',nM,21610.0
CCOc1cc(OCC)cc(-c2ccc(C(C)C(=O)O)cc2)c1,'=',nM,320.0
CCc1csc(Sc2cc3c(cc2NS(C)(=O)=O)CCC3=O)n1,'=',nM,280.0
COc1ccc2c(c1)c(CC(=O)NCCCCl)c(C)n2C(=O)c1ccc(Cl)cc1,'=',nM,50.0
CS(=O)(=O)c1ccc(-c2cc(C(F)(F)F)cnc2OCC2(O)CCCC2)cc1,'=',nM,1400.0
C#CCCCC(=O)c1cc(C(C)(C)C)c2c(c1)C(C)(C)CO2,'=',nM,15.0
NS(=O)(=O)c1ccc(-c2nc(NCC3CCCCC3)cc(C(F)(F)F)n2)cc1,'=',nM,803.5
Cc1ccc(-c2c(-c3ccc(S(C)(=O)=O)cc3)occ(Cl)c2=O)cc1,'=',nM,1760759.34
CS(=O)(=O)c1ccc(-c2occ(Cl)c(=O)c2-c2cccnc2)cc1,'=',nM,7048553.49
COc1cc2oc(C)cc(=O)c2c(O)c1O,'=',nM,15350.0
CCc1cc(/C=C/S(N)(=O)=O)cc(C(=O)c2ccccc2)c1,'=',nM,12000.0
CC1(O)OC(=O)C(c2cccs2)=C1c1ccc(S(C)(=O)=O)cc1,'=',nM,1900.0
NS(=O)(=O)c1ccc(/C=N/c2ccccc2)cc1,'=',nM,3110.0
NS(=O)(=O)c1ccc(/N=C/c2cccc(O)c2)cc1,'=',nM,2780.0
CC(C)CCc1cc2c(cc1Cl)C=C(C(=O)O)[C@H](C(F)(F)F)O2,'=',nM,68.0
CC(C)c1cc2c(cc1Cl)C=C(C(=O)O)C(C(F)(F)F)O2,'=',nM,300.0
Cc1cc(=O)c(Oc2ccc(Cl)cc2F)c(-c2ccc([S@+](C)[O-])cc2)o1,'=',nM,250.0
CCCN(CCC)C(=O)/C=C/c1c(/C=C/c2ccc(OC)cc2)cc(OC)cc1OC,'=',nM,8060.0
C#CCNC(=O)/C=C/c1c(/C=C/c2ccc(OC)cc2)cc(OC)cc1OC,'=',nM,9080.0
CCCCCCNC(=O)Oc1cccc(-c2ccc(C(C)C(=O)O)cc2[N+](=O)[O-])c1,'=',nM,930.0
Cc1ccccc1Nc1cnccc1NS(C)(=O)=O,'=',nM,18600.0
O=S(=O)(Nc1ccncc1NC1CCCCCC1)C(F)(F)F,'=',nM,1620.0
CS(=O)(=O)Nc1ccncc1NC1CCCCCC1.Cl,'=',nM,13530.0
CSc1cc(-c2ccc(F)cc2)c(-c2ccc(S(C)(=O)=O)cc2)[nH]1,'=',nM,34500.0
C=CCOc1c(OC)c(OC)cc2oc(C)cc(=O)c12,'=',nM,21250.0
Cc1cc(=O)c2c(O)c(O)c(O)cc2o1,'=',nM,8870.0
CCc1cc(C(=O)c2ccccc2)ccc1/C=C/S(N)(=O)=O,'=',nM,5600.0
COc1ccc2c(c1)c(CC(=O)OCCS(=O)(=O)NO)c(C)n2C(=O)c1ccc(Cl)cc1,'=',nM,420.0
CC(C)Cc1ccc(C(C)C(=O)OCCS(=O)(=O)NO)cc1,'=',nM,15800.0
Cc1cc(=O)c(Oc2ccc(Cl)cc2Cl)c(-c2ccc(S(C)(=O)=O)cc2)o1,'=',nM,3380.65
CCC1(C)COc2ccc(C(=O)CCCC3CC3)cc21,'=',nM,5000.0
Cc1ccc(-n2c(-c3ccc(S(C)(=O)=O)cc3)coc2=O)cc1,'=',nM,479.73
CS(=O)(=O)c1ccc(-c2cc(Cl)c(Cl)cc2-c2ccc(F)cc2)cc1,'=',nM,239.88
CCSc1ccc(-c2cc(Cl)cc3c2OC(C(F)(F)F)C(C(=O)O)=C3)cc1,'=',nM,242.0
O=C(NCCc1c[nH]c2ccccc12)c1cc2cc(Cl)ccc2n1Cc1ccc(F)cc1,'=',nM,23.3
C[C@H](C(=O)O)c1ccc2c3cc(Cl)ccc3n(C(=O)c3ccc(Cl)cc3)c2c1,'=',nM,46500.0
COc1ccc2cc([C@H](C)C(=O)OCCS(=O)(=O)NO)ccc2c1,'=',nM,2300.0
COc1ccc(-c2cc(C(F)(F)F)nn2-c2ccc(OC)cc2)cc1,'=',nM,750.0
COc1ccc2cc(/C=N/n3c(=S)[nH]nc(Cc4cc(OC)c(OC)c(OC)c4)c3=O)c(O)nc2c1,'=',nM,97.0
COc1cc2oc(C)cc(=O)c2c(OCC=C(C)C)c1OC,'=',nM,17640.0
COc1c(OC)c(O)c2c(=O)cc(C)oc2c1Br,'=',nM,25420.0
CS(=O)(=O)c1ccc(-n2cc(C(F)(F)F)nc2-c2nccc3ccccc23)cc1,'=',nM,1700.0
CC(=O)OCc1cc(-c2ccc(S(C)(=O)=O)cc2)n(-c2ccc(F)cc2)c1C,'=',nM,467.74
Cc1cc(-c2nc(C(F)(F)F)cn2-c2ccc(S(C)(=O)=O)cc2)ccc1F,'=',nM,169.82
CN(C)c1ccc(-c2nc(C(F)(F)F)cn2-c2ccc(S(C)(=O)=O)cc2)cc1Cl,'=',nM,323.59
O=C(/N=c1\scc(-c2ccc(C(F)(F)F)cc2)n1-c1ccccc1)c1cccs1,'=',nM,90.0
CS(=O)(=O)c1ccc(C(=O)/C=C/c2cccc(F)c2F)cc1,'=',nM,180.0
Cc1ccc(C2=NN(C(N)=O)C(c3cn(-c4ccccc4)nc3-c3ccc(Cl)cc3)C2)cc1,'=',nM,1090.0
NC(=O)N1N=C(c2ccc(Cl)cc2)CC1c1cn(-c2ccccc2)nc1-c1ccc(Cl)cc1,'=',nM,1090.0
NC(=O)N1N=C(c2ccc(F)cc2)CC1c1cn(-c2ccccc2)nc1-c1ccc(F)cc1,'=',nM,1090.0
Cc1cncc(-c2nc(C(F)(F)F)cn2-c2ccc(S(C)(=O)=O)cc2)c1,'=',nM,1800.0
CS(=O)(=O)Nc1cc2c(cc1Sc1nccs1)C(=O)OC2,'=',nM,610.0
N#Cc1cnn(-c2ccc(S(N)(=O)=O)cc2)c1NC(=O)CCl,'=',nM,19.87
CC(=O)Nc1c(C#N)cnn1-c1ccc(S(=O)(=O)NC(C)=O)cc1,'=',nM,61.24
CCOC(=O)c1c(-c2ccccc2)oc2ccc(Oc3ccccc3C)cc12,'=',nM,20100.0
CCOc1ccccc1N1CCN(CN2C(=O)c3c(c(C)n(-c4ccccc4)c3C)C2=O)CC1,'=',nM,42700.0
COc1c(Cl)cc(C2=C(c3ccc(S(N)(=O)=O)cc3)CCC2)cc1Cl,'=',nM,8.913
CCCC(=O)c1cc(C(C)(C)C)c2c(c1)C(C)(C)CS2,'=',nM,150.0
Cc1ccc(S(=O)(=O)N/N=C/c2coc3ccccc3c2=O)cc1,'=',nM,203690.0
CC(C(=O)OCCO[N+](=O)[O-])c1ccc2c(c1)[nH]c1ccc(Cl)cc12,'=',nM,65000.0
CCCC/C(=C(\c1ccccc1)c1ccc(OC)cc1)c1ccc(S(C)(=O)=O)cc1,'=',nM,7700.0
O=C1NC(=O)C(c2ccc(O)c(O)c2)=C1c1ccccc1,'=',nM,16040.0
CS(=O)(=O)c1ccc(-c2cc([N+](=O)[O-])ccc2-c2ccccc2)cc1,'=',nM,38000.0
O=S(=O)(Nc1ccncc1Nc1ccc(Br)cc1)C(F)(F)F,'=',nM,910.0
CS(=O)(=O)c1ccc(-c2cn3c(c2-c2ccc(Cl)cc2)CCC3)cc1,'=',nM,8.0
CN(C)/C=N/S(=O)(=O)c1ccc(-n2cc(/C=N\N=C3/SCC(=O)N3c3ccc(Cl)cc3)c(-c3ccccc3)n2)cc1,'=',nM,640.0
C/C(=C\c1ccc(O)cc1)c1cc(O)cc(O)c1,'=',nM,1780.0
O=C(NC1CCCC1)C1CCN(c2nc3cc(Cl)ccc3o2)CC1,'=',nM,1010.0
O=C(N[C@H]1CCC[C@H]1OCc1ccccc1)C1CCN(c2nc3cc(Cl)ccc3o2)CC1,'=',nM,76600.0
COc1ccc(-c2nc(C(F)(F)F)cn2-c2ccc(S(C)(=O)=O)cc2)cc1F,'=',nM,150.0
COc1ccc(-c2nc3c(C(N)=O)cccc3[nH]2)cc1,'=',nM,11560.0
CS(=O)(=O)c1ccc(C2=C(c3ccccc3)CCC2)cc1,'=',nM,2250.0
Cc1nn(-c2ccccc2)c2c1C(c1ccccc1[N+](=O)[O-])C(C#N)=C(/N=C/c1ccccc1)O2,'=',nM,193820629.61
Nc1cc(-c2ccccc2)nn1-c1nc2c(cnn2-c2ccccc2)c(=O)n1-c1ccccc1,'=',nM,540.0
O=C1NC(=O)C(=NNc2cccc(-c3nc4ccccc4[nH]3)c2)C(=O)N1,'=',nM,7470.0
O=C1/C(=N\Nc2ccccc2Br)C(Nc2ccccc2F)=NN1CNc1ccccc1,'=',nM,48.0
COc1ccc(N/N=C2\C(=O)N(CNc3c(C)cccc3C)N=C2Nc2ccccc2F)cc1,'=',nM,46.0
C=CCc1ccc(O)c(OC)c1,'=',nM,129000.0
CCCCCCCCNC(=O)Cc1c(C)n(C(=O)c2ccc(Cl)cc2)c2ccc(OC)cc12,'=',nM,40.0
CS(=O)(=O)c1ccc(/C=C(/C(=O)O)c2ccc(-c3ccc(F)cc3F)cc2)cc1,'=',nM,320.0
CCCCCC(=C(c1ccccc1)c1ccccc1)c1ccc(S(C)(=O)=O)cc1,'=',nM,2000.0
C[C@@H]1OC(O[C@@H]2[C@@H](O)[C@H](OCCc3ccc(O)c(O)c3)O[C@H](CO[C@@H]3OC[C@@H](O)[C@H](O)[C@H]3O)[C@H]2OC(=O)/C=C/c2ccc(O)c(O)c2)[C@H](O)[C@H](O)[C@H]1O,'=',nM,600000.0
CCCCCC/C(=C(\c1ccccc1)c1ccc(NS(C)(=O)=O)cc1)c1ccccc1,'=',nM,30.0
O=C(O)Cc1cccn(C(F)F)c1=O,'=',nM,8000.0
CS(=O)(=O)c1ccc(-c2cc(C(F)(F)F)cnc2-c2cccnc2)cc1,'=',nM,1800.0
COc1cc(/C=c2\sc3nc(C45CC6CC(CC(C6)C4)C5)nn3c2=O)ccc1O,'=',nM,50000.0
CCOP(=O)(OCC)C(NC(=O)c1cc(-c2ccccc2F)n(-c2ccc(S(N)(=O)=O)cc2)n1)c1ccc(Br)cc1,'=',nM,280.0
COc1ccc(/C=C2\S/C(=N/c3nnc(C)s3)NC2=O)cc1,'=',nM,100.0
Cc1ccccc1/C=C/C1=NNC(S)CC1,'=',nM,43.8
COc1ccc(/C=C/C2=NN(c3ccc(S(N)(=O)=O)cc3)C(=O)CC2)cc1OC,'=',nM,43.8
CCOc1ccc(-c2cc(-c3ccc(F)cc3)n(-c3ccc(S(N)(=O)=O)cc3)n2)cc1,'=',nM,43.0
CCOc1ccc(-c2cc(-c3ccc(Br)cc3)n(-c3ccc(S(N)(=O)=O)cc3)n2)cc1,'=',nM,43.0
CC(=O)N1N=C(c2nnn(-c3ccc(S(N)(=O)=O)cc3)c2C)CC1c1ccccc1,'=',nM,2610.0
CC1=NN(c2ccc(S(N)(=O)=O)cc2)C(=O)/C1=C\c1sccc1C,'=',nM,150.0
COc1cc(-c2nnc(/N=C3\NC(=O)CS3)s2)cc(OC)c1OC,'=',nM,190.0
Cc1ccc(/C=C2\S/C(=N/c3nnc(C)s3)NC2=O)cc1,'=',nM,100.0
Cc1nnc(/N=C2\NC(=O)/C(=C/C3CCCCC3)S2)s1,'=',nM,250.0
COc1ccc2c(c1)CSc1c(C(F)(F)F)nn(-c3ccc(S(N)(=O)=O)cc3)c1-2,'=',nM,13.0
C[S+]([O-])c1ccc(C2=C(c3ccccc3)C(=O)OC2)cc1,'=',nM,4930.0
Oc1ccc([C@H]2Oc3cc(O)cc(O)c3C[C@H]2O)cc1,'=',nM,69700.0
CONC1=NC(=O)/C(=C/c2cc(C(C)(C)C)c(O)c(C(C)(C)C)c2)S1,'=',nM,1700.0
CC1(C)CC(c2cc(C(C)(C)C)c3c(c2)C(C)(C)CO3)=NO1,'=',nM,200.0
Cc1cc(=O)c(Oc2ccc(F)cc2F)c(-c2ccc(S(C)(=O)=O)cc2)o1,'=',nM,80.0
CC(C(=O)O)c1ccc(C[C@@H]2CCC[C@@H]2O)cc1F,'=',nM,48000.0
CC(C(=O)O)c1ccc(C[C@H]2CCC[C@@H]2O)cc1Br,'=',nM,8500.0
CCc1ccc(-c2ccc(O)c(OC)c2)o1,'=',nM,9400.0
Cc1cccc(/N=C/c2coc3ccccc3c2=O)c1,'=',nM,25430.0
CC(C(=O)O)c1ccc(C[C@@H]2CCC[C@@H]2O)cc1,'=',nM,12200.0
COC(=O)c1cc(/N=C/c2ccc(S(N)(=O)=O)cc2)ccc1O,'=',nM,3130.0
COc1cc(OCc2cc(-c3ccccc3)n(-c3ccc(S(C)(=O)=O)cc3)n2)cc(OC)c1OC,'=',nM,220.0
CS(=O)(=O)c1ccc(-n2nc(COc3cccc([N+](=O)[O-])c3)cc2-c2ccccc2)cc1,'=',nM,740.0
CS(=O)(=O)c1ccc(-c2[nH]c3ccccc3c2-c2ccc(Cl)cc2)cc1,'=',nM,146.0
COc1ccc2c(c1)c(CC(=O)N[C@H](C)CO)c(C)n2C(=O)c1ccc(Cl)cc1,'=',nM,170.0
CSc1nc2ccccc2n1-c1csc(NC/C(C)=N/N=c2\scc(-c3ccc(Cl)cc3)n2-c2ccccc2)n1,'=',nM,45.0
Cc1ccc(-c2c(-c3ccc(S(C)(=O)=O)cc3)[nH]c3ccccc23)cc1C,'=',nM,0.17
CSc1nc2ccccc2n1-c1csc(NC(=O)c2ccccc2)n1,'=',nM,190.0
Br.CSc1nc2ccccc2n1-c1csc(=N)n1CC(=O)c1ccccc1,'=',nM,180.0
Fc1ccc(-c2nnc(Cn3c(CN4CCCCC4)nc4ccccc43)o2)cc1,'=',nM,60.0
Cc1[nH]c2cc(S(C)(=O)=O)ccc2c1Sc1ccccn1,'=',nM,5200.0
CN(C)c1ccc(-c2c(-c3ccc(S(C)(=O)=O)cc3)ccc(F)c2F)cc1Cl,'=',nM,7.943
CS(=O)(=O)c1ccc(NN2C(=O)CSC2c2ccccc2)cc1,'=',nM,20000.0
Cc1ccc(C2SCC(=O)N2Nc2ccc(S(C)(=O)=O)cc2)cc1,'=',nM,14400.0
Cc1ccc(/C=N/NC(=O)c2sc3nc(-c4ccc(Cl)cc4)cc(-c4cccs4)c3c2N)cc1,'=',nM,104.0
O=c1c(O)c(-c2ccc(O)c(O)c2)oc2cc(O)cc(O)c12,'=',nM,28600.0
COc1ccc(-c2cscc2-c2ccc(S(C)(=O)=O)cc2)cc1F,'=',nM,30.0
Cc1c(C(=O)NCCc2ccc(N3CCCC3C)cc2)nc2ccc(Cl)cc2c1O,'=',nM,1910.0
CCOC(=O)C(Cc1ccccc1)NC(=O)c1nc2ccc(Cl)cc2c(O)c1C,'=',nM,1910.0
Cc1c(S(=O)(=O)C(F)(F)F)cc(-c2ccc(S(C)(=O)=O)cc2)n1-c1ccc(F)cc1,'=',nM,60.0
O=S(=O)([O-])Oc1cc(O)cc(/C=C/c2ccc(O)cc2)c1.[K+],'=',nM,7530.0
NS(=O)(=O)c1ccc(-n2cc(C(F)(F)F)nc2-c2ccc(F)c(F)c2)cc1,'=',nM,30.2
CS(=O)(=O)c1ccc(C2=C(c3ccc(F)c(Cl)c3)CC3(CC3)C2)cc1,'=',nM,7.079
C[C@H](C(=O)O)c1ccc(C[C@@H]2CCC[C@H]2O)cc1,'=',nM,2000.0
CS(=O)(=O)c1ccc(-n2cnc(Cl)c2-c2ccc(F)cc2)cc1,'=',nM,14.0
COc1ccc(/C=c2\c(=O)[nH]n3c(=O)c4ccccc4nc23)cc1OC,'=',nM,47.0
CS(=O)(=O)c1ccc(-c2oc3ccccc3c2-c2ccc(F)cc2)cc1,'=',nM,20.0
NS(=O)(=O)c1ccc(-n2nc(C(F)(F)F)c3c2-c2ccccc2CS3)cc1,'=',nM,20.0
NS(=O)(=O)c1ccc(-n2nc(C(F)(F)F)c3c2-c2ccc(F)c(F)c2CS3)cc1,'=',nM,6.026
COc1ccc2c(c1F)CSc1c(C(F)F)nn(-c3ccc(S(N)(=O)=O)cc3)c1-2,'=',nM,32.36
CS(=O)(=O)c1ccc2c(Sc3ccc(F)cc3)c(C#N)[nH]c2c1,'=',nM,2300.0
COc1cc2c(=O)c3c(OC)c(O)ccc3oc2cc1O,'=',nM,2990.0
CS(=O)(=O)c1ccc(C2=C(c3cncc(Br)c3)C(=O)CC2)cc1,'=',nM,300.0
Cc1nc(C2CCCCC2)c(-c2ccc(S(N)(=O)=O)c(O)c2)o1,'=',nM,19700.0
COc1ccc2c(c1)c(CC(=O)NCc1ccc(C(C)=O)cc1)c(C)n2C(=O)c1ccc(Cl)cc1,'=',nM,80.0
Cc1cc(-c2nc(C(F)(F)F)cn2-c2ccc(S(C)(=O)=O)cc2)ccc1Cl,'=',nM,90.0
N[C@@H](Cc1cn(-c2nc(Cl)nc(N3CCOCC3)n2)c2ccccc12)C(=O)O,'=',nM,100.0
COc1ccc(/N=N/c2ccc(S(N)(=O)=O)cc2)cc1,'=',nM,14630.0
COc1ccc(Oc2c(-c3ccc(S(C)(=O)=O)cc3)oc(C)cc2=O)c(Cl)c1,'=',nM,180.01
CS(=O)(=O)c1ccc(-c2sc(C(F)(F)F)nc2-c2ccc(F)cc2)cc1,'=',nM,23.0
CS(=O)(=O)c1ccc(-c2sc(-c3ccccc3Cl)nc2-c2ccc(F)cc2)cc1,'=',nM,50.0
CS(=O)(=O)c1ccc(-c2[nH]ccc2-c2ccc(F)cc2)cc1,'=',nM,12670.0
Cc1[nH]c2cc(S(C)(=O)=O)ccc2c1Oc1ccc(Cl)cc1Cl,'=',nM,4100.0
COc1cc(/C=C/c2cc(/C=C/c3ccc(O)cc3)on2)ccc1O,'=',nM,18960.0
CCOc1ccc(-c2nn3nc(SC)ccc3c2-c2ccc(S(N)(=O)=O)cc2)cc1,'=',nM,13.0
CS(=O)(=O)c1ccc(-n2cc(/C=C3\NC(=S)N(c4ccccc4)C3=O)c(-c3ccccc3)n2)cc1,'=',nM,600.0
Cc1ccc(-c2nn(-c3ccccc3)cc2C2N[C@H](C(=O)O)CS2)cc1,'=',nM,940.0
CCOC(=O)[C@H](OCc1cnnn1[C@H](Cc1ccc(O)cc1)C(=O)OC)[C@@H](OCc1cnnn1[C@@H](Cc1ccc(O)cc1)C(=O)OC)C(=O)OCC,'=',nM,700.0
COc1ccc2c(c1)c1c(n2C(=O)c2cccc(F)c2)CCN(CCCOc2cc(F)cc(C3(OC)CCOCC3)c2)C1.Cl,'=',nM,357200.0
CCOP(=O)(OCC)C(NC(=O)c1cc(-c2cccc3ccccc23)n(-c2ccc(Br)cc2)n1)c1ccc(Br)cc1,'=',nM,220.0
CCOP(=O)(OCC)C(NC(=O)c1cc(-c2cccs2)n(-c2ccc(S(N)(=O)=O)cc2)n1)c1ccccc1,'=',nM,220.0
CCOP(=O)(OCC)C(C)NC(=O)c1cc(-c2ccc(Br)cc2)n(-c2ccc(S(N)(=O)=O)cc2)n1,'=',nM,280.0
CCOP(=O)(OCC)C(NC(=O)c1cc(-c2ccc(C)cc2)n(-c2ccc(S(N)(=O)=O)cc2)n1)c1ccccc1,'=',nM,280.0
CCOP(=O)(OCC)C(NC(=O)c1cc(-c2ccccc2Cl)n(-c2ccc(S(N)(=O)=O)cc2)n1)c1ccccc1,'=',nM,280.0
Bc1ccc(C(NC(=O)c2cc(-c3ccccc3Cl)n(-c3ccc(S(N)(=O)=O)cc3)n2)P(=O)(OCC)OCC)cc1,'=',nM,280.0
CS(=O)(=O)c1ccc(-c2sc3ncnn3c2-c2ccc(F)cc2)cc1,'=',nM,36.0
CS(=O)(=O)c1ccc(C2=C(c3ccccc3O)C(=O)OC2)cc1,'=',nM,1832.0
O=C(O)C1=Cc2c(ccc(Cl)c2Sc2ccccc2)OC1C(F)(F)F,'=',nM,340.0
O=C(O)C1=Cc2c(ccc(Cl)c2-c2ccccc2)OC1C(F)(F)F,'=',nM,4640.0
CCc1ccc(Nc2cnccc2NS(=O)(=O)C(F)(F)F)cc1,'=',nM,910.0
CS(=O)(=O)Nc1ccncc1Nc1ccccc1Cl,'=',nM,9380.0
CS(=O)(=O)Nc1ccncc1Nc1cccc(Br)c1,'=',nM,2560.0
CC1(C)OC(=O)C(Oc2ccc(Cl)cc2)=C1c1ccc(S(C)(=O)=O)cc1,'=',nM,10.0
O=c1/c(=C/c2cccc(O)c2)sc2nc(C34CC5CC(CC(C5)C3)C4)nn12,'=',nM,50000.0
CS(=O)(=O)c1ccc(C2=C(Oc3cc(F)cc(F)c3)C(=O)CC2)cc1,'=',nM,1100.0
COC1=C(C)C(=O)C2=C(CCc3cc(O)ccc3O2)C1=O,'=',nM,10100.0
Cc1ccn2nc(-c3ccc(S(C)(=O)=O)cc3)c(-c3ccc(F)cc3)c2n1,'=',nM,504.0
CS(=O)(=O)c1ccc(C2=C(c3ccc(F)c(F)c3)C(=O)CC2)cc1,'=',nM,14.0
O=C1NC(=O)C(c2cc(O)c(O)c(O)c2)=C1c1ccccc1,'=',nM,17510.0
COc1ccc(-n2nc(-c3ccc(Cl)cc3)c3c2CCC(N(O)C(C)=O)C3)cc1,'=',nM,2400.0
COc1ccc(C2=C(c3ccc(S(N)(=O)=O)cc3)CC3(CC3)C2)cc1Br,'=',nM,1.995
Cc1ccc(CNc2cc(C(F)(F)F)nc(-c3ccc(S(C)(=O)=O)cc3)n2)s1,'=',nM,85471239.08
Clc1ccc(-c2nn(-c3ccccc3)c3c2CCC3)cc1,'=',nM,2590.0
NS(=O)(=O)c1ccc(-n2nc(C(F)(F)F)c3c2-c2ccccc2SC3)cc1,'=',nM,460.04
Cc1ccc(-c2cc(C(F)(F)F)nn2-c2ccc(S(N)(=O)=O)cc2)s1,'=',nM,3311.31
CS(=O)(=O)c1ccc(-n2cnc(Cl)c2-c2ccncc2)cc1,'=',nM,10000.0
CS(=O)(=O)c1ccc(-c2cnc(Cc3ccccn3)nc2-c2ccc(F)cc2)cc1,'=',nM,6323.0
CC(=O)OCO/N=[N+](\[O-])N1CCC[C@H]1COC(=O)Cc1ccc(-c2cc(C(F)(F)F)nn2-c2ccc(S(N)(=O)=O)cc2)cc1,'=',nM,900.0
N=c1c2c(Nc3n[nH]c(=S)s3)csc2[nH]c(=S)n1-c1ccc(S(=O)(=O)Nc2cnc3ccccc3n2)cc1,'=',nM,90.0
O=C(CNc1ncnc2sc3c(c12)CCCC3)NN=Cc1ccc(Br)cc1,'=',nM,100.0
CN1C(O)=C(C(=O)Nc2ccc(F)cc2F)c2cc(Cl)ccc2S1(=O)=O,'=',nM,300.0
COc1ccc(/C=N/c2c(C#N)cnn2-c2ccc(S(N)(=O)=O)cc2)cc1OC,'=',nM,43.74
CC(C)Cc1ccc([C@H](CF)C(=O)O)cc1,'=',nM,530.0
COc1ccc(/C=C/C(=O)c2nn(-c3ccc(Br)cc3)c(C)c2C(=O)/C=C/c2ccc(OC)cc2)cc1,'=',nM,700.0
Cc1ccc(-n2nnnc2-c2ccc(S(C)(=O)=O)cc2)cc1,'=',nM,45000.0
COc1cc(/C=C/C(=O)/C=C(O)/C=C/c2ccc(O)c(OC)c2)ccc1O,'=',nM,79200.0
CC(C(=O)O)c1ccc2c3cc(Cl)ccc3n(C(=O)c3ccc(Cl)cc3)c2c1,'=',nM,72300.0
CCOC(=O)c1c(-c2ccccc2)oc2ccc(Oc3ccc(C)cc3)cc12,'=',nM,19200.0
O=c1c2ccccc2nc(SCc2cn(-c3ccc(Br)cc3)nn2)n1-c1ccccc1,'=',nM,540.0
O=c1c2ccccc2nc(SCc2cn(-c3ccc(Br)cc3)nn2)n1-c1ccc(Br)cc1,'=',nM,170.0
CCCCCCCCCCCCCCCc1cccc(OCC)c1CSc1nc2cc([N+](=O)[O-])ccc2[nH]1,'=',nM,384000.0
CCCCCCOC(=O)Cc1c(C)n(C(=O)c2ccc(Cl)cc2)c2ccc(OC)cc12,'=',nM,60.0
Cc1nc(-c2ccc(C)s2)c(-c2ccc(S(C)(=O)=O)cc2)o1,'=',nM,40.0
NS(=O)(=O)c1ccc(-n2nc(C(=O)N3CCSCC3)cc2-c2ccc(C(F)(F)F)cc2)cc1,'=',nM,190.0
NS(=O)(=O)c1ccc(-n2nc(C(=O)N3CCOCC3)cc2-c2ccc(C(F)(F)F)cc2)cc1,'=',nM,390.0
CN(C)c1ccccc1-c1cc(C(F)(F)F)nn1-c1ccc(S(N)(=O)=O)cc1,'=',nM,14300.0
O=C(NS(=O)(=O)c1ccc(Cl)cc1)c1ccccn1,'=',nM,6000.0
O=C(NS(=O)(=O)c1ccc(Cl)cc1)c1cccc(C(=O)NS(=O)(=O)c2ccc(Cl)cc2)n1,'=',nM,1900.0
COc1ccc(-c2c(-c3ccc(S(C)(=O)=O)cc3)ccc(F)c2F)cc1C,'=',nM,12.88
CSc1nc2ccccc2n1-c1csc(NC/C(C)=N/NC(=S)Nc2ccccc2)n1,'=',nM,75.0
NS(=O)(=O)c1ccc(-c2ccc(F)c(F)c2-c2ccc(F)cc2)cc1,'=',nM,3.981
Cc1cc(-c2c(-c3ccc(S(N)(=O)=O)cc3)ccc(F)c2F)ccc1F,'=',nM,1.995
C[S@+]([O-])c1ccc(C2=C(c3ccccc3)C(=O)OC2)cc1,'=',nM,2100.0
O=C(N[C@H]1CC[C@@H](CO)CC1)C1CCN(c2nc3cc(Cl)ccc3o2)CC1,'=',nM,11100.0
O=C(N[C@H]1CCC[C@@H]1OCc1ccccc1)C1CCN(c2nc3cc(Cl)ccc3o2)CC1,'=',nM,34.7
NS(=O)(=O)c1ccc(-c2c(-c3ccc(OC(F)(F)F)cc3)nn3ncccc23)cc1,'=',nM,388.0
CCCS(=O)(=O)Nc1ccncc1Oc1ccc(Cl)cc1,'=',nM,9690.0
Cc1[nH]c2cc(S(C)(=O)=O)ccc2c1Oc1ccc(Cl)cc1,'=',nM,3800.0
Cc1cc(=O)c(Oc2ccc(F)cc2)c(-c2ccc(S(C)(=O)=O)cc2)o1,'=',nM,979.94
Cc1cc(=O)c(Oc2ccc(Br)cc2Cl)c(-c2ccc(S(C)(=O)=O)cc2)o1,'=',nM,310.03
CSc1nnc(-c2cc(C(C)(C)C)c(O)c(C(C)(C)C)c2)o1,'=',nM,4100.0
CCOc1nnc(-c2cc(C(C)(C)C)c(O)c(C(C)(C)C)c2)s1,'=',nM,6100.0
O=C1N/C(=N\c2nnc(-c3ccc(O)cc3)s2)S/C1=C\c1ccccc1,'=',nM,85.0
NS(=O)(=O)c1ccc(-n2nnnc2-c2ccccc2)cc1,'=',nM,15000.0
CC(C(=O)O)c1ccc(Cc2ccco2)cc1F,'=',nM,4100.0
COc1ccc(/C=C/c2cc(OC)cc(OC)c2/C=C/C(=O)N2CCC(Cl)CC2)cc1,'=',nM,1450.0
O=C1N/C(=N\c2nccs2)S/C1=C/c1cccc(Cl)c1,'=',nM,262000.0
NS(=O)(=O)c1ccc(/C=N/c2ccc(F)cc2)cc1,'=',nM,4380.0
Cc1nc2oc(-c3ccccc3)nn2c(=O)c1CCN1CCCCC1,'=',nM,99.0
NS(=O)(=O)c1ccc(-c2nc(NCc3ccccc3)cc(C(F)(F)F)n2)cc1,'=',nM,3980.0
NS(=O)(=O)c1ccc(-c2nc(NCc3ccncc3)cc(C(F)(F)F)n2)cc1,'=',nM,1890.0
CS(=O)(=O)c1ccc(-c2nc(Cl)cc(NCc3ccc(F)cc3)n2)cc1,'=',nM,33.7
Cc1c(NCc2ccc(F)cc2)nc(-c2ccc(S(C)(=O)=O)cc2)nc1C(F)(F)F,'=',nM,22.4
COc1cc(NCc2ccccc2)nc(-c2ccc(S(C)(=O)=O)cc2)n1,'=',nM,5.1
CS(=O)(=O)c1ccc(-c2nc(NCc3cc(F)cc(F)c3)cc(C(F)(F)F)n2)cc1,'=',nM,300.3
CS(=O)(=O)c1ccc(-c2nc(NCc3ccc(F)cc3)cc(C(F)(F)F)n2)cc1,'=',nM,77.2
CS(=O)(=O)c1ccc(-c2nc(NCc3cc4ccccc4s3)cc(C(F)(F)F)n2)cc1,'=',nM,293.4
O=S(=O)(Nc1ccncc1Nc1cccc(F)c1)C(F)(F)F,'=',nM,240.0
CC(C)=CCc1cc(/C=C/c2cc(O)cc(O)c2)c(O)cc1O,'=',nM,36700.0
NS(=O)(=O)c1ccc(NN2C(=O)CSC2c2ccc(F)cc2)cc1,'=',nM,63000.0
Cc1ccc(C2SCC(=O)N2Nc2ccc(S(N)(=O)=O)cc2)cc1,'=',nM,24500.0
N#Cc1ccc(/C=N/NC(=O)c2cn(Cc3ccc(Cl)cc3)c3ccccc23)cc1,'=',nM,7590.0
COc1ccc(C2=C(c3ccc(S(C)(=O)=O)cc3)CN(c3ccccc3)C2=O)cc1,'=',nM,340.0
CS(=O)(=O)c1ccc(C2=C(Oc3ccccc3)C(=O)CC2)cc1,'=',nM,11.0
CS(=O)(=O)c1ccc(-n2nc(CO)cc2-c2ccccc2)cc1,'=',nM,10000.0
CC(=O)n1c(Br)cc(-c2ccc(F)cc2)c1-c1ccc(S(C)(=O)=O)cc1,'=',nM,300000.0
CS(=O)(=O)c1ccc(-c2csc(Br)c2-c2ccc(F)cc2)cc1,'=',nM,15.0
CS(=O)(=O)c1ccc(-c2nc(C(F)(F)F)cn2-c2ccc(S(C)(=O)=O)cc2)cc1,'=',nM,5700.0
COc1ccc2c(c1)c(CC(=O)NCc1ccccc1C)c(C)n2C(=O)c1ccc(Cl)cc1,'=',nM,150.0
COc1ccc2c(c1)c(CC(=O)Nc1cc(C)c(C(=O)Nc3ccccc3)cc1OC)c(C)n2C(=O)c1ccc(Cl)cc1,'=',nM,600.0
C=C[C@@H]1[C@@H](O)C[C@@H]2[C@]3(CC[C@]4(C)[C@@H]([C@H](C)CCC=C(C)C)CC[C@@]24C)C[C@]13CCC(=O)O,'=',nM,4700.0
COc1ccc(-c2cscc2-c2ccc(S(C)(=O)=O)cc2)cc1,'=',nM,5000.0
CS(=O)(=O)c1ccc(C2=C(c3ccc(F)c(Cl)c3)CCC2)cc1,'=',nM,30.0
CS(=O)(=O)c1ccc(C2=C(c3ccc(F)cc3)CC(CF)(CF)C2)cc1,'=',nM,51.0
NS(=O)(=O)c1ccc(-n2nc(C(F)(F)F)cc2-c2cccc(F)c2)cc1CO,'=',nM,7050.0
COc1ccc(N2C(=O)CSC2c2ccc(S(C)(=O)=O)cc2)cc1,'=',nM,160.0
NS(=O)(=O)c1ccc(-n2nc(C(=O)OCCOc3ccc4ccc(=O)oc4c3)cc2-c2cccc(Cl)c2)cc1,'=',nM,490.0
C[Si](C)(C)c1onc(-c2ccccc2)c1-c1ccc(S(C)(=O)=O)cc1,'=',nM,4170.0
COc1c(C(C)(C)C)cc(-c2nnc(SC)s2)cc1C(C)(C)C,'=',nM,340.0
CCCCCCCOC(=O)Cc1c(C)n(C(=O)c2ccc(Cl)cc2)c2ccc(OC)cc12,'=',nM,40.0
COc1ccc2c(c1)c(CC(=O)NCc1ccc(C)cc1)c(C)n2C(=O)c1ccc(Cl)cc1,'=',nM,60.0
CS(=O)(=O)c1ccc(C2=C(c3ccc(F)cc3)C(=O)N(c3ccc(C(F)(F)F)cc3)C2)cc1,'=',nM,950.0
c1ccc(-c2nn(-c3ccccc3)c3c2CCC3)cc1,'=',nM,6200.0
COc1ccc(-c2ccccc2-c2ccc(S(N)(=O)=O)cc2)cc1F,'=',nM,33.11
CC(C(=O)O)c1ccc(=O)n(C(F)F)c1,'=',nM,6400.0
Cc1ccc(Nc2cnccc2NS(C)(=O)=O)cc1,'=',nM,12030.0
Cc1c(-c2nc3ccccn3c2N=O)cnn1-c1ccccc1,'=',nM,1750.0
CCCNC(=O)/C=C/c1c(/C=C/c2ccc(OC)cc2)cc(OC)cc1OC,'=',nM,6750.0
Cc1ccc(-c2cc(C)n(S(=O)(=O)Oc3ccc(I)cc3)n2)cc1,'=',nM,9.2
COc1ccc(-c2nc(C(F)(F)F)cn2-c2ccc(S(N)(=O)=O)cc2)cc1F,'=',nM,30.0
CS(=O)(=O)c1ccc(C2=C(c3ccc(F)cc3)C3CCC2C3)cc1,'=',nM,30000.0
Cc1[nH]c2cc(S(C)(=O)=O)ccc2c1Sc1ccc(F)cc1,'=',nM,2200.0
Cc1[nH]c2cc(S(C)(=O)=O)ccc2c1Sc1ccc(F)cc1F,'=',nM,770.0
CCC(C)OC1=C(c2ccc(S(C)(=O)=O)cc2)C(C)(C)OC1=O,'=',nM,40.0
NS(=O)(=O)c1ccc(-c2nc(NCc3ccsc3)cc(C(F)(F)F)n2)cc1,'=',nM,72.0
NS(=O)(=O)c1ccc(-c2nc(NCc3cccs3)cc(C(F)(F)F)n2)cc1,'=',nM,22.3
COc1ccc2c(-c3ccc(S(C)(=O)=O)cc3)c(-c3ccc(C)cc3)nn2n1,'=',nM,50.0
COc1ccc(/C=N/c2c(C#N)cnn2-c2ccc(S(N)(=O)=O)cc2)cc1,'=',nM,39.14
N#Cc1cnn(-c2ccc(S(N)(=O)=O)cc2)c1NC(=O)CCCl,'=',nM,58.04
COc1ccc(/C=N/c2ccc(S(N)(=O)=O)cc2)cc1O,'=',nM,3500.0
NS(=O)(=O)c1ccc(/N=C/c2cccc([N+](=O)[O-])c2)cc1,'=',nM,6750.0
Cc1ccc(-c2sccc2-c2ccc(S(C)(=O)=O)cc2)cc1,'=',nM,13000.0
CC1(O)OC(=O)C(c2ccccc2)=C1c1ccc(S(C)(=O)=O)cc1,'=',nM,1200.0
CC1(O)OC(=O)C(c2ccc(Br)cc2)=C1c1ccc(S(C)(=O)=O)cc1,'=',nM,1700.0
CC(=O)n1nc(-c2ccccc2)cc1-c1cn(-c2ccccc2)nc1-c1ccc(OCc2ccccc2)cc1,'=',nM,1930.0
CS(=O)(=O)c1ccc(-c2sc(CCCc3ccccc3)nc2-c2ccc(F)cc2)cc1,'=',nM,520.0
Cc1ccc(-c2cc(C(F)(F)F)n(-c3ccc(N=[N+]=[N-])cc3)n2)cc1,'=',nM,2630.0
CN1C(=O)/C(=C(/O)Nc2ccc(Cl)cc2)c2ccccc2C1=O,'=',nM,46.0
CCC#CCSc1ccccc1OC(C)=O,'=',nM,5000.0
CCN(CC)c1cc(NCc2cccs2)nc(-c2ccc(S(C)(=O)=O)cc2)n1,'=',nM,6.1
NS(=O)(=O)c1ccc(-n2nc(CO)c(Cl)c2-c2ccc(Cl)cc2)cc1,'=',nM,338.84
CN1C(O)=C(C(=O)Nc2ccccc2Cl)c2cc(Cl)ccc2S1(=O)=O,'=',nM,8.0
COc1ccc(-c2cc(F)c(F)cc2-c2ccc(S(C)(=O)=O)cc2)cc1C,'=',nM,12.88
CS(=O)(=O)c1ccc(-c2cnc(C(=O)c3ccccc3)n2-c2ccc(F)cc2)cc1,'=',nM,30.0
CS(=O)(=O)c1ccc(-n2cnc(Cl)c2-c2ccccc2)cc1,'=',nM,123.0
Cc1ccc(C2=C(c3ccc(S(C)(=O)=O)cc3)CC3(CC3)C2)cc1,'=',nM,1.514
CC(C)(Oc1ccc(Cl)cc1)C(=O)NCCCN1c2ccccc2Sc2ccccc21,'=',nM,1300.0
O=C(c1cccs1)c1sc(N2CCOCC2)nc1-c1ccc([N+](=O)[O-])cc1,'=',nM,90.0
O=C(c1cccs1)c1sc(N(c2ccccc2)c2ccccc2)nc1-c1ccc(F)cc1,'=',nM,90.0
NS(=O)(=O)c1ccc(-n2cc(C(F)(F)F)nc2-c2cccnc2)cc1,'=',nM,440.0
CS(=O)(=O)c1ccc(-n2cc(C(F)(F)F)nc2-c2ccccc2)cc1,'=',nM,120.23
COc1ccc2ccc(F)c(CC(=O)N/N=C/c3cccc(C(F)(F)F)c3)c2n1,'=',nM,130.0
Cc1cccc(-c2ccc(NC(=O)C3=C(O)c4ccccc4S(=O)(=O)N3)cc2)c1C,'=',nM,94700.0
Cc1c(CC(=O)OC(C)C)cc(-c2ccc(S(C)(=O)=O)cc2)n1-c1cccc(F)c1,'=',nM,2000.0
CS(=O)(=O)c1ccc([C@H]2O[C@@H](CO)C[C@]2(O)c2ccc(S(C)(=O)=O)cc2)cc1,'=',nM,6500.0
Cc1ncn(-c2ccc(S(C)(=O)=O)cc2)c1-c1ccc(F)cc1,'=',nM,144.0
CS(=O)(=O)c1ccc(-n2nc(C(F)(F)F)cc2-c2ccc(CC(=O)O)cc2)cc1,'=',nM,2300.0
COc1ccc(-c2cc(C(F)(F)F)nn2-c2ccc(S(N)(=O)=O)cc2)cc1OC,'=',nM,600.0
COc1ccc(C(=O)Nc2ccc3oc(-c4ccc(OC)c(OC)c4)nc3c2)cc1OC,'=',nM,2700.0
COc1ccc(C2=C(c3ccc(S(C)(=O)=O)cc3)CC3(CC3)C2)cc1Br,'=',nM,13.0
O=C(c1cccs1)c1sc(N2CCOCC2)nc1-c1ccc(C(F)(F)F)cc1,'=',nM,90.0
O=C(c1cccs1)c1sc(N(c2ccccc2)c2ccccc2)nc1-c1ccc(C(F)(F)F)cc1,'=',nM,90.0
Cc1ccc(-c2cs/c(=N\C(=O)c3cccs3)n2-c2ccccc2)cc1,'=',nM,90.0
CCOP(=O)(OCC)C(NC(=O)c1cc(-c2cccc3ccccc23)n(-c2ccccc2F)n1)c1ccc(Br)cc1,'=',nM,220.0
CCOP(=O)(OCC)C(NC(=O)c1cc(-c2ccc(Cl)cc2)n(-c2ccc(S(N)(=O)=O)cc2)n1)c1ccccc1,'=',nM,280.0
Cc1cc2c(cc1F)-c1c(c(C(F)(F)F)nn1-c1ccc(S(N)(=O)=O)cc1)SC2,'=',nM,16.0
CO/N=[N+](/[O-])c1ccc(-c2cc(C(F)(F)F)nn2-c2ccc(S(C)(=O)=O)cc2)cc1,'=',nM,1600.0
Cc1ccc(-c2cc(F)c(F)cc2-c2ccc(S(N)(=O)=O)cc2)nc1,'=',nM,330.0
COc1ccc2c(c1)c(Cc1nc(-c3ccc([N+](=O)[O-])cc3)cs1)c(C)n2C(=O)c1ccc(Br)cc1,'=',nM,7.0
O=C(NS(=O)(=O)c1ccc(Cl)cc1)c1ccncc1,'=',nM,12600.0
O=C(NS(=O)(=O)c1ccc(Br)cc1)c1ccncc1,'=',nM,7800.0
Cc1ccc(S(=O)(=O)NC(=O)c2ccncc2)cc1,'=',nM,19400.0
O=C(NS(=O)(=O)c1ccc(F)cc1)c1ccccn1,'=',nM,6300.0
C=Cc1nc2sc(-c3ccc(S(C)(=O)=O)cc3)c(-c3ccccc3)n2n1,'=',nM,6.0
CC1(C)Oc2cc(C#Cc3cc(Cl)ccc3F)ccc2-c2[nH]c(-c3c(F)cccc3Cl)nc21,'=',nM,9880.0
CS(=O)(=O)c1ccc(-n2cc(C(F)(F)F)nc2-c2cccc(Cl)c2)cc1,'=',nM,60.0
Cc1cccc(-c2nc(C(F)(F)F)cn2-c2ccc(S(C)(=O)=O)cc2)c1,'=',nM,60.0
NS(=O)(=O)c1ccc(-n2nc(C(F)(F)F)cc2-c2ccn(C(F)F)c(=O)c2)cc1,'=',nM,690.0
COc1ccc(-c2cc(C(F)F)nn2-c2ccc(S(N)(=O)=O)cc2)cc1,'=',nM,15.14
COc1ccc(-c2c(Cl)ncn2-c2ccc(S(C)(=O)=O)cc2)cc1C,'=',nM,13.0
Cn1c(Cl)c(Cl)c(-c2ccc(F)cc2)c1-c1ccc(S(C)(=O)=O)cc1,'=',nM,25000.0
CN(C)c1ccc(C2=C(c3ccc(S(C)(=O)=O)cc3)CCC2)cc1Cl,'=',nM,5.012
COc1ccc(NNC(=O)c2ccccc2)cc1,'=',nM,180.0
Cc1ccc(-c2cscc2-c2ccc(S(C)(=O)=O)cc2)cc1,'=',nM,4000.0
CS(=O)(=O)c1ccc(-c2coc(=O)n2-c2ccccc2)cc1,'=',nM,1599.56
COc1c(Cl)cc(C2=C(c3ccc(S(C)(=O)=O)cc3)CCC2)cc1Cl,'=',nM,17.0
Cc1ccc(-c2ccc(S(C)(=O)=O)cc2)n1C1CCCCC1,'=',nM,520.0
Cc1ncccc1-c1nc(C(F)(F)F)cn1-c1ccc(S(C)(=O)=O)cc1,'=',nM,9549.93
Cc1nc2sc(-c3ccc(S(C)(=O)=O)cc3)c(-c3cccc(F)c3)n2n1,'=',nM,14000.0
CS(=O)(=O)c1ccc(-c2ccccc2Oc2ccccc2)cc1,'=',nM,33000.0
CS(=O)(=O)c1ccc(C2=C(c3cc(Cl)c(Cl)c(Cl)c3)C(=O)CC2)cc1,'=',nM,930.0
O=[N+]([O-])c1ccc(-c2nn(-c3ccccc3)cc2-c2nnc(-c3ccncc3)o2)cc1,'=',nM,500.0
O=C(NNc1ccc(Cl)cc1)c1ccc(Cl)cc1,'=',nM,340.0
O=C(CNc1ncnc2sc3c(c12)CCCC3)NN=Cc1ccc(F)cc1,'=',nM,21990.0
CC(OC1=C(c2ccc(S(C)(=O)=O)cc2)C(C)(C)OC1=O)C1CC1,'=',nM,80.0
CS(=O)(=O)c1ccc(C2=C3c4ccccc4CCC3OC2=O)cc1,'=',nM,562.0
COc1cc(-c2c(Cl)ncn2-c2ccc(S(C)(=O)=O)cc2)ccc1C,'=',nM,15.0
O=C1CSC(N2N=C(c3ccc(Cl)c(Cl)c3)CC2c2ccccc2Cl)=N1,'=',nM,18400.0
O=C1CSC(N2N=C(c3ccc(Cl)c(Cl)c3)CC2c2ccc(F)cc2)=N1,'=',nM,19400.0
COc1ccc(-c2cn(CCc3ccc(S(N)(=O)=O)cc3)nn2)cc1,'=',nM,27000.0
NS(=O)(=O)c1ccc(-n2cc(-c3ccc(Cl)cc3)nn2)cc1,'=',nM,1300.0
COc1ccc(-c2c(-c3ccc(S(C)(=O)=O)cc3)ccc(F)c2F)cc1F,'=',nM,20.89
CCc1ccc2c(-c3ccc(S(C)(=O)=O)cc3)c(-c3ccc(F)cc3)nn2n1,'=',nM,48.0
O=S(=O)(Nc1ccncc1Sc1ccccc1)C(F)(F)F,'=',nM,530.0
O=C(O)c1ccc(-c2ccn(C(F)F)c(=O)c2)cc1O,'=',nM,4400.0
COc1ccc(OC)c(/C=N/Nc2nc(-c3ccc(S(C)(=O)=O)cc3)cs2)c1,'=',nM,239.0
NS(=O)(=O)c1ccc(-c2nc3ccccc3n2-c2ccc(Cl)cc2)cc1,'=',nM,200.0
COc1ccc(-c2cc(-c3nnc(SC/C(=N/O)c4ccccc4)n3-c3ccccc3)c3ccccc3n2)cc1,'=',nM,1600.0
COC(=O)Cc1c(C)n(Cc2ccc(-c3cn(CCCCCCCC(=O)NO)nn3)cc2)c2ccc(OC)cc12,'=',nM,4580.0
Cc1ccc(Nc2cnccc2NS(=O)(=O)C(F)(F)F)cc1Cl,'=',nM,1960.0
CS(=O)(=O)Nc1ccncc1Nc1ccc(F)cc1,'=',nM,20680.0
CS(=O)(=O)Nc1ccncc1Nc1cccc(F)c1,'=',nM,10050.0
COc1ccc2c(c1)c(CC(=O)Nc1ccc(Cl)cc1)c(C)n2C(=O)c1ccc(Cl)cc1,'=',nM,55.0
CS(=O)(=O)c1ccc(-c2cscc2-c2ccc(F)cc2)cc1,'=',nM,470.0
Cc1ccc(C2=C(c3ccc(S(N)(=O)=O)cc3)COC2=O)cc1,'=',nM,110.0
CCN(CC)Cc1cc(/C=C/S(N)(=O)=O)cc(C(=O)c2ccccc2)c1,'=',nM,7100.0
COC1(c2cc(F)cc(OCc3cc(-c4ccccc4)n(-c4ccc(OC(F)(F)F)cc4)n3)c2)CCOCC1,'=',nM,820.0
Cc1ccnc(-c2nc(C(F)(F)F)cn2-c2ccc(S(N)(=O)=O)cc2)c1,'=',nM,436.52
NS(=O)(=O)c1ccc(-n2nc(CO)cc2-c2ccc(Cl)cc2)cc1,'=',nM,831.76
NS(=O)(=O)c1ccc(OC(=O)c2c(-c3ccccc3)sc3c2CCCC3)cc1,'=',nM,670.0
CS(=O)(=O)c1ccc(-c2sc(-c3ccccc3Cl)nc2-c2ccc(F)cc2F)cc1,'=',nM,21.0
Cc1ccc(NNC(=O)c2ccccc2)cc1,'=',nM,330.0
CC1(C)OC(=O)C(Oc2ccc(F)cn2)=C1c1ccc(S(C)(=O)=O)cc1,'=',nM,80.0
Cc1c(COc2ccc(Cl)cc2)cc(-c2ccc(S(C)(=O)=O)cc2)n1-c1ccc(F)cc1,'=',nM,30.0
CCOc1ccc(-c2c(Cl)ncn2-c2ccc(S(C)(=O)=O)cc2)cc1,'=',nM,4.0
CC(=O)NS(=O)(=O)c1ccc(-c2ccn(C(F)F)c(=O)c2)cc1C(=O)O,'=',nM,17600.0
CS(=O)(=O)c1ccc(-n2cc(C(F)(F)F)nc2-c2cnc3ccccc3c2)cc1,'=',nM,630.96
NS(=O)(=O)c1ccc(-n2cnc(Cl)c2-c2cc(Cl)cc(Cl)c2)cc1,'=',nM,2.0
CC#CCSc1ccccc1OC(C)=O,'=',nM,20000.0
CC(COC(=O)C(C)c1cccc(C(=O)c2ccccc2)c1)O[N+](=O)[O-],'=',nM,730.0
CS(=O)(=O)c1ccc(-c2[nH]c3ccc(Cl)cc3c2-c2ccccc2)cc1,'=',nM,0.36
NS(=O)(=O)c1ccc(-c2[nH]c3ccccc3c2-c2ccc(Br)cc2)cc1,'=',nM,8.356
NS(=O)(=O)c1ccc(-c2[nH]c3ccc(Br)cc3c2-c2ccccc2)cc1,'=',nM,5.0
Cc1ccc(-c2c(-c3ccc(S(N)(=O)=O)cc3)[nH]c3ccccc23)cc1,'=',nM,0.06998
C/C(=N\NC(N)=O)c1nnn(-c2ccc(F)cc2)c1C,'=',nM,270.0
C/C(=N\NC(N)=S)c1nnn(-c2ccc(C(=O)O)cc2)c1C,'=',nM,50.0
CCCCCCCCCCCc1cc(O)cc(OC)c1O,'=',nM,550.0
CCCCCCCCCCCCCc1cc(O)cc(OC)c1O,'=',nM,1550.0
CCCCCCCCCCCCCCCc1cc(O)cc(OC)c1O,'=',nM,2710.0
CCCCCc1cccc(OC)c1O,'=',nM,4650.0
CCCCCC1=CC(=O)C=C(OC)C1=N,'=',nM,5820.0
CCOc1ccc(-c2cc(Cl)cc3c2OC(C(F)(F)F)C(C(=O)O)=C3)cc1,'=',nM,355.0
CC(C)CSc1cc2c(cc1Cl)C=C(C(=O)O)[C@H](C(F)(F)F)O2,'=',nM,8.0
CS(=O)(=O)Nc1ccc(-c2cc(Cl)cc3c2OC(C(F)(F)F)C(C(=O)O)=C3)cc1,'=',nM,40100.0
COC(=O)CC1N(C(=O)Nc2nccs2)C(=O)c2ccccc2S1(=O)=O,'=',nM,459700.0
CC(=O)Nc1ccc(-c2cc(C)nn2-c2ccc(Br)cc2)cc1,'=',nM,550.0
NS(=O)(=O)c1ccc(-c2coc(=O)n2-c2ccc(C(=O)O)cc2)cc1,'=',nM,59000.0
CC(=O)Oc1ccccc1C(=O)Oc1ccc(CCO)cc1,'=',nM,380.0
Cc1ccc(C2=NN(C3=NC(=O)CS3)C(c3ccc(Cl)cc3)C2)cc1C,'=',nM,4500.0
C/C(=N/OCc1ccccc1Nc1c(Cl)cccc1Cl)C(=O)O,'=',nM,100.0
Cc1c(Cl)cccc1NC(=O)C(C)Oc1cc(=O)oc2ccccc12,'=',nM,74910.0
CC(Oc1cc(=O)oc2ccccc12)C(=O)Nc1ccc(N2CCOCC2=O)cc1,'=',nM,12640.0
CC(Oc1cc(=O)oc2ccccc12)C(=O)Nc1ccncc1,'=',nM,52390.0
CS(=O)(=O)c1ccc(-c2nc(NCc3ccc(Cl)s3)cc(C(F)(F)F)n2)cc1,'=',nM,5.4
CC(=O)c1cc(C(C)=O)c2c(=O)cc(-c3ccccc3)oc2c1,'=',nM,2700.0
CC(C(=O)O)c1ccc(-c2cccc(OC(=O)NCCCc3ccccc3)c2)c(F)c1,'=',nM,6200.0
CCCCCCNC(=O)Oc1cccc(-c2ccc(C(C)C(=O)O)cc2C)c1,'=',nM,1400.0
CC(=O)Nc1ccc2[nH]ncc2c1,'=',nM,107151.93
COc1c(C(C)(C)C)cc(-c2cc(=S)ss2)cc1C(C)(C)C,'=',nM,47.2
CSc1ccc(C2=C(c3ccccc3)C(=O)OC2=O)cc1,'=',nM,18450.0
CC(=O)NS(=O)(=O)c1cc(-c2ccn(C(F)F)c(=O)c2)ccc1C(=O)O,'=',nM,2600.0
COc1ccc2c(c1)c1c(n2Cc2ccc(S(C)(=O)=O)cc2)CCN(CCCOc2cc(F)cc(C3(OC)CCOCC3)c2)C1.Cl,'=',nM,109200.0
CC(=O)NCc1cc(-n2nc(C(F)(F)F)cc2-c2ccc(Cl)cc2)ccc1S(N)(=O)=O,'=',nM,5000.0
CC1(O)OC(=O)C(c2ccc(Cl)c(Cl)c2)=C1c1ccc(S(C)(=O)=O)cc1,'=',nM,850.0
COc1ccc2c(c1)c1c(n2C(=O)c2ccccc2F)CCN(CCCOc2cc(F)cc(C3(OC)CCOCC3)c2)C1.Cl,'=',nM,126000.0
COC1(c2cc(F)cc(OCCCN3CCc4c(c5ccccc5n4C(=O)c4ccccc4)C3)c2)CCOCC1.Cl,'=',nM,101900.0
CS(=O)(=O)c1ccc(-n2cc(C(F)F)nc2-c2cccnc2)cc1,'=',nM,20700.0
Clc1ccc(-c2nn(-c3ccccc3)c3c2CCCC3)cc1,'=',nM,620.0
CS(=O)(=O)c1ccc(-c2sc(Cc3ccccc3)nc2-c2ccc(F)cc2)cc1,'=',nM,18.0
Cc1ccc(-c2[se]ncc2-c2ccc(Cl)cc2)cc1,'=',nM,0.0
NS(=O)(=O)c1ccc(-c2[nH]c3ccc(F)cc3c2-c2ccccc2)cc1,'=',nM,2.0
NS(=O)(=O)c1ccc(-c2[nH]c3ccccc3c2-c2ccc(Cl)cc2)cc1,'=',nM,33.5
CS(=O)(=O)c1ccc(-c2[nH]c3ccc(Br)cc3c2-c2ccccc2)cc1,'=',nM,1.409
Cc1cc(-c2cc(F)c(F)cc2-c2ccc(S(N)(=O)=O)cc2)ccc1F,'=',nM,2.0
CCn1nccc1NC(=O)Cc1c(C)n(C(=O)c2ccc(Cl)cc2)c2ccc(OC)cc12,'=',nM,700.0
COc1ccc2c(c1)c(CC(=O)NOCc1ccccc1)c(C)n2C(=O)c1ccc(Cl)cc1,'=',nM,50.0
NS(=O)(=O)c1ccc(-c2cscc2-c2ccc(F)cc2)cc1,'=',nM,8.0
NS(=O)(=O)c1ccc(-n2nc(C(F)(F)F)c3c2-c2ccccc2OC3)cc1,'=',nM,1330.15
CCCN(C(=O)c1cc(C(C)(C)C)c2c(c1)C(C)(C)CO2)C1CC1,'=',nM,4000.0
Cc1cnc(NC(=O)C2=C(O)c3sccc3S(=O)(=O)N2C)s1,'=',nM,510.0
N#Cc1c(/N=C/c2ccc(O)cc2)c(C(=O)Nc2ccc(Br)cc2)n2c1CCC2,'=',nM,640.0
N#Cc1c(/N=C/c2cccnc2)c(C(=O)Nc2ccc(Br)cc2)n2c1CCC2,'=',nM,9840.0
CC/C=N/c1c(C#N)c2n(c1C(=O)Nc1ccc(Cl)cc1)CCC2,'=',nM,4240.0
CC/C=N/c1c(C#N)c2n(c1C(=O)Nc1ccccc1)CCCC2,'=',nM,7140.0
CS(=O)(=O)Nc1ccc(-c2cc(C(F)(F)F)nn2-c2ccc(N)cc2)cc1,'=',nM,2640.0
CCCCCCCCCCCCCCCc1cccc(OCC)c1CSc1nc2cc(OC)ccc2[nH]1,'=',nM,6250.0
COc1ccc2c(c1)c(Cc1nc(-c3ccc(Cl)cc3)cs1)c(C)n2C(=O)c1ccc(Br)cc1,'=',nM,7.0
CSCC[C@H](NC(=O)[C@H](Cc1c[nH]c2ccccc12)NC(=O)c1ccc(F)cc1)C(=O)N[C@@H](CC(=O)O)C(=O)O,'=',nM,450000.0
O=C(N[C@@H](Cc1ccccc1)C(=O)N[C@@H](CS)C(=O)N[C@@H](CO)C(=O)O)c1ccc(F)cc1,'=',nM,13000.0
O=C(O)C[C@H](NC(=O)[C@H](Cc1ccc(O)cc1)NC(=O)c1ccc(F)cc1)C(=O)O,'=',nM,110000.0
Nc1ccc(-c2cc(C(F)(F)F)nn2-c2ccc(S(N)(=O)=O)cc2)cc1,'=',nM,340.0
CS(=O)(=O)c1ccc(-c2sc(-c3ccncc3)nc2-c2ccc(F)cc2)cc1,'=',nM,1600.0
FC(F)(F)c1ccc(/N=C/c2c[nH]c3ccccc23)cc1,'=',nM,11600.0
CCc1nc(C2CCCCC2)c(-c2ccc(S(C)(=O)=O)cc2)o1,'=',nM,270.0
CC(C)(C)c1cc(/C=C2\CCOC2=O)cc2c1OCC2(C)C,'=',nM,3.5
CC[C@@H](C)NC(=O)Cc1c(C)n(C(=O)c2ccc(Cl)cc2)c2ccc(OC)cc12,'=',nM,130.0
NS(=O)(=O)c1ccc(C2=C(c3cc(F)c(F)c(F)c3)CCC2)cc1,'=',nM,2900.0
CS(=O)(=O)c1ccc(-c2ccc(F)c(F)c2-c2ccc(F)cc2)cc1,'=',nM,14.13
C[C@H](C(=O)N(C)CC(O)(Cn1ccnc1)c1ccc(Cl)cc1Cl)c1cccc(C(=O)c2ccccc2)c1,'=',nM,1930.0
Nc1c(C(=O)N/N=C/c2ccc(C(=O)Oc3ccccc3)cc2)sc2nc(-c3ccc(Cl)cc3)cc(-c3cccs3)c12,'=',nM,104.0
CCCCCC1C(C)=c2c(OCc3nnc(SCC(=O)N4CCN(c5ncccn5)CC4)o3)nn(C)c(=O)c2=C1C,'=',nM,6800.0
CC(C)CSc1cc2c(cc1Cl)C=C(C(=O)O)[C@@H](C(F)(F)F)O2,'=',nM,150.0
CC(C)Cc1cc2c(cc1Cl)C=C(C(=O)O)[C@@H](C(F)(F)F)O2,'=',nM,910.0
Cc1c(C(=O)NC2CCCCC2)nc2ccc(Cl)cc2c1O,'=',nM,1410.0
NS(=O)(=O)c1ccc(-c2sc(-c3ccccc3Cl)nc2-c2ccc(F)cc2)cc1,'=',nM,13.0
COc1ccc(C2=C(c3ccc(S(C)(=O)=O)cc3)CN(c3ccccc3Cl)C2=O)cc1,'=',nM,220.0
NS(=O)(=O)c1ccc(-n2nc(C(F)(F)F)cc2-c2ccc(CC(=O)O)cc2)cc1,'=',nM,1800.0
CS(=O)(=O)c1ccc(-n2cc(C(F)(F)F)nc2-c2ccc(F)c(F)c2)cc1,'=',nM,120.0
Cc1ccc(OC2=C(c3ccc(S(C)(=O)=O)cc3)C(C)(C)OC2=O)nc1,'=',nM,380.0
CCN(CC)C(=O)Cc1c(C)n(C(=O)c2ccc(Cl)cc2)c2ccc(OC)cc12,'=',nM,25000.0
Cc1ccc(Cl)c(Nc2ccccc2C(=O)NOCc2ccc([N+](=O)[O-])cc2)c1Cl,'=',nM,66000.0
COC(=O)c1cc2cc(S(C)(=O)=O)ccc2n1C(=O)c1ccc(Cl)cc1,'=',nM,730.0
COc1ccc(-c2c(-c3ccc(S(N)(=O)=O)cc3)ccc(F)c2F)cc1Cl,'=',nM,12.88
C[S@@+]([O-])c1ccc(C2=C(c3ccccc3)C(=O)OC2)cc1,'=',nM,4220.0
O=C(O)Cc1ccc(-c2ccn(C(F)F)c(=O)c2)cc1,'=',nM,890.0
CNC(=O)Cc1c(C)n(C(=O)c2ccc(Cl)cc2)c2ccc(OC)cc12,'=',nM,700.0
CS(=O)(=O)c1ccc(-c2[nH]c(C(=O)C(F)(F)F)cc2-c2ccc(F)cc2)cc1,'=',nM,298200.0
NS(=O)(=O)c1ccc(C2=C(c3ccc(F)cc3)CCC2)cc1,'=',nM,7.0
Cc1cnc2c(-c3ccc(F)cc3)c(-c3ccc(S(C)(=O)=O)cc3)nn2c1C,'=',nM,12.0
Cc1c(CC(=O)NCCCO[N+](=O)[O-])c2cc(O)ccc2n1C(=O)c1ccc(Cl)cc1,'=',nM,3500.0
CCOC(=O)C(O)c1cc(-c2ccc(S(C)(=O)=O)cc2)n(-c2cccc(F)c2)c1C,'=',nM,3800.0
CS(=O)(=O)c1ccc(-c2c(-c3ccc(Cl)cc3)nc3sc(Cl)c(Cl)n23)cc1,'=',nM,3600.0
CCCCCCc1ccc(-c2ccc(O)c(OC)c2)o1,'=',nM,8400.0
COc1cc2c(CC(=O)NCCCO[N+](=O)[O-])c(C)n(C(=O)c3ccc(Cl)cc3)c2cc1Cl,'=',nM,5800.0
COc1cc2c(CC(=O)O)c(C)n(C(=O)c3ccc(Cl)cc3)c2cc1Cl,'=',nM,4100.0
CC(C)(C)c1cc(-c2nnc(N=C(N)N)o2)cc(C(C)(C)C)c1O,'=',nM,23000.0
CS(=O)(=O)c1ccc(-c2cccnc2-c2cccnc2)cc1,'=',nM,610.0
CS(=O)(=O)c1ccc(C2=C(c3ccccc3)C(=O)N(c3ccc(F)cc3)C2)cc1,'=',nM,350.0
COC(=O)Cc1c(C)n(C(=O)c2ccc(Cl)cc2)c2ccc(OC)cc12,'=',nM,250.0
Cc1nc(-c2ccccc2)c(-c2ccc(S(N)(=O)=O)cc2)s1,'=',nM,38.0
CCOc1ccc(-c2cc(C(F)(F)F)nn2-c2ccc(S(N)(=O)=O)cc2)cc1,'=',nM,645.65
Cc1c(CC(=O)O)cc(-c2ccccc2)cc1-c1ccccc1,'=',nM,120000.0
COc1ccc2c(c1)c(CC(=O)NNCc1ccccc1)c(C)n2C(=O)c1ccc(Cl)cc1,'=',nM,2500.0
CCS(=O)(=O)c1ccc(-c2oc(C)nc2-c2ccc(F)cc2)cc1,'=',nM,38000.0
CS(=O)(=O)c1ccc(-c2[nH]c(Cl)c(Cl)c2-c2ccc(F)cc2)cc1,'=',nM,69000.0
CS(=O)(=O)c1ccc(-c2nc(C(F)(F)F)sc2-c2ccc(F)cc2)cc1,'=',nM,6.0
COc1ccc(-c2cc(C(F)(F)F)nn2-c2ccc(S(N)(=O)=O)cc2)cc1C,'=',nM,9.3
CSc1ccc(-c2cc(C(F)(F)F)nn2-c2ccc(S(N)(=O)=O)cc2)cc1C,'=',nM,3.7
NS(=O)(=O)c1ccc(-n2cc(C(F)(F)F)nc2-c2cccc(F)c2)cc1,'=',nM,30.0
COc1cc(F)cc(-c2nc(C(F)(F)F)cn2-c2ccc(S(N)(=O)=O)cc2)c1,'=',nM,460.0
Cc1c(C#N)cc(-c2ccc(S(C)(=O)=O)cc2)n1-c1cccc(F)c1,'=',nM,1300.0
CS(=O)(=O)c1ccc(C2=C(c3cc(F)cc(F)c3)C(=O)CC2)cc1,'=',nM,15.0
CC(C)(O)c1scc(-c2ccc(S(C)(=O)=O)cc2)c1-c1ccc(F)cc1,'=',nM,5900.0
COC(=O)Cc1ccc(NC(=O)Cc2c(C)n(C(=O)c3ccc(Cl)cc3)c3ccc(OC)cc23)cc1,'=',nM,58.0
COc1ccc2c(c1)c(CC(=O)OC1CCCCC1)c(C)n2C(=O)c1ccc(Cl)cc1,'=',nM,120.0
COc1ccc2c(c1)c(CC(=O)N[C@@H](C)c1ccc(C)cc1)c(C)n2C(=O)c1ccc(Cl)cc1,'=',nM,200.0
COc1ccc2c(c1)c(CC(=O)NCCO)c(C)n2C(=O)c1ccc(Cl)cc1,'=',nM,250.0
COc1ccc2c(c1F)C[S+]([O-])c1c(C(F)(F)F)nn(-c3ccc(S(N)(=O)=O)cc3)c1-2,'=',nM,1513.56
O=C(COc1cc(O)c2c(=O)cc(-c3ccccc3)oc2c1)OCc1cc(-c2ccc(F)cc2)n(-c2ccccc2)n1,'=',nM,2540.0
Cc1ccc(-n2nc(COC(=O)COc3cc(O)c4c(=O)cc(-c5ccccc5)oc4c3)cc2-c2ccc(F)cc2)cc1,'=',nM,2840.0
O=C(COc1cc(O)c2c(=O)cc(-c3ccccc3)oc2c1)OCc1cc(-c2cccc(F)c2)n(-c2ccccc2)n1,'=',nM,3530.0
CCOC(=O)Cn1nncc1COc1ccc2ccccc2c1-c1c(OCc2cnnn2CC(=O)OCC)ccc2ccccc12,'=',nM,23000.0
Cc1c(C(=O)N(C)c2ccccc2)nc2ccc(Cl)cc2c1O,'=',nM,1740.0
COc1cc(O)c2c(=O)cc(C)oc2c1,'=',nM,20100.0
COc1ccc(-c2c(-c3ccc(S(C)(=O)=O)cc3)[nH]c3ccccc23)cc1,'=',nM,0.02
CC(=O)NS(=O)(=O)c1ccc(-c2[nH]c3ccccc3c2-c2ccccc2)cc1,'=',nM,0.1799
CC/C(=C\c1cc(O)cc(O)c1)c1cccc(F)c1,'=',nM,17700.0
Cc1ccc(-c2cc(Cl)cc3c2OC(C(F)(F)F)C(C(=O)O)=C3)cc1,'=',nM,103.0
Cc1ccc(C2CC(c3ccc(S(C)(=O)=O)cc3)=NN2C(N)=S)cc1,'=',nM,31850.0
CC(C(=O)O)c1ccn(C(F)F)c(=O)c1,'=',nM,5500.0
CS(=O)(=O)Nc1ccncc1Nc1ccccc1,'=',nM,2690.0
NCc1c(-c2ccccc2)c(C(=O)O)c2ccccn12,'=',nM,14910.0
NS(=O)(=O)c1ccc(-c2[nH]c3ccc(Cl)cc3c2-c2ccccc2)cc1,'=',nM,0.14
COc1ccc(-c2cc(F)c(F)cc2-c2ccc(S(N)(=O)=O)cc2)cc1C,'=',nM,5.0
C=C1C(=O)O[C@@H]2C[C@H](C)[C@@H]3[C@@H](O)CC(=O)[C@@]3(C)C[C@H]12,'=',nM,3800.0
C=C1C(=O)O[C@H]2[C@H]1[C@H](OC(=O)[C@@]1(C)O[C@H]1C)[C@@H](OC(C)=O)/C(C(=O)OC)=C\CC[C@@]1(C)O[C@H]21,'=',nM,600.0
CC(=O)O[C@@]12[C@H](OC(=O)[C@@H](C(C)C)N(C)C)[C@@H](C)[C@@]3(O)[C@@H](C=C(CO)C[C@@]4(O)C(=O)C(C)=C[C@@H]34)[C@@H]1C2(C)C,'=',nM,2200.0
NS(=O)(=O)c1ccc(N2N=C3c4ccccc4CCC3C2c2c(F)cccc2Cl)cc1,'=',nM,3660.0
COc1ccccc1C1C2COc3ccccc3C2=NN1c1ccc(S(N)(=O)=O)cc1,'=',nM,330.0
NS(=O)(=O)c1ccc(N2N=C3c4ccccc4OCC3C2c2ccc(Cl)cc2Cl)cc1,'=',nM,2740.0
COc1cc(Cc2n[nH]c(=S)n(/N=C/c3cc4cccc(C)c4nc3Cl)c2=O)cc(OC)c1OC,'=',nM,160.0
COc1ccc2c(c1)c(CCNC(=O)c1ccc(Cl)cc1)c(C)n2Cc1ccc(Br)cc1,'=',nM,50.0
Cc1ccc(C2=C(c3ccc(S(C)(=O)=O)cc3)COC2=O)cc1,'=',nM,300.0
CCOC(=O)/C(=C/c1cccc(Cl)c1)CSc1nc(C)cc(C)n1,'=',nM,5880.0
CC/C(=C\c1cc(O)cc(O)c1)c1ccc2ccccc2c1,'=',nM,3300.0
CCCCOc1nc(OCC2(C)COC2)c(-c2ccc(S(C)(=O)=O)cc2)cc1CO,'=',nM,210.0
NS(=O)(=O)c1ccc(-n2ncc(F)c2-c2ccccc2)cc1,'=',nM,4660.0
COc1ccc(/C=C\C(=O)c2cc(-n3cc(CN4C(=O)C(=O)c5ccccc54)nn3)ccc2O)cc1,'=',nM,37.0
Cc1ccc(-c2cc(C)n(S(=O)(=O)Oc3ccccc3Cl)n2)cc1,'=',nM,530.0
Cc1ccc(-c2ssc(=S)c2-c2ccc(Cl)cc2)cc1,'=',nM,50000.0
COc1ccc2c(c1)c(CC(=O)N[C@@H](CO)CC(C)C)c(C)n2C(=O)c1ccc(Cl)cc1,'=',nM,500.0
Cc1c(CC(=O)O)cccc1-c1ccn(C(F)F)c(=O)c1,'=',nM,1200.0
CCS(=O)(=O)Nc1ccncc1Oc1ccc(Cl)cc1,'=',nM,3280.0
COc1ccc2c(c1F)CSc1c(C(F)(F)F)nn(-c3ccc(S(N)(=O)=O)cc3)c1-2,'=',nM,8.913
NS(=O)(=O)c1ccc(-c2cc(C(F)(F)F)nc(NC3CCCCC3)n2)cc1,'=',nM,2.4
c1ccc(Nc2c(-c3ccccn3)nc3ccccn23)cc1,'=',nM,18500.0
Clc1ccc(-c2cn[se]c2-c2ccc(Cl)cc2)cc1,'=',nM,0.0
Clc1ccc(-c2cnsc2-c2ccc(Cl)cc2)cc1,'=',nM,4000.0
COC1(c2cc(F)cc(OCc3cc(-c4ccccc4)n(-c4ccc(C)c(C)c4)n3)c2)CCOCC1,'=',nM,410.0
CCCCC(=O)c1cc(C(C)(C)C)c2c(c1)C(C)(C)CCS2,'=',nM,400.0
CS(=O)(=O)c1ccc(-c2cnn(CC3CCCCC3)c(=O)c2-c2ccc(F)cc2)cc1,'=',nM,410.0
COc1ccc(C(=O)NNc2ccc(Cl)cc2)cc1,'=',nM,470.0
CCCSc1ccccc1OC(C)=O,'=',nM,66000.0
NS(=O)(=O)c1ccc(-c2cc(C(F)(F)F)nn2-c2ccc(F)cc2)cc1,'=',nM,10.0
Cc1ccc(-c2c(Cl)ncn2-c2ccc(S(C)(=O)=O)cc2)cc1F,'=',nM,6.0
CS(=O)(=O)c1ccc(-c2sc(CCCc3ccc(Br)cc3)nc2-c2ccc(F)cc2)cc1,'=',nM,7.0
CS(=O)(=O)c1ccc(-c2ccccc2C2CCCCC2)cc1,'=',nM,31000.0
CCSc1ccccc1OC(C)=O,'=',nM,200000.0
CS(=O)(=O)c1ccc(-c2nc(NC3CC=CCC3)cc(C(F)(F)F)n2)cc1,'=',nM,30395549.56
COc1ccc(-c2sccc2-c2ccc(S(C)(=O)=O)cc2)cc1,'=',nM,5000.0
CS(=O)(=O)c1ccc(-n2nc(C(F)(F)F)cc2-c2ccccc2)cc1,'=',nM,6840.0
Cc1ccc(Cl)c(Nc2ccccc2C(=O)NOC(C)(C)C)c1Cl,'=',nM,66000.0
Cc1cc2cc(-c3ccc(C(C)C(=O)O)cc3)ccc2[nH]1,'=',nM,230.0
COc1ccc(O)c(O)c1/C=C1\[C@@H](C)CC[C@H]2C(C)(C)CCC[C@]12C,'=',nM,700.0
CC1(OCC(F)(F)F)OC(=O)C(c2ccc(F)cc2)=C1c1ccc(S(C)(=O)=O)cc1,'=',nM,400.0
O=S(=O)(c1ccccc1)N1N=C(C(F)(F)F)CC1c1ccc2c(c1)OCO2,'=',nM,5650.0
Cc1ccc2c(c1)oc(=O)n2Cc1cn(-c2ccccc2Cl)nn1,'=',nM,3600.0
Cc1c(N)c(=O)n(-c2ccccc2)n1C,'=',nM,42000.0
COc1ccc2c(c1)c(Cc1csc(N)n1)c(C)n2C(=O)c1ccc(Cl)cc1,'=',nM,390.0
CC1(C)COc2c(C3CCCC3)cc(C(=O)CCCC3CC3)cc21,'=',nM,20000.0
CCN(C)Cc1cc2c(cc1Cl)C=C(C(=O)O)C(C(F)(F)F)O2,'=',nM,21300.0
CC(C)N(C)Cc1cc2c(cc1Cl)C=C(C(=O)O)C(C(F)(F)F)O2,'=',nM,100000.0
NS(=O)(=O)c1ccc(-c2ccsc2-c2ccc(F)cc2)cc1,'=',nM,30.0
COc1nc(-c2cc(C(C)(C)C)c(O)c(C(C)(C)C)c2)ns1,'=',nM,100000.0
CCc1cc(/C=C/C(=O)O)cc(C(=O)c2ccccc2)c1,'=',nM,2600.0
COc1ccc(-c2c(-c3ccc(S(N)(=O)=O)cc3)ccc(F)c2F)cc1C,'=',nM,5.012
CS(=O)(=O)c1ccc(-c2sc3nc(C(F)(F)F)nn3c2-c2ccccc2)cc1,'=',nM,3.0
O=S(=O)(Nc1ccncc1Oc1ccc(Cl)cc1Cl)C(F)(F)F,'=',nM,2550.0
Cc1ccc(Cl)c(Nc2ccccc2C(=O)NCCO)c1Cl,'=',nM,1000.0
O=[N+]([O-])c1cccc(Oc2ccc(OCCN3CCCC3)cc2)c1,'=',nM,13000.0
CS(=O)(=O)c1ccc(C2=C(C#Cc3ccccc3)C(=O)CC2)cc1,'=',nM,6.0
CC(COC(=O)C(C)c1ccc(C(=O)c2cccs2)cc1)O[N+](=O)[O-],'=',nM,4560.0
CC(C)OC1(C)OC(=O)C(c2ccc(F)cc2)=C1c1ccc(S(C)(=O)=O)cc1,'=',nM,800.0
COc1ccc(OCc2cc(-c3ccccc3)n(-c3ccc(S(C)(=O)=O)cc3)n2)cc1OC,'=',nM,700.0
Cc1ccc(Cl)c(Nc2ccccc2C(=O)NNCc2ccccc2)c1Cl,'=',nM,6300.0
COc1ccc2c(c1)c(CCNC(=O)c1ccc(O[N+](=O)[O-])cc1)c(C)n2C(=O)c1ccc(Cl)cc1,'=',nM,1500.0
COc1ccc2cc(-c3ccccc3-c3ccc(S(C)(=O)=O)cc3)ccc2c1,'=',nM,30000.0
CSc1ccc(-c2nc3sccn3c2-c2ccccc2)cc1,'=',nM,5000.0
NS(=O)(=O)c1ccc(-n2nc(C(=O)NCCN3CCOCC3)cc2-c2ccccc2)cc1,'=',nM,640.0
O=C(NCc1ccccc1)c1sc2ccccc2c1Br,'=',nM,12210.0
CC(C(=O)O)c1ccc(Cc2cccs2)cc1F,'=',nM,13000.0
COc1ccc(-c2nc3cc(NC(=O)c4ccc(Cl)cc4)ccc3o2)cc1OC,'=',nM,1210.0
CC(C)CSc1cc2c(cc1Cl)C=C(C(=O)O)C(C(F)(F)F)O2,'=',nM,19.0
Cc1ccc(-c2nnnn2-c2ccc(S(C)(=O)=O)cc2)cc1,'=',nM,87000.0
CS(=O)(=O)c1ccc(-n2nnnc2-c2ccc([N+](=O)[O-])cc2)cc1,'=',nM,69000.0
CN(C)c1ccc(-c2nnnn2-c2ccc(S(C)(=O)=O)cc2)cc1,'=',nM,6000.0
COc1ccc(/C=C/c2cc(OC)cc(OC)c2/C=C/C(=O)N(CC(C)C)CC(C)C)cc1,'=',nM,6840.0
COc1ccc(/C=C/c2cc(OC)cc(OC)c2/C=C/C(=O)NCCCN2CCOCC2)cc1,'=',nM,8920.0
COc1ccc(/C=C/c2cc(OC)cc(OC)c2/C=C/C(=O)NCCCCl)cc1,'=',nM,1270.0
CS(=O)(=O)c1ccc(-c2nnnn2-c2ccc(F)cc2)cc1,'=',nM,2700.0
CCNC(=O)/C=C/c1c(/C=C/c2ccc(OC)cc2)cc(OC)cc1OC,'=',nM,12360.0
CC(=O)N1N=C(c2ccc(S(C)(=O)=O)cc2)CC1c1ccc(C)cc1,'=',nM,6770.0
CCOC(OCC)c1ccc(/C=C2\Cc3ccccc3C2=O)cc1,'=',nM,19320.0
CN(C)c1ccc(/C=C2\Cc3ccccc3C2=O)c([N+](=O)[O-])c1,'=',nM,14850.0
CC(C)Cc1ccc(C(C)C(=O)OCc2c(C(C)C)c(=O)n(-c3ccccc3)n2C)cc1,'=',nM,1300.0
O=C1/C(=C/c2coc3ccccc3c2=O)c2ccccc2N1c1c(Cl)cccc1Cl,'=',nM,1.3
O=C1/C(=C/c2coc3ccc(Br)cc3c2=O)c2ccccc2N1c1c(Cl)cccc1Cl,'=',nM,7600.0
NS(=O)(=O)c1ccc(-n2nc(C(=O)N/N=C/c3c(Cl)c4ccccc4oc3=O)cc2-c2ccc(O)cc2)cc1,'=',nM,9970.0
NS(=O)(=O)c1ccc(-n2nc(C(=O)N/N=C/c3c(Cl)c4ccccc4oc3=O)cc2-c2ccc(Cl)c(Cl)c2)cc1,'=',nM,300.0
O=C(/C=C/C1=Cc2ccccc2OC1)c1ccc(Br)cc1,'=',nM,420.0
COc1ccc(C(=O)/C=C/C2=Cc3ccccc3OC2)cc1OC,'=',nM,460.0
O=C(/C=C/C1=Cc2c(ccc3ccccc23)OC1)c1ccc(Cl)cc1Cl,'=',nM,290.0
Cc1cc(C(C#N)c2ccc(Cl)cc2)c(Cl)cc1NC(=O)c1cc(I)cc(I)c1O,'=',nM,1839.0
CCOC1(C)OC(=O)C(c2ccc(F)cc2)=C1c1ccc(S(C)(=O)=O)cc1,'=',nM,500.0
Cc1ccc(-n2c(-c3ccc(S(N)(=O)=O)cc3)coc2=O)cc1,'=',nM,790.68
CS(=O)(=O)Nc1ccncc1Oc1ccc(Cl)cc1,'=',nM,1870.0
CC(C(=O)O)c1ccc(C[C@H]2CCC[C@@H]2O)cc1,'=',nM,2400.0
CCc1ccc(/C=C/S(N)(=O)=O)cc1C(=O)c1ccccc1,'=',nM,770.0
CS(=O)(=O)c1ccc(-c2nc3sccn3c2-c2ccccc2)cc1,'=',nM,3210.0
CCOC(=O)c1c(C)oc2ccc(Oc3ccc4ccccc4c3)cc12,'=',nM,15800.0
CC(C)[C@@H]1CC[C@]2(C)[C@@H]3C(C=C4[C@@H]5CC(C)(C)C(=O)C[C@]5(C)CC[C@]42C)OC(=O)CC(O)[C@]31C,'=',nM,460000.0
CCCCOc1nc(OCC2COC2)c(-c2ccc(S(C)(=O)=O)cc2)cc1CO,'=',nM,36.0
CS(=O)(=O)Nc1cc(Cc2ccc(Cl)cc2)c2ccccc2c1,'=',nM,10000.0
O=C(O)Cc1cccc(-c2ccn(C(F)F)c(=O)c2)c1,'=',nM,11100.0
COc1ccc2c(c1)c1c(n2C(=O)c2ccccc2)CCNC1.Cl,'=',nM,87600.0
O=C(COc1ccc(Cl)cc1Cl)N/N=C1/SCC(=O)N1c1ccc(Br)cc1,'=',nM,9580.0
O=C(COc1ccc(Cl)cc1Cl)N/N=C1/SCC(=O)N1Cc1ccccc1,'=',nM,3290.0
Cc1ccc(-c2cn(-c3ccc(S(C)(=O)=O)cc3)nn2)cc1,'=',nM,2500.0
CCOC(=O)c1c(C)oc2ccc(Oc3ccc(C)cc3)cc12,'=',nM,4200.0
CS(=O)(=O)c1ccc(C2=C(c3cccc(O)c3)C(=O)OC2)cc1,'=',nM,3960.0
CC(C)(C)c1cc(Nc2ccccc2C(=O)O)cc2c1OCC2(C)C,'=',nM,4000.0
Cc1csc(NC(=O)C2=C(O)c3ccccc3S(=O)(=O)N2C)n1,'=',nM,830.0
NS(=O)(=O)c1ccc(-n2nc(C(=O)NC3CCCCC3)nc2-c2ccccc2)cc1,'=',nM,660.0
CC(C)Cc1ccc(C(C)C(=O)OC(CO[N+](=O)[O-])CO[N+](=O)[O-])cc1,'=',nM,1700.0
Cc1onc(-c2ccccc2)c1-c1ccccc1,'=',nM,2490.0
CC1N(C(=O)Nc2cccc(Cl)c2)C(=O)c2ccccc2S1(=O)=O,'=',nM,98800.0
CC(C)(C)c1cc(-c2cc(=S)ss2)cc(C(C)(C)C)c1O,'=',nM,7.2
COC(=O)CC1N(C(=O)Nc2cccc(Cl)c2)C(=O)c2ccccc2S1(=O)=O,'=',nM,105900.0
CC1N(C(=O)Nc2ccccn2)C(=O)c2ccccc2S1(=O)=O,'=',nM,76800.0
N#Cc1cccc(Nc2cnccc2NS(=O)(=O)C(F)(F)F)c1,'=',nM,36230.0
CS(=O)(=O)c1ccc(-c2sc3ncnn3c2-c2ccc(F)c(F)c2)cc1,'=',nM,48.0
CC(C)(C)c1cc(-c2noc(NC#N)n2)cc(C(C)(C)C)c1O,'=',nM,64.0
CS(=O)(=O)c1ccc(-c2cc(C(F)(F)F)nc(NC3CCCCC3)n2)cc1,'=',nM,62.0
CC(C)c1ncc(-c2ccc(S(C)(=O)=O)cc2)c(-c2ccc(F)cc2)n1,'=',nM,1135.0
CC(C)(C)c1cc(-c2cccs2)cc2c1OCC2(C)C,'=',nM,70.0
CSc1ccc(C2=C3c4ccccc4CCC3OC2=O)cc1,'=',nM,827.0
COc1ccc(-n2nc(C(F)(F)F)cc2-c2ccc(N)cc2)cc1,'=',nM,129.0
COc1ccc(-c2cc(-c3ccc(Cl)cc3)n(-c3ccc(S(N)(=O)=O)cc3)n2)cc1,'=',nM,100.0
CS(=O)(=O)c1ccc(NN2C(=O)CSC2c2ccc(Cl)cc2)cc1,'=',nM,121700.0
COc1ccc(C2CC(c3ccc(S(C)(=O)=O)cc3)=NN2C(C)=O)cc1,'=',nM,7610.0
CCCN1CC(c2ccc(S(C)(=O)=O)cc2)=C(c2ccc(CO)cc2)C1=O,'=',nM,87.0
CS(=O)(=O)c1ccc(-c2c(-c3ccccc3)ssc2=O)cc1,'=',nM,50000.0
O=C(NCCc1c[nH]c2ccccc12)c1ccccc1Nc1ccccc1,'=',nM,470.0
NS(=O)(=O)c1ccc(/N=N/c2ccc(OC(=O)Nc3ccccc3)c(OC(=O)Nc3ccccc3)c2)cc1,'=',nM,11070.0
COc1ccc(CN2CCN(C(=O)c3cc4cc(Cl)ccc4n3Cc3ccc(F)cc3)CC2)cc1,'=',nM,23.21
O=C(/C=C/c1ccc(O)c(O)c1)NNC(=O)COc1ccc(Br)cc1,'=',nM,3400.0
CCn1nc(-c2ccc(S(C)(=O)=O)cc2)c(-c2ccc(F)cc2)c1C(F)(F)F,'=',nM,130.0
CCCc1cc(S(F)(F)(F)(F)F)cc2c1OC(C(F)(F)F)C(C(=O)O)=C2,'=',nM,46.0
Cc1cc(=O)c(Oc2ccc(F)cc2F)c(-c2ccc([S+](C)[O-])cc2)o1,'=',nM,920.0
CCCCCCCCCCCCCCCc1cccc(OCC)c1CSc1nc2ccccc2[nH]1,'=',nM,1470.0
CC(C)(C)c1cc(-c2nsc(N=C(N)N)n2)cc(C(C)(C)C)c1O,'=',nM,27000.0
CSc1ccc(C2=C3c4ccccc4CCC3(O)OC2=O)cc1,'=',nM,850.0
COc1ccc(-c2cc(CSc3nc4ccccc4c(=O)n3-c3ccc(Cl)cc3)on2)cc1OC,'=',nM,1330.0
NS(=O)(=O)c1ccc(-n2nc(C(=O)N3CCOCC3)cc2-c2ccc(F)cc2)cc1,'=',nM,230.0
COc1cccc(-c2cc(C(=O)N3CCSCC3)nn2-c2ccc(S(N)(=O)=O)cc2)c1,'=',nM,1950.0
NS(=O)(=O)c1ccc(-n2nc(C(=O)N3CCOCC3)cc2-c2ccccc2)cc1,'=',nM,690.0
COc1ccc(-c2cc(C(=O)NCCCN3CCOCC3)nn2-c2ccc(S(N)(=O)=O)cc2)cc1,'=',nM,710.0
[2H]C([2H])([2H])c1cc(Cl)cc2c1O[C@H](C(F)(F)F)C(C(=O)O)=C2,'=',nM,20.0
Clc1ccc(-c2nnc(-c3cn(-c4ccccc4)nc3-c3ccc(Br)cc3)o2)cc1,'=',nM,50000.0
Cc1ccc(-c2nn(-c3ccccc3)cc2-c2nnc(-c3ccncc3)o2)cc1,'=',nM,53000.0
NS(=O)(=O)c1ccc(-n2nc(C(=O)N3CCOCC3)cc2-c2ccc(Br)cc2)cc1,'=',nM,310.0
COc1ccc(-c2cc(C(=O)N3CCSCC3)nn2-c2ccc(S(N)(=O)=O)cc2)cc1,'=',nM,1210.0
NS(=O)(=O)c1ccc(-n2nc(C(=O)OCCN3CCOCC3)cc2-c2ccc(F)cc2)cc1,'=',nM,210.0
NS(=O)(=O)c1ccc(-n2nc(C(=O)OCCN3CCOCC3)cc2-c2ccc(C(F)(F)F)cc2)cc1,'=',nM,190.0
COOC[C@@]1(C)CC[C@]2(C)CC[C@]3(C)[C@@H]4CC(=O)c5cc(OC)c(O)cc5[C@]4(C)CC[C@@]3(C)C2C1,'=',nM,660000.0
Clc1nc(OCc2cn(Cc3ccccc3)nn2)nc(N2CCCC2)n1,'=',nM,5000.0
COc1ccc(-c2cc(CSc3nc4ccccc4c(=O)n3-c3ccccc3)on2)cc1,'=',nM,370.0
COc1ccc(-c2cc(CSc3nc4ccccc4c(=O)n3-c3ccc(Br)cc3)on2)cc1OC,'=',nM,340.0
CC1=NN(c2cccc(Cl)c2)C(=O)/C1=C\c1cn(CCCCOc2cc(O)c3c(=O)cc(-c4ccccc4)oc3c2)c2ccccc12,'=',nM,6200.0
CC(C)(C)c1cc2c(cc1Cl)C=C(C(=O)O)[C@@H](C(F)(F)F)O2,'=',nM,62.0
COc1c(Cl)cc(-c2cc(C(F)F)nn2-c2ccc(S(N)(=O)=O)cc2)cc1Cl,'=',nM,20.89
CS(=O)(=O)c1ccc(-c2cc(C(F)(F)F)nc(Nc3ccccc3)n2)cc1,'=',nM,5.6
COc1ccc(-c2nc(OC)nn2-c2ccc(OC)cc2)cc1,'=',nM,3200.0
COC(=O)c1cc(-c2ccc(F)cc2)n(-c2ccc(S(N)(=O)=O)cc2)n1,'=',nM,100000.0
CS(=O)(=O)c1ccc(N2CCN=C2c2ccc(Cl)c(Cl)c2)cc1,'=',nM,2100.0
Cc1cc(=O)c(Oc2ccc(Br)cc2F)c(-c2ccc([S+](C)[O-])cc2)o1,'=',nM,570.0
O=C(c1ccccc1)n1cc(/C=N/c2ccc(F)cc2)c2ccccc21,'=',nM,430.0
Cc1ccc(-c2cc(C(F)(F)F)nn2-c2ccc(-c3nn[nH]n3)cc2)cc1,'=',nM,1.9
NS(=O)(=O)c1ccc(/N=c2\scc(-c3ccc(Cl)cc3Cl)n2-c2ccccc2)cc1,'=',nM,18320.0
COc1cc([C@@H]2CC(=O)c3c(cc(O)c(C/C=C(\C)CCC=C(C)C)c3O)O2)cc(O)c1OC,'=',nM,6400.0
O=S(=O)(Nc1ccncc1Nc1cccc(I)c1)C(F)(F)F,'=',nM,260.0
O=C(/C=C/C1=Cc2ccccc2OC1)c1ccc(C(F)(F)F)cc1,'=',nM,830.0
CCc1ccc(N2C(=O)CS/C2=N/NC(=O)COc2ccc(Cl)cc2Cl)cc1,'=',nM,6930.0
O=C(COc1cc(O)c2c(=O)cc(-c3ccccc3)oc2c1)OCc1cc(-c2cccc(Cl)c2)n(-c2ccccc2)n1,'=',nM,4430.0
Cc1ccc(-n2nc(COC(=O)COc3cc(O)c4c(=O)cc(-c5ccccc5)oc4c3)cc2-c2cccc(Cl)c2)cc1,'=',nM,4800.0
CC(C)(O)[C@H](O)Cc1cc(/C=C/c2cc(O)cc(O)c2)ccc1O,'=',nM,13900.0
CC(C(=O)NCCc1c[nH]c2ccc(O)cc12)c1cccc(Oc2ccccc2)c1,'=',nM,7000.0
N#Cc1cnn(-c2ccc(S(N)(=O)=O)cc2)c1/N=C/c1ccc(Br)cc1,'=',nM,64.9
O=C1CSC(N2N=C(c3ccc(Cl)c(Cl)c3)CC2c2ccc(Cl)cc2)=N1,'=',nM,11700.0
Cc1c(-c2c(N=O)nc3ncccn23)cnn1-c1ccccc1,'=',nM,1550.0
O=C(NCCc1c[nH]c2ccccc12)c1ccccc1Nc1ccc(F)cc1,'=',nM,2460.0
O=C(NCCc1c[nH]c2ccccc12)c1ccccc1Nc1ccc(Br)cc1,'=',nM,5680.0
Cc1ccc(Nc2ccccc2C(=O)NCCc2c[nH]c3ccccc23)cn1,'=',nM,19600.0
O=C(NCCc1c[nH]c2ccccc12)c1ccccc1Nc1cccnc1Cl,'=',nM,2960.0
CCOC(=O)C1=C(N)N2C(=O)CCC(=O)N2C1c1ccccc1O,'=',nM,181.0
COc1ccc2c(c1)c(CC(=O)NCCCCCO)c(C)n2C(=O)c1ccc(Cl)cc1,'=',nM,290.0
COc1ccc(C2CC(c3ccc(S(C)(=O)=O)cc3)=NN2c2ccc(C(=O)O)cc2)cc1,'=',nM,2170.0
CCCCCCCCCCCC1=CC(=O)C=C(OC)C1=O,'=',nM,570.0
CS(=O)(=O)c1ccc(-c2c(-c3ccc(F)cc3)oc3ccccc23)cc1,'=',nM,20.0
NS(=O)(=O)c1ccc(/N=c2\scc(-c3ccc(Br)cc3)n2-c2ccccc2)cc1,'=',nM,19730.0
CN1C(O)=C(C(=O)Nc2ccc(Cl)cc2Cl)c2cc(Cl)ccc2S1(=O)=O,'=',nM,9.0
NS(=O)(=O)c1ccc(-c2ccc(F)c(F)c2-c2ccc3c(c2)OCCO3)cc1,'=',nM,32.36
Cc1cn2c(-c3ccccc3)c(-c3ccc(S(C)(=O)=O)cc3)nc2s1,'=',nM,140.0
Cc1csc2nc(-c3ccc(S(C)(=O)=O)cc3)c(-c3ccccc3)n12,'=',nM,1000.0
NS(=O)(=O)c1ccc(-n2nc(C(=O)N3CCSCC3)cc2-c2cccc(F)c2)cc1,'=',nM,190.0
N#CCC(=O)N/N=C/c1c[nH]c2ccc(Br)cc12,'=',nM,250.0
Cc1ccc(-c2ncc(Cl)cc2-c2ccc([S+](C)[O-])cc2)cn1,'=',nM,3700.0
O=c1c2ccccc2nc(SCc2cn(-c3ccc(Br)cc3)nn2)n1-c1ccc(Cl)cc1,'=',nM,240.0
CS(=O)(=O)c1ccc(-c2c(-c3ccc(F)c(F)c3)nc3sccn23)cc1,'=',nM,12.0
CSc1ccc(-c2c(-c3ccccc3)nc3sccn23)cc1,'=',nM,420.0
NS(=O)(=O)c1ccc(-n2nc(NC(=O)NCCCCCCCCCCC(=O)O)cc2-c2ccccc2)cc1,'=',nM,2180.0
NS(=O)(=O)c1ccc(-n2nc(C(F)(F)F)c3c2-c2ccccc2CC3)cc1,'=',nM,1096.48
Cc1c(C(=O)NCCc2ccc(N3CCCCC3)cc2)nc2ccc(Cl)cc2c1O,'=',nM,2110.0
Cc1c(C(=O)NCc2nc3ccccc3[nH]2)nc2ccc(Cl)cc2c1O,'=',nM,1210.0
Cc1onc(-c2ccc(S(C)(=O)=O)cc2)c1-c1ccc(F)cc1,'=',nM,70.0
CCC(=O)NS(=O)(=O)c1ccc(-c2c(-c3ccccc3)noc2C)cc1,'=',nM,5.0
Cc1ccc(-n2nc(COC(=O)COc3cc(O)c4c(=O)cc(-c5ccccc5)oc4c3)cc2-c2ccc([N+](=O)[O-])cc2)cc1,'=',nM,1390.0
O=C(O)C1=Cc2c(ccc(Cl)c2Oc2ccccc2)OC1C(F)(F)F,'=',nM,530.0
O=C(O)C1=Cc2cc(S(F)(F)(F)(F)F)cc(Br)c2OC1C(F)(F)F,'=',nM,56.0
N#Cc1cnn(-c2ccc(S(N)(=O)=O)cc2)c1/N=C/c1ccc(F)cc1,'=',nM,38.73
N#Cc1c(N=Cc2cccnc2)c(C(=O)Nc2ccccc2)n2c1CCC2,'=',nM,100.0
Cc1nc(C2CCCCC2)c(-c2ccc(S(N)(=O)=O)c(N)c2)o1,'=',nM,930.0
O=C(NCc1ccc(F)cc1)C(=O)Oc1sc2ccccc2c1Br,'=',nM,14500.0
NS(=O)(=O)c1ccc(C2=C(c3ccc(F)c(F)c3)CCC2)cc1,'=',nM,18.0
NS(=O)(=O)c1ccc(-n2nc(C(F)(F)F)cc2-c2ccc(I)cc2)cc1,'=',nM,8200.0
CS(=O)(=O)c1ccc(-c2cc(C(F)(F)F)nc(NCc3ccc(I)cc3)n2)cc1,'=',nM,850.0
COc1ccc(-c2nc3cc(NC(=O)c4ccc([N+](=O)[O-])cc4Cl)ccc3o2)cc1OC,'=',nM,460.0
COC(=O)CNC(=O)[C@H](C)NC(=O)[C@@H]1CCCN1C(=O)CNC(=O)[C@H](C)NC(=O)OCc1ccccc1,'=',nM,400.0
Brc1ccc(/C=N/Nc2nnc(-c3ccncc3)o2)cc1,'=',nM,110.0
Clc1ccc(/C=N/c2nnc(-c3cccnc3)o2)cc1,'=',nM,130.0
Cc1c(-c2nn(-c3ccccc3)cc2/C=N/O)nnn1-c1ccc(Cl)cc1,'=',nM,50.0
CC(=O)c1nnn(-c2ccc(C(=O)O)cc2)c1C,'=',nM,420.0
C/C(=N\Nc1nc(-c2ccc(Cl)cc2)cs1)c1nnn(-c2ccc(Cl)cc2)c1C,'=',nM,60.0
Oc1ccc(-c2nnc(CSc3nnc(-c4ccncc4)o3)o2)cc1,'=',nM,100.0
Clc1ccc(-c2nnc(CSc3nnc(-c4ccncc4)o3)o2)cc1,'=',nM,89.0
CC(C)C/C=N/c1c(C#N)c2n(c1C(=O)Nc1ccc(Br)cc1)CCC2,'=',nM,13490.0
CCOC(=O)C1CCN(C(=O)Nc2cc(-c3ccccc3)n(-c3ccc(S(N)(=O)=O)cc3)n2)CC1,'=',nM,2890.0
NS(=O)(=O)c1ccc(-n2nc(C(=O)NC34CC5CC(CC(C5)C3)C4)cc2-c2ccccc2)cc1,'=',nM,2150.0
CCc1ccnc(C(=O)c2[nH]c3ccc(OC(F)(F)F)cc3c2CC(=O)O)c1,'=',nM,5700.0
Fc1ccc(Nc2nc(/C=C/c3ccccc3)nc3ccccc23)cc1F,'=',nM,10100.0
O=C(NN1C(=O)c2ccccc2C1=O)c1ccccc1O,'=',nM,130.4
O=C(O)C1=Cc2cc(Cl)cc(-c3ccc(Cl)cc3)c2OC1C(F)(F)F,'=',nM,21.1
CCc1ccc(-c2cc(Cl)cc3c2OC(C(F)(F)F)C(C(=O)O)=C3)cc1,'=',nM,78.4
O=C1NC(=S)S/C1=C\c1ccc(OCc2cn(-c3ccccc3)nn2)cc1,'=',nM,260.0
N#CC1=C(N)OC(c2ccccc2)=CC1c1cn(-c2ccccc2)nc1-c1ccc(OCc2ccccc2)cc1,'=',nM,720.0
CS(=O)(=O)Nc1ccc(-c2cc(C(F)F)nn2-c2ccc(F)cc2)cc1,'=',nM,8000.0
CC(=O)Nc1ccc(-c2cc(C(F)(F)F)nn2-c2ccc(Br)cc2)cc1,'=',nM,70.0
COc1ccc(-c2nc(NCC(=O)N3CCOCC3)sc2-c2ccc(OC)cc2)cc1,'=',nM,6890.0
Oc1cc(O)cc(/C=C/c2cccc(F)c2)c1,'=',nM,820.0
COc1ccc(-c2cc(COC(=O)COc3cc(O)c4c(=O)cc(-c5ccccc5)oc4c3)nn2-c2ccccc2)cc1,'=',nM,540.0
COc1ccc(-c2cc(COC(=O)COc3cc(O)c4c(=O)cc(-c5ccccc5)oc4c3)nn2-c2ccc(C)cc2)cc1,'=',nM,230.0
O=C(COc1cc(O)c2c(=O)cc(-c3ccccc3)oc2c1)OCc1cc(-c2ccc([N+](=O)[O-])cc2)n(-c2ccccc2)n1,'=',nM,1660.0
COc1ccc2c(c1)c1c(n2C(=O)c2c(Cl)cc(Cl)cc2Cl)CCN(CCCOc2cc(F)cc(C3(OC)CCOCC3)c2)C1.Cl,'=',nM,100000.0
CC(C(=O)O)c1ccccc1-c1ccn(C(F)F)c(=O)c1,'=',nM,2600.0
CS(=O)(=O)c1ccc(-n2nc(C(F)(F)F)cc2C2CCN(CCCCO[N+](=O)[O-])CC2)cc1,'=',nM,15600.0
NS(=O)(=O)c1ccc(-n2nc(C(=O)Oc3ccc4ccc(=O)oc4c3)cc2-c2ccccc2)cc1,'=',nM,2500.0
COc1c(OC)c(O)c2c(=O)cc(C)oc2c1Cl,'=',nM,43410.0
Cc1sc2nc(-c3ccccc3)c(-c3ccc(S(C)(=O)=O)cc3)n2c1C,'=',nM,5000.0
Cc1cc2c(c(C)c1Cl)C=C(C(=O)O)C(C(F)(F)F)O2,'=',nM,69.0
CS(=O)(=O)c1ccc(C2=NN(c3ccc(C(=O)O)cc3)C(c3ccc(Cl)cc3)C2)cc1,'=',nM,3980.0
Cc1ccc(-c2nn(-c3ccccc3)cc2-c2nnc(-c3ccc(Cl)cc3)o2)cc1,'=',nM,58000.0
Cc1ccccc1Nc1cnccc1NS(=O)(=O)C(F)(F)F,'=',nM,2690.0
COc1cccc(Nc2cnccc2NS(=O)(=O)C(F)(F)F)c1,'=',nM,1580.0
COc1ccc(Nc2cnccc2NS(=O)(=O)C(F)(F)F)cc1,'=',nM,160.0
CS(=O)(=O)Nc1ccncc1Nc1cccc(Cl)c1,'=',nM,730.0
COc1ccc(-c2nc3cc(NC(=O)c4ccccc4Br)ccc3o2)cc1OC,'=',nM,2240.0
c1ccc(-c2ccc(-c3ccccc3)cc2)cc1,'=',nM,144000.0
CS(=O)(=O)Nc1ccncc1Oc1ccc(Cl)cc1Cl,'=',nM,120.0
COc1ccc(C2=Cc3ccccc3CC2)c(OC)c1OC,'=',nM,660.0
COc1ccc(C2=Cc3ccccc3C2)c(OC)c1OC,'=',nM,1330.0
Cc1ccc(Nc2c(F)cccc2Cl)c(CC(=O)O)c1,'=',nM,140.0
CCSc1nc(-c2ccc(Cl)cc2)c(-c2ccc(S(C)(=O)=O)cc2)[nH]1,'=',nM,110.0
CCSc1nc(-c2ccc(F)cc2)c(-c2ccc(S(C)(=O)=O)cc2)[nH]1,'=',nM,80.0
O=C(O)c1ccc(-n2cc(CSc3nc4ccccc4c(=O)n3-c3ccccc3)nn2)cc1,'=',nM,670.0
O=c1c2ccccc2nc(SCc2cn(-c3ccccc3)nn2)n1-c1ccc(Br)cc1,'=',nM,250.0
O=c1c2ccccc2nc(SCc2cn(-c3ccc(Cl)cc3)nn2)n1-c1ccc(Br)cc1,'=',nM,160.0
CCCOCCc1cc(-c2ccc(S(C)(=O)=O)cc2)n(-c2ccccc2)c1C,'=',nM,1300.0
NS(=O)(=O)c1ccc(N2N=C3c4ccccc4CCC3C2c2ccc(Br)cc2)cc1,'=',nM,26340.0
CS(=O)(=O)c1ccc(-n2nncc2-c2ccc(F)cc2)cc1,'=',nM,30.0
Cc1ccc(/N=C/c2ccc(S(N)(=O)=O)cc2)cc1,'=',nM,4620.0
O=C(NCCc1c[nH]c2ccc(O)cc12)c1ccccc1O,'=',nM,1740.0
NS(=O)(=O)c1ccc(-n2nc(COC(=O)c3cc4ccccc4oc3=O)cc2-c2ccc(F)cc2)cc1,'=',nM,3360.0
O=C(O)C[C@@H]1C(=O)O[C@H]2[C@@H]3OC(=O)c4cc(O)c(O)c(O)c4-c4ccccc4C(=O)OC[C@H]2O[C@@H](OC(=O)c2cc(O)c(O)c(O)c2)[C@@H]3OC(=O)c2cc(O)c(O)c3c2[C@H]1[C@H](O)C(=O)O3,'=',nM,920.0
COc1ccc(-c2nc3cc(NC(=O)c4ccc(C)cc4)ccc3o2)cc1OC,'=',nM,1390.0
CCOc1ccc(/C=C/c2ccc([N+](=O)[O-])cc2)cc1,'=',nM,4017.0
COc1cc(/C=C/c2ccc([N+](=O)[O-])cc2)cc(OC)c1OC,'=',nM,2168.0
Clc1ccc(/C=N/Nc2nnc(-c3ccncc3)o2)cc1,'=',nM,290.0
COc1ccc2c(c1)c1c(n2C(=O)c2ccccc2)CCN(CCCOc2cc(F)cc(C3(OC)CCOCC3)c2)C1.Cl,'=',nM,78300.0
CC(C)Cc1ccc(C(C)C(=O)NCCc2c[nH]c3ccc(O)cc23)cc1,'=',nM,10000.0
Cc1c(CC(=O)O)c2cc(O)ccc2n1C(=O)c1ccc(Cl)cc1,'=',nM,5000.0
C/C(=N\Nc1nc(-c2ccc(Cl)cc2)cs1)c1nnn(-c2ccc(S(N)(=O)=O)cc2)c1C,'=',nM,40.0
CC(=O)c1nnn(-c2ccc(F)cc2)c1C,'=',nM,230.0
C/C(=N\NC(N)=O)c1nnn(-c2ccc(Cl)cc2)c1C,'=',nM,320.0
CC(=O)c1nnn(-c2ccc(S(=O)(=O)Nc3nccs3)cc2)c1C,'=',nM,290.0
C/C(=N\NC(N)=S)c1nnn(-c2ccc(S(=O)(=O)Nc3nccs3)cc2)c1C,'=',nM,50.0
COc1cc(Cc2n[nH]c(=S)n(/N=C/c3cc4ccc(OCc5ccccc5)cc4nc3Cl)c2=O)cc(OC)c1OC,'=',nM,120.0
NS(=O)(=O)c1ccc(-n2nc(C(=O)OCCOc3ccc4ccc(=O)oc4c3)cc2-c2ccccc2Cl)cc1,'=',nM,770.0
COc1cc(-c2cc(C(=O)OCCOc3ccc4ccc(=O)oc4c3)nn2-c2ccc(S(N)(=O)=O)cc2)cc(OC)c1OC,'=',nM,230.0
CC(COC(=O)C(C)c1ccc2c(c1)[nH]c1ccc(Cl)cc12)O[N+](=O)[O-],'=',nM,45000.0
NS(=O)(=O)c1ccc(-c2nc(NCc3ccco3)cc(C(F)(F)F)n2)cc1,'=',nM,2790.0
CS(=O)(=O)c1ccc(-c2nc(NCCCc3cccs3)cc(C(F)(F)F)n2)cc1,'=',nM,826456.5
CCSc1ccc(-c2cc(C(F)(F)F)nn2-c2ccc(S(N)(=O)=O)c(CO)c2)cc1,'=',nM,51200.0
CC(=O)N1N=C(c2ccc(S(C)(=O)=O)cc2)CC1c1ccc(Cl)cc1,'=',nM,21700.0
NS(=O)(=O)c1ccc(/N=C/c2ccc(O)c(C(=O)O)c2)cc1,'=',nM,740.0
COc1ccc(/C=N/c2ccc(S(N)(=O)=O)cc2)cc1,'=',nM,9880.0
CCc1ccc(-n2c(-c3ccc(S(N)(=O)=O)cc3)coc2=O)cc1,'=',nM,1559.55
Cc1cc(=O)c(Oc2ccc(Br)cc2F)c(-c2ccc([S@@+](C)[O-])cc2)o1,'=',nM,1580.0
Cc1ccc(-c2c(-c3ccc(S(N)(=O)=O)cc3)ccc(F)c2F)cc1C,'=',nM,5.012
CS(=O)(=O)c1ccc(-c2cc(C(F)(F)F)nc(OCC3CCCC3)n2)cc1,'=',nM,22.0
COc1ccc2c(-c3ccc(S(C)(=O)=O)cc3)c(-c3ccc(F)cc3)nn2n1,'=',nM,51.0
Cc1c(Cl)cc2c(c1C)O[C@H](C(F)(F)F)C(C(=O)O)=C2,'=',nM,30.0
NS(=O)(=O)c1ccc(/C=N/c2ccc(C(F)(F)F)cc2)cc1,'=',nM,6540.0
COc1ccc(/C=N/c2ccc(S(N)(=O)=O)cc2)cc1OC,'=',nM,3090.0
CS(=O)(=O)c1ccc(N2CCN=C2c2cccc(Cl)c2)cc1,'=',nM,8100.0
NS(=O)(=O)c1ccc(N2CCN=C2c2cccc(Br)c2)cc1,'=',nM,2900.0
NS(=O)(=O)c1ccc(N2CCN=C2c2cccc(Cl)c2)cc1,'=',nM,2500.0
CS(=O)(=O)c1ccc(-c2c(-c3ccccc3)nn3ncccc23)cc1,'=',nM,2.0
O=C(Nc1ccc(-c2cccc(Cl)c2Cl)cc1)C1=C(O)c2ccccc2S(=O)(=O)N1,'=',nM,44400.0
O=[N+]([O-])c1ccc(-c2nn(-c3ccccc3)cc2-c2nnc(-c3ccc(Cl)cc3)o2)cc1,'=',nM,1200.0
Fc1ccc(-c2nn(-c3ccccc3)cc2-c2nnc(-c3ccccc3)o2)cc1,'=',nM,6500.0
COc1ccc2c(c1)c(CC(=O)N[C@H](CO)C(C)C)c(C)n2C(=O)c1ccc(Cl)cc1,'=',nM,370.0
COC(=O)CNC(=O)Cc1c(C)n(C(=O)c2ccc(Cl)cc2)c2ccc(OC)cc12,'=',nM,4000.0
CSc1ccc(C2=C(c3ccc(S(C)(=O)=O)cc3)C(C)(O)OC2=O)cc1,'=',nM,310.0
CC(C)c1ccc(C2=C(c3ccc(S(C)(=O)=O)cc3)C(C)(O)OC2=O)cc1,'=',nM,410.0
NS(=O)(=O)c1ccc(-n2nc(C(=O)NCc3ccccc3)nc2-c2ccccc2)cc1,'=',nM,1700.0
Cn1cccc1Cc1ncc(-c2ccc(S(C)(=O)=O)cc2)c(-c2ccc(F)cc2)n1,'=',nM,23.0
NS(=O)(=O)c1ccc(-n2nc(C(F)(F)F)cc2-c2ccccn2)cc1,'=',nM,45600.0
CS(=O)(=O)c1ccc(-c2nnnn2-c2ccccc2)cc1,'=',nM,200000.0
COC(=O)[C@H]1CC[C@]2(C)[C@H]3CC=C4[C@@H]5CC(C)(C)CC[C@]5(C(=O)O)CC[C@@]4(C)[C@]3(C)CC[C@H]2C1(C)C,'=',nM,2200.0
Cc1cc(C)c2c(=O)n(CC(=O)N3CCN(c4cccc(Cl)c4)CC3)sc2n1,'=',nM,407380.28
COc1cc(NC(C)=O)ccc1O,'=',nM,138000.0
CC(=O)N[C@H]1Oc2ccc(CCO)cc2O[C@@H]1c1ccc(O)c(O)c1,'=',nM,2500.0
CS(=O)(=O)Nc1ccc(-c2cc(C(F)(F)F)nn2-c2ccccc2)cc1,'=',nM,2900.0
Cc1ccc(S(=O)(=O)N2N=C(C(F)(F)F)CC2c2cccc3c2OCO3)cc1,'=',nM,57360.0
C=CCc1cccc(-c2ccc(C(C)C(=O)O)cc2)c1,'=',nM,150.0
Cc1nc(-c2ccc(F)cc2)c(-c2ccc(S(N)(=O)=O)c(F)c2)o1,'=',nM,40.0
NS(=O)(=O)c1ccc(-n2nc(C(=O)N/N=C/c3c(Cl)c4ccccc4oc3=O)cc2-c2ccccc2)cc1,'=',nM,4530.0
Cc1ccc(-c2cc(C(=O)N/N=C/c3c(Cl)c4ccccc4oc3=O)nn2-c2ccc(S(N)(=O)=O)cc2)cc1C,'=',nM,6250.0
NS(=O)(=O)c1ccc(-n2nc(C(=O)N/N=C/c3c(Cl)c4ccccc4oc3=O)cc2-c2ccccc2Cl)cc1,'=',nM,1060.0
NS(=O)(=O)c1ccc(-n2nc(C(=O)N/N=C/c3c(Cl)c4ccccc4oc3=O)cc2-c2cccc(F)c2)cc1,'=',nM,260.0
Cc1ccc(Cl)c(Nc2ccccc2C(=O)N[C@@H](C)C(=O)O)c1Cl,'=',nM,33000.0
CS(=O)(=O)Nc1ccc(-c2cc(C(F)F)nn2-c2ccc(Cl)cc2)cc1,'=',nM,150.0
CC(C)(C)c1cc(-c2cn3ccsc3n2)cc2c1OCC2(C)C,'=',nM,15.0
Cc1cc(=O)c(Oc2ccc(C(F)(F)F)cc2)c(-c2ccc(S(C)(=O)=O)cc2)o1,'=',nM,2449.06
CN1CC(c2ccc(F)cc2)=C(c2ccccc2)O1,'=',nM,5380.0
COCCNC(=O)c1cc(C(C)(C)C)c2c(c1)C(C)(C)CO2,'=',nM,30.0
CC(C(=O)O)c1ccc(C[C@H]2CCC[C@@H]2O)cc1F,'=',nM,3100.0
CC(C)Oc1ccc2nc(O)c(/C=N/n3c(=S)[nH]nc(Cc4ccccc4)c3=O)cc2c1,'=',nM,320.0
C#CCOc1ccc(/C=C2\SC(=O)NC2=O)cc1,'=',nM,330.0
O=C(N/N=C/c1coc2ccccc2c1=O)c1ccccc1,'=',nM,802320.0
NS(=O)(=O)c1ccc(-n2nc(C(=O)OCCOc3ccc4ccc(=O)oc4c3)cc2-c2ccc(Cl)cc2)cc1,'=',nM,910.0
[2H]C([2H])([2H])c1c(Br)c2c(c(C([2H])([2H])[2H])c1Br)C=C(C(=O)O)C(C(F)(F)F)O2,'=',nM,84.0
O=C(O)C1=Cc2cc(Cl)cc(-c3ccc(CO)cc3)c2OC1C(F)(F)F,'=',nM,6380.0
COC(=O)[C@@H](N)Cc1cn(-c2nc(Cl)nc(Nc3ccc(N4CCOCC4=O)cc3)n2)c2ccccc12,'=',nM,30.0
O=C1COCCN1c1ccc(Nc2nc(Cl)nc(OCCCl)n2)cc1,'=',nM,1000.0
O=C1COCCN1c1ccc(Nc2nc(Nc3ccc(Cl)cc3)nc(N3CCOCC3)n2)cc1,'=',nM,6000.0
CS(=O)(=O)c1ccc(-n2nnnc2-c2ccccc2)cc1,'=',nM,30000.0
CS(=O)(=O)c1ccc(-n2nnnc2-c2ccc(F)cc2)cc1,'=',nM,15000.0
Cc1cc(C)c2c(OCCCC(=O)N3CCN(c4cccc(Cl)c4)CC3)nsc2n1,'=',nM,4570881.9
NS(=O)(=O)c1ccc(CCn2cc(-c3ccc(Cl)cc3)nn2)cc1,'=',nM,170.0
NS(=O)(=O)c1ccc(CCn2cc(-c3ccccc3)nn2)cc1,'=',nM,1100.0
Cc1ccc(-c2noc(C)c2-c2ccccc2)o1,'=',nM,68200.0
C[C@H](C(=O)O)c1ccc2c(c1)[nH]c1ccc(Cl)cc12,'=',nM,5300.0
O=C(O)Cn1cnc(-c2ccccc2)c1-c1ccccc1,'=',nM,13450.0
CN1CCN(C(=O)Cn2cnc(-c3ccccc3)c2-c2ccccc2)CC1,'=',nM,10230.0
O=C(CNc1nc(-c2ccccc2)c(-c2ccccc2)s1)N1CCOCC1,'=',nM,8280.0
CC(C)NC(=O)c1nc(-c2ccccc2)n(-c2ccc(S(N)(=O)=O)cc2)n1,'=',nM,16000.0
COc1ccc(NC(=O)c2nc(-c3ccccc3)n(-c3ccc(S(N)(=O)=O)cc3)n2)cc1OC,'=',nM,1300.0
O=[N+]([O-])c1ccc(-c2nn(-c3ccccc3)cc2-c2nnc(-c3ccccc3)o2)cc1,'=',nM,310.0
O=C(N[C@H]1CCC[C@@H]1COc1ccccc1)C1CCN(c2nc3cc(Cl)ccc3o2)CC1,'=',nM,84.7
COc1ccc(-c2c(-c3ccc(S(N)(=O)=O)cc3)oc3ccccc23)cc1Cl,'=',nM,20.0
CC(C)(COc1ccc(Br)cc1)C(=O)NCCCN1c2ccccc2Sc2ccccc21,'=',nM,21000.0
CSc1nc2ccccc2n1-c1csc(NC(=O)c2ccc(Cl)cc2)n1,'=',nM,210.0
NS(=O)(=O)c1ccc(-n2cc(C(F)(F)F)nc2-c2cncc(Br)c2)cc1,'=',nM,340.0
c1ccc(-n2nccc2-c2ccc(Nc3nc(N4CCOCC4)nc(N4CCOCC4)n3)cc2)cc1,'=',nM,1450.0
c1ccc(-n2nccc2-c2ccc(Nc3nc(N4CCCCC4)nc(N4CCCCC4)n3)cc2)cc1,'=',nM,1860.0
c1cc(-c2ccc(Nc3nc(N4CCCCC4)nc(N4CCCCC4)n3)cc2)[nH]n1,'=',nM,1120.0
CCOC(=O)CSc1nnc(-c2ccc(S(C)(=O)=O)cc2)c(-c2ccc(F)cc2)n1,'=',nM,10100.0
Cc1cc(=O)c(-c2ccc(Br)cc2)c(-c2ccc(S(C)(=O)=O)cc2)o1,'=',nM,1730.0
NS(=O)(=O)c1ccc(N2N=C(C(F)(F)F)CC2c2cccc3c2OCO3)cc1,'=',nM,51.0
CCOC(OCC)c1ccc(/C=C2\COC/C(=C\c3ccc(C(OCC)OCC)cc3)C2=O)cc1,'=',nM,11210.0
CN(C)c1ccc(/C=C2\COC/C(=C\c3ccc(N(C)C)cc3[N+](=O)[O-])C2=O)c([N+](=O)[O-])c1,'=',nM,18550.0
O=C1/C(=C/c2ccc(N3CCCC3)cc2)CC/C1=C\c1ccc(N2CCCC2)cc1,'=',nM,46220.0
Cc1ccccc1Cn1ncc(-c2ccc(S(C)(=O)=O)cc2)c(-c2ccccc2)c1=O,'=',nM,350.0
COc1cc2occc2c(OC)c1-c1cc(-c2ccc(C(F)(F)F)cc2)n(-c2ccc(S(N)(=O)=O)cc2)n1,'=',nM,340.0
CS(=O)(=O)c1ccc(-c2cc(F)c(F)cc2-c2ccc(F)c(Cl)c2)cc1,'=',nM,2.0
O=C1NC(=S)S/C1=C\c1ccc(OCc2cn(Cc3ccccc3)nn2)cc1,'=',nM,330.0
CS(=O)(=O)c1ccc(-c2cc(C(F)(F)F)cnc2C(=O)c2ccccc2)cc1,'=',nM,250.0
COc1ccc(-n2cc(COc3ccc(/C=C4\SC(=S)NC4=O)cc3)nn2)cc1,'=',nM,100.0
O=C1NC(=O)/C(=C/c2ccc(OCc3cn(Cc4ccccc4)nn3)cc2)S1,'=',nM,270.0
Cc1cc2c(c(C)c1Cl)C=C(C(=O)O)[C@H](C(F)(F)F)O2,'=',nM,1280.0
CSc1nc2ccccc2n1-c1csc(NCC(=O)c2ccc(Cl)cc2)n1,'=',nM,140.0
CSc1nc2ccccc2n1-c1csc2nc(-c3ccccc3)cn12,'=',nM,220.0
Clc1ccc(-c2nnc(Cn3c(CN4CCCCC4)nc4ccccc43)o2)cc1,'=',nM,60.0
CC/C(=C(\c1ccccc1)c1cc(C(C)(C)C)c(O)c(C(C)(C)C)c1)c1ccc(S(C)(=O)=O)cc1,'=',nM,1770.0
CCOC(=O)CSc1nnc(-c2ccc(S(C)(=O)=O)cc2)c(-c2ccc(OC)cc2)n1,'=',nM,10100.0
COc1cc(OC)cc(-c2ccc(C(C)C(=O)O)cc2F)c1,'=',nM,70.0
CSc1ccc(-c2cc(C(F)(F)F)nn2-c2ccc(S(N)(=O)=O)cc2F)cc1,'=',nM,34.0
O=C1OCC(c2ccc(-c3nn[nH]n3)cc2)=C1c1ccccc1,'=',nM,1.8
CC(C)(C)c1cc(/C=C\c2cccs2)cc2c1OCC2(C)C,'=',nM,35.0
O=S(=O)(Nc1ccncc1Oc1ccc(Cl)cc1)C(F)(F)F,'=',nM,1530.0
O=S(=O)(Nc1ccncc1Oc1ccccc1Cl)C(F)(F)F,'=',nM,150.0
COc1cc(/N=N/c2ccc(S(N)(=O)=O)cc2)ccc1O,'=',nM,16850.0
C[C@H](C(=O)O)c1ccc(-c2ccccc2)c(F)c1,'=',nM,910.0
N#Cc1cnn(-c2ccc(S(N)(=O)=O)cc2)c1NC(=O)CCN1CCOCC1,'=',nM,39.43
O=c1c2ccccc2nc(SCc2cc(-c3ccc(Cl)cc3)no2)n1-c1ccccc1,'=',nM,560.0
Cc1c(C2=C(N=O)Oc3ccccc3N2)cnn1-c1ccccc1,'=',nM,4200.0
Cc1c(C2=C(N=O)Oc3cccnc3N2)cnn1-c1ccccc1,'=',nM,1220.0
Cc1c(C2=C(N=O)Nc3ccccc3N2)cnn1-c1ccccc1,'=',nM,1610.0
CC(C)(C)OC1Oc2ccccc2-c2nc(NN)ncc21,'=',nM,60.0
COc1ccc(-c2noc(CC(=O)NCCCCCCCCCCC(=O)OC[C@H]3OC(O)[C@H](O)[C@@H](O)[C@H]3O)c2-c2ccc(OC)cc2)cc1,'=',nM,270.0
O=c1c2ccccc2nc(SCc2cn(-c3ccccc3)nn2)n1-c1ccc(Cl)cc1,'=',nM,960.0
CS(=O)(=O)c1ccc(-c2ccccc2C2=CCCCC2)cc1,'=',nM,33000.0
O=C(O)Cc1ccn(-c2ccccc2F)c1,'=',nM,2400.0
CC(C)(C)c1cc(C(=O)/C=C/CC2CC2)cc2c1OCC2(C)C,'=',nM,250.0
COC(=O)CNC(=O)[C@H](CCSC)NC(=O)[C@H](Cc1ccccc1)NC(=O)[C@@H]1CCCN1C(=O)OC(C)(C)C,'=',nM,400.0
CCCCCc1cc(O)cc(O)c1,'=',nM,17260.0
Cc1cc(-c2ccc(S(C)(=O)=O)cc2)c(-c2ccc(F)cc2)s1,'=',nM,10000.0
CS(=O)(=O)c1ccc(C2=C(c3ccccc3)C(=O)C23CCCC3)cc1,'=',nM,12.0
CS(=O)(=O)c1ccc(-c2coc(=O)n2-c2ccc(F)cc2F)cc1,'=',nM,1348.96
Oc1ccc(/C=C/c2cc(/C=C/c3ccc(O)cc3)[nH]n2)cc1,'=',nM,32410.0
CCCCC#CC(C)Sc1ccccc1OC(C)=O,'=',nM,7000.0
C#CCc1cn(C)c2c(O)cccc12,'=',nM,6220.0
Cc1ccc(-c2nc(C(F)(F)F)cn2-c2ccc(S(N)(=O)=O)cc2)cn1,'=',nM,290.0
COc1ccc(/C=C/c2cc(OC)cc(OC)c2/C=C/C(=O)N2CCCCC2)cc1,'=',nM,23160.0
CC(C(=O)OCCO[N+](=O)[O-])c1cccc(C(=O)c2ccccc2)c1,'=',nM,770.0
CC(C)(C)c1cc(C(=O)CCCC2CC2)cc2c1OCC2,'=',nM,15000.0
O=C(/C=C/c1ccc(O)c(O)c1)NNC(=O)COc1ccc(Cl)cc1,'=',nM,3170.0
COc1cc(O)cc(Br)c1O,'=',nM,4810.0
COc1ccc(/C=C/c2cc(OC)cc(OC)c2/C=C/C(=O)NCC(C)C)cc1,'=',nM,15090.0
COc1ccc(/C=C/c2cc(OC)cc(OC)c2/C=C/C(=O)NC(C)C)cc1,'=',nM,2010.0
O=C1NC(=O)/C(=C/c2ccc(OCc3cn(CC(=O)c4ccc(Br)cc4)nn3)cc2)S1,'=',nM,100.0
Cc1ccc(-n2cc(COc3ccc(/C=C4\SC(=O)NC4=O)cc3)nn2)cc1,'=',nM,520.0
O=C1NC(=O)/C(=C/c2ccc(OCc3cn(-c4ccc(Cl)cc4)nn3)cc2)S1,'=',nM,260.0
COc1ccc(N2CCN(CCc3c(C)nc4oc(-c5ccc(Cl)cc5)nn4c3=O)CC2)cc1,'=',nM,15.0
C[C@@H]1O[C@@H](O[C@H]2Cc3c(O)cc(O)cc3O[C@@H]2c2ccc(O)cc2)[C@H](O)[C@H](O)[C@H]1O,'=',nM,19700.0
C[C@H](C(=O)O)c1ccc2c(c1)OCCO2,'=',nM,16500.0
CCc1cccc(C)c1Nc1ccccc1CC(=O)O,'=',nM,327.0
C/C(=N\Nc1nc(-c2ccc(Cl)cc2)cs1)c1nnn(-c2ccc(S(=O)(=O)Nc3nccs3)cc2)c1C,'=',nM,40.0
COc1ccc2c(c1)c(CC(=O)NCCCO[N+](=O)[O-])c(C)n2C(=O)c1ccc(Cl)cc1,'=',nM,1200.0
CN(C)c1ccc(-c2cnnn2-c2ccc(S(C)(=O)=O)cc2)cc1,'=',nM,360.0
Cc1ccc(C2=NN(C3=NC(=O)CS3)C(c3cccc(Cl)c3)C2)cc1C,'=',nM,5200.0
Oc1ccc(-c2ccccc2-c2nc3ccccc3o2)cc1Cl,'=',nM,410.0
CS(=O)(=O)c1ccc(-c2ccccc2-c2nc3ccccc3o2)cc1,'=',nM,1340.0
Nn1c(SC(C(=O)O)c2ccccc2)nc2ccc(Br)cc2c1=O,'=',nM,7000.0
Cc1ccc2[nH]cc(CCNC(=O)c3ccccc3Nc3ccccc3)c2c1,'=',nM,27050.0
CC(C)c1cc(NCc2cccs2)nc(-c2ccc(S(C)(=O)=O)cc2)n1,'=',nM,9.8
Cc1ccc(-c2c(-c3ccc(S(N)(=O)=O)cc3)ccc(F)c2F)cc1,'=',nM,3.981
COc1ccc2c(c1F)CSc1c(C(F)(F)F)nn(-c3ccc(S(C)(=O)=O)cc3)c1-2,'=',nM,75.86
CS(=O)(=O)c1ccc(-c2nc(NCC3CC=CCC3)cc(C(F)(F)F)n2)cc1,'=',nM,43.1
CS(=O)(=O)c1ccc(-c2nc(NCc3ccsc3)cc(C(F)(F)F)n2)cc1,'=',nM,17.6
Cc1ccc2c(c1F)CSc1c(C(F)(F)F)nn(-c3ccc(S(N)(=O)=O)cc3)c1-2,'=',nM,15.85
CCCC/C(=C(\c1ccccc1)c1ccc(OCCF)cc1)c1ccc(S(C)(=O)=O)cc1,'=',nM,22300.0
COc1ccc2c(c1)c(CC(=O)OC[C@@H]1CCCN1/[N+]([O-])=N/OCOC(C)=O)c(C)n2C(=O)c1ccc(Cl)cc1,'=',nM,9300.0
CS(=O)(=O)c1ccc(-c2occc(=O)c2-c2ccc(F)cc2)cc1,'=',nM,2236145.2
O=C(O)c1ccccc1/N=C/c1coc2ccccc2c1=O,'=',nM,65720.0
CC/C=N/c1c(C#N)c2n(c1C(=O)Nc1ccc(Br)cc1)CCC2,'=',nM,13310.0
N#Cc1c(/N=C/c2ccco2)c(C(=O)Nc2ccc(Br)cc2)n2c1CCC2,'=',nM,1650.0
CCC1SCC(=O)N1c1c(C#N)c2n(c1C(=O)Nc1ccc(C)cc1)CCC2,'=',nM,1250.0
CCC1SCC(=O)N1c1c(C#N)c2n(c1C(=O)Nc1ccccc1)CCCC2,'=',nM,56100.0
CCSc1nc(-c2ccccc2)c(-c2ccc(S(C)(=O)=O)cc2)[nH]1,'=',nM,50.0
CS(=O)(=O)Nc1cc2c(cc1C(=O)N/N=C/c1ccccc1)OCO2,'=',nM,10200.0
Cc1ccc(-c2ncc(Cl)cc2-c2ccc([S@+](C)[O-])cc2)cn1,'=',nM,3500.0
Cc1ccc(C2=NN(C3=NC(=O)CS3)C(c3ccc(F)cc3)C2)cc1C,'=',nM,6400.0
Cc1ccc(C2CC(c3ccc(C)c(C)c3)=NN2C2=NC(=O)CS2)cc1,'=',nM,1200.0
COc1ccc(-c2cc(-c3ccc(Br)cc3)n(-c3ccc(S(N)(=O)=O)cc3)n2)cc1,'=',nM,43.0
COc1cc(C2CC(c3cccs3)=NN2c2ccc(S(N)(=O)=O)cc2)cc(OC)c1OC,'=',nM,6340.0
COc1c(-c2cc(C)nn2-c2ccc(S(N)(=O)=O)cc2)c(O)cc2occc12,'=',nM,7500.0
Cc1ccc(N2C(=O)CSC2c2ccc(S(C)(=O)=O)cc2)cc1,'=',nM,150.0
CCOc1cccc(OCC)c1-c1ccc(C(C)C(=O)O)cc1F,'=',nM,100.0
COc1ccc(/C=C/c2cc(OC)cc(OC)c2/C=C/C(=O)NC2CCCCC2)cc1,'=',nM,5090.0
COc1ccc(/C=C/c2cc(OC)cc(OC)c2/C=C/C(=O)NCCCl)cc1,'=',nM,1360.0
CS(=O)(=O)c1ccc(/C=C(/C(=O)O)c2ccc(O)cc2)cc1,'=',nM,5300.0
CS(=O)(=O)c1ccc(/C=C(/C(=O)O)c2cccc(Br)c2)cc1,'=',nM,310.0
Cc1ccc(C2=C(c3ccc(S(N)(=O)=O)cc3)C(=O)NC2=O)cc1,'=',nM,1500.0
CC(C(=O)O)c1ccc2c3cc(Cl)ccc3n(C(=O)c3cocn3)c2c1,'=',nM,27800.0
COc1cccc(-c2cc(C(=O)N3CCOCC3)nn2-c2ccc(S(N)(=O)=O)cc2)c1,'=',nM,2250.0
NS(=O)(=O)c1ccc(-n2nc(C(=O)NCCCN3CCOCC3)cc2-c2ccc(C(F)(F)F)cc2)cc1,'=',nM,170.0
CCOc1ccc(-c2cc(C(=O)NCCN3CCOCC3)nn2-c2ccc(S(N)(=O)=O)cc2)cc1,'=',nM,850.0
CCOc1ccc(-c2cc(C(=O)NCCCN3CCOCC3)nn2-c2ccc(S(N)(=O)=O)cc2)cc1,'=',nM,910.0
COc1ccc(NCc2nc3ccccc3n2C(=O)c2ccccc2)cc1,'=',nM,7600.0
O=c1[nH]n2c(=O)c3ccccc3nc2/c1=C/c1ccc(F)cc1,'=',nM,47.0
COc1ccc(/C=c2\c(=O)[nH]n3c(=O)c4ccccc4nc23)cc1,'=',nM,47.0
COc1ccc(/C=N/Nc2nc(-c3ccc(S(C)(=O)=O)cc3)cs2)cc1O,'=',nM,175.0
NS(=O)(=O)c1ccc(-n2nc(C(=O)NCCCC(=O)O)cc2-c2ccccc2)cc1,'=',nM,4000.0
COc1cccc(/C=c2\c(=O)[nH]n3c(=O)c4ccccc4nc23)c1,'=',nM,488.2
CON(C)C(=O)c1ccc(-c2nc(CSc3nc4ccccc4s3)no2)cc1,'=',nM,7600.0
O=C(NC1CCCCC1)c1cc(NCc2cc(O)ccc2O)ccc1O,'=',nM,100.0
O=C1/C(=C/c2ccc(Cl)cc2)N=C(c2ccccc2)N1c1ccc(-c2nc3ccccc3o2)cc1,'=',nM,250.0
CS(=O)(=O)c1ccc(-c2nc(NCC3CCCCC3)cc(C(F)(F)F)n2)cc1,'=',nM,1480.0
CN(c1ccc(O)cc1)c1nc(-c2ccc(Cl)cc2)cs1,'=',nM,1080.0
O=S(=O)(Nc1ccncc1Nc1ccccc1Cl)C(F)(F)F,'=',nM,2110.0
CS(=O)(=O)c1ccc(-c2occ(Cl)c(=O)c2-c2ccccc2F)cc1,'=',nM,6309573.44
CS(=O)(=O)c1ccc(-c2occ(Cl)c(=O)c2-c2cccc(F)c2)cc1,'=',nM,1425607.59
CS(=O)(=O)c1ccc(-c2occ(Cl)c(=O)c2-c2ccc(Cl)cc2)cc1,'=',nM,936052.05
CS(=O)(=O)c1ccc(-c2occ(Cl)c(=O)c2-c2cc(F)cc(F)c2)cc1,'=',nM,2343689.1
Cc1cc(-c2c(-c3ccc(S(N)(=O)=O)cc3)ccc(F)c2F)ccc1Cl,'=',nM,3.02
CN(C)c1ccc(-c2c(-c3ccc(S(N)(=O)=O)cc3)ccc(F)c2F)cc1Cl,'=',nM,6.026
CS(=O)(=O)c1ccc(-c2cc(-c3ccccc3)no2)cc1,'=',nM,13550.0
NS(=O)(=O)c1ccc(-c2cc(-c3ccc(F)cc3)no2)cc1,'=',nM,81200.0
CS(=O)(=O)c1ccc(-c2c(-c3ccc(F)cc3)noc2C(F)(F)F)cc1,'=',nM,8145.0
COc1ccc(-n2c(-c3ccc(S(N)(=O)=O)cc3)coc2=O)cc1Cl,'=',nM,780.0
NS(=O)(=O)c1ccc(-n2nc(C(=O)O)c(Cl)c2-c2ccc(Cl)cc2)cc1,'=',nM,70000.0
NS(=O)(=O)c1ccc(-c2coc(=O)n2-c2ccccc2Cl)cc1,'=',nM,6500.0
O=C(COc1cc(O)c2c(=O)cc(-c3ccccc3)oc2c1)OCc1cc(-c2cccc(C(F)(F)F)c2)n(-c2ccccc2)n1,'=',nM,4790.0
NS(=O)(=O)c1ccc(CCn2cc(-c3ccc(F)cc3)nn2)cc1,'=',nM,1000.0
COc1ccc(-c2cn(-c3ccc(S(N)(=O)=O)cc3)nn2)cc1,'=',nM,11000.0
Cc1nn(-c2ccccc2)c(N2CCOCC2)c1/C=N/Nc1nc2ccccc2nc1O,'=',nM,500.0
CCOP(=O)(OCC)C(NC(=O)c1cc(-c2ccsc2)n(-c2ccc(S(N)(=O)=O)cc2)n1)c1ccc(Br)cc1,'=',nM,220.0
COc1ccc(/C=C/C(=O)c2cccc(-n3cnnn3)c2)cc1,'=',nM,100.0
Cc1ccc(/C=C2\CN(C)CC3C2=NN(c2ccccc2)C3c2ccc(C)s2)s1,'=',nM,2.0
Cc1ccc(-c2nc(N(c3ccccc3)c3ccccc3)sc2C(=O)c2cccs2)cc1,'=',nM,90.0
O=C(c1cccs1)c1sc(Nc2ccccc2)nc1-c1ccc(F)cc1,'=',nM,90.0
O=C(/N=c1\scc(-c2ccc(F)cc2)n1-c1ccccc1)c1cccs1,'=',nM,90.0
COc1ccc(C2CC(c3cccc(-n4cnnn4)c3)=NN2)cc1,'=',nM,39.0
CS(=O)(=O)c1ccc(-c2cc(-c3ccc(Br)cc3)n(-c3ccc(S(N)(=O)=O)cc3)n2)cc1,'=',nM,43.0
NC(=O)N1N=C(c2ccc(F)cc2)CC1c1cn(-c2ccccc2)nc1-c1ccc(Cl)cc1,'=',nM,1090.0
Cc1ccc(C2=NN(C(N)=O)C(c3cn(-c4ccccc4)nc3-c3ccccc3)C2)cc1,'=',nM,1090.0
O=Cc1cn(-c2ccccc2)nc1-c1ccccc1,'=',nM,17.0
Cc1nnc(/N=C2\NC(=O)/C(=C/c3ccc(Cl)cc3)S2)s1,'=',nM,100.0
NC(=O)[C@@H]1CSC(c2cn(-c3ccccc3)nc2-c2ccccc2)N1,'=',nM,470.0
O=C(Nc1ccccc1)Nc1nnc(-c2cccnc2)o1,'=',nM,170.0
N#CCC(=O)Nc1nnc(-c2cccnc2)o1,'=',nM,560.0
CCO/C=N/c1nnc(-c2cccnc2)o1,'=',nM,380.0
Clc1ccc(-c2nnc(/N=C/c3ccccc3)o2)cc1,'=',nM,81.0
O=C(O)C1=Cc2cc(Cl)c(Cl)cc2OC1C(F)(F)F,'=',nM,62.0
CCc1ccc(-c2c(-c3ccc(S(C)(=O)=O)cc3)occ(Cl)c2=O)cc1,'=',nM,720111.92
Cc1ccc(-c2cn(-c3ccc(S(N)(=O)=O)cc3)nn2)cc1,'=',nM,14000.0
Cc1cc(-c2c(-c3ccc(S(C)(=O)=O)cc3)ccc(F)c2F)ccc1F,'=',nM,5.012
COc1ccc(-c2c(-c3ccc(S(C)(=O)=O)cc3)ccc(F)c2F)cc1Cl,'=',nM,19.05
NS(=O)(=O)c1ccc(-n2nc(CCCNC(=O)Nc3ccc(Cl)cc3)cc2-c2ccccc2)cc1,'=',nM,6000.0
FC(F)(F)c1cc(-c2ccc(Cl)cc2)n(-c2ccc(Cl)cc2)n1,'=',nM,4786.3
CS(=O)(=O)c1ccc(N2N=C(C(=O)O)CC2c2cccs2)cc1,'=',nM,1430.0
O=c1[nH]n2c(=O)c3ccccc3nc2/c1=C/c1ccccc1F,'=',nM,47.0
CC(C)Cc1ccc(-c2cc(Cl)cc3c2OC(C(F)(F)F)C(C(=O)O)=C3)cc1,'=',nM,13400.0
COC1c2c(-c3ccccc3)c(-c3ccc(Cl)cc3)c(C)n2CC1(C)C,'=',nM,7500.0
CC(=C(c1ccccc1)c1ccccc1)c1ccc(S(C)(=O)=O)cc1,'=',nM,630.0
CS(=O)(=O)c1ccc(/C=C(/C(=O)O)c2ccc(-c3ccc(S(C)(=O)=O)cc3)cc2)cc1,'=',nM,320.0
CC(=O)Nc1ccc(/C(=C\c2ccc(S(C)(=O)=O)cc2)C(=O)O)cc1,'=',nM,2500.0
CC/C(=C(\c1ccccc1)c1ccc(OC(C)=O)cc1)c1ccc(S(C)(=O)=O)cc1,'=',nM,30.0
CC/C(=C(\c1ccccc1)c1ccc(O)cc1)c1ccc(S(C)(=O)=O)cc1,'=',nM,1900.0
O=S(=O)(Nc1ccncc1Nc1ccc(F)c(Br)c1)C(F)(F)F,'=',nM,2270.0
CC(=O)NS(=O)(=O)c1ccc(-c2ccsc2-c2ccc(F)cc2)cc1,'=',nM,5400.0
COc1ccc2c(c1)c(CC(=O)N[C@H](CO)Cc1ccccc1)c(C)n2C(=O)c1ccc(Cl)cc1,'=',nM,85.0
CC(C)Cc1cc2c(cc1Cl)C=C(C(=O)O)C(C(F)(F)F)O2,'=',nM,20.0
COc1ccc(NC(=O)c2ccccc2Nc2cccc(C)c2C)cc1OC,'=',nM,48130.0
COc1ccc(NC(=O)c2ccccc2Nc2cccc(Cl)c2C)cc1OC,'=',nM,92640.0
Cc1ccc(-n2c(-c3ccc(Br)cc3)cs/c2=N\N=C/c2cn(-c3ccc(S(=O)(=O)/N=C/N(C)C)cc3)nc2-c2ccccc2)cc1,'=',nM,1290.0
CONS(=O)(=O)CCOC(=O)C(C)c1ccc(CC(C)C)cc1,'=',nM,630.0
COc1ccc(/C=C/c2cc(OC)cc(OC)c2/C=C/C(=O)N2CCC(C)CC2)cc1,'=',nM,10280.0
C[Se](=O)(=O)c1ccc(-c2ccsc2-c2ccc(F)cc2)cc1,'=',nM,550.0
NS(=O)(=O)c1ccc(-n2nc(C(F)(F)F)cc2-c2ccc(Cl)cc2)cc1CO,'=',nM,712.0
CCOC(=O)Cn1nc(-c2ccc(S(C)(=O)=O)cc2)c(-c2ccc(F)cc2)c1C(F)(F)F,'=',nM,440.0
CC(C)(C)c1cc(C(=O)CS(=O)(=O)CC2CC2)cc2c1OCC2(C)C,'=',nM,2000.0
C[S+]([O-])c1ccc(C(Nc2nccs2)C(=O)c2ccc(F)cc2)cc1,'=',nM,2100.0
COc1ccc2c(c1)c(CC(=O)NC[C@@H](O)c1ccccc1)c(C)n2C(=O)c1ccc(Cl)cc1,'=',nM,47.0
CC1CCC(C)N1Cc1cc2c(cc1Cl)C=C(C(=O)O)C(C(F)(F)F)O2,'=',nM,96000.0
CCCc1cc2c(cc1Cl)C=C(C(=O)O)C(C(F)(F)F)O2,'=',nM,150.0
CC(C)CCc1cc2c(cc1Cl)C=C(C(=O)O)C(C(F)(F)F)O2,'=',nM,94.0
Cc1cc(=O)c(Oc2ccc(Br)cc2)c(-c2ccc(S(C)(=O)=O)cc2)o1,'=',nM,360.0
Cc1cc(=O)c(C(C)C)c(-c2ccc(S(C)(=O)=O)cc2)o1,'=',nM,6550.0
Cc1cc(=O)c(Oc2ccc([N+](=O)[O-])cc2)c(-c2ccc(S(C)(=O)=O)cc2)o1,'=',nM,3990.0
CCOP(=O)(OCC)C(NC(=O)c1cc(-c2ccc(Br)cc2)n(-c2ccc(S(N)(=O)=O)cc2)n1)c1ccc(Br)cc1,'=',nM,280.0
CCOP(=O)(OCC)C(NC(=O)c1cc(-c2ccc(F)cc2)n(-c2ccc(S(N)(=O)=O)cc2)n1)c1ccc(Br)cc1,'=',nM,280.0
NS(=O)(=O)c1ccc(N2N=C(/C=C/c3ccc(Cl)cc3)CCC2=O)cc1,'=',nM,43.8
CS(=O)(=O)c1ccc(-c2cc(-c3ccc(Cl)cc3)n(-c3ccc(S(N)(=O)=O)cc3)n2)cc1,'=',nM,43.0
CS(=O)(=O)c1ccc(C(=O)OCCn2cc(-c3ccc(C(F)(F)F)cc3)nn2)cc1,'=',nM,2.0
CCCCNc1cc(C(=O)n2nc(C)cc2C)cc(S(N)(=O)=O)c1Oc1ccccc1,'=',nM,4750.0
CCC(=O)c1nnn(-c2ccc(S(N)(=O)=O)cc2)c1C,'=',nM,2610.0
CC1(O)OC(=O)C(c2ccsc2)=C1c1ccc(S(C)(=O)=O)cc1,'=',nM,110.0
CC(C)NC(=O)[C@@H](Cn1ccnc1)NC(=O)[C@@H](C)c1cccc(C(=O)c2ccccc2)c1,'=',nM,3020.0
COC1(c2cc(O)ccc2O)C=C(CC[C@@H]2C(C)(C)[C@@H]3CC[C@]2(C)O3)C(=O)O1,'=',nM,9960.0
CC(C)=CCC/C(C)=C/CCC1=C[C@]2(OC1=O)c1cc(O)ccc1OC(=O)[C@]2(CC/C=C(\C)CCC=C(C)C)CC(=O)c1cc(O)ccc1O,'=',nM,1290.0
CC(C)(C)c1cc(C(=O)c2cccs2)cc2c1OCC2(C)C,'=',nM,38.0
O=C(O)C1=Cc2cc(Cl)ccc2OC1C(F)(F)F,'=',nM,320.0
CC(C(=O)[O-])c1ccc(CC2CCCC2=O)c(-c2ccc(OC(F)(F)F)cc2)c1.[Na+],'=',nM,72000.0
CC(C(=O)[O-])c1ccc(C[C@H]2CCC[C@H]2O)cc1-c1ccc(O)cc1.[Na+],'=',nM,17000.0
Cc1ccc2c(c1)C=C(C(=O)O)C(C(F)(F)F)O2,'=',nM,250.0
CNc1ccc(-c2nc(C(F)(F)F)cn2-c2ccc(S(C)(=O)=O)cc2)cc1,'=',nM,1470.0
CS(=O)(=O)c1ccc(-c2cc3c(cc2-c2ccc(F)cc2)OCO3)cc1,'=',nM,83.0
NS(=O)(=O)c1ccc(C2=C(c3ccc(C(F)(F)F)cc3)CC3(CC3)C2)cc1,'=',nM,1.0
Cc1ccc(Cl)c(Nc2ccccc2C(=O)NCCBr)c1Cl,'=',nM,2000.0
CCOc1ccc(-c2cc(-c3ccc(C(F)(F)F)cc3)n(-c3ccc(S(C)(=O)=O)cc3)n2)cc1,'=',nM,970.0
O=C(NNC(=S)NCc1ccccc1)c1ccc(C2=CN3c4ccccc4NC3S2)nc1,'=',nM,16.52
N=C1/C(=N\Nc2ccc(Cl)cc2)C(N)=NN1c1ccc(S(N)(=O)=O)cc1,'=',nM,580.0
CC/C(=C(\c1ccccc1)c1ccc(OC)cc1)c1ccc(S(C)(=O)=O)cc1,'=',nM,10700.0
NS(=O)(=O)c1ccc(-n2nc(COCc3ccccc3)cc2-c2ccc(Cl)cc2)cc1,'=',nM,29.0
CC(C)(C)c1cc2c(cc1Cl)C=C(C(=O)O)C(C(F)(F)F)O2,'=',nM,5.0
COc1ccc2cc([C@H](C)C(=O)n3c4ccccc4c(=O)c4ccccc43)ccc2c1,'=',nM,9800.0
CS(=O)(=O)c1ccc(-n2cc(/C=N/Nc3ccc(S(N)(=O)=O)cc3)c(-c3ccc(Br)cc3)n2)cc1,'=',nM,420.0
Cc1ccc(Oc2c(-c3ccc(S(C)(=O)=O)cc3)oc(C)cc2=O)c(F)c1,'=',nM,60.01
COc1ccc(-n2nc(-c3ccco3)cc2N)cc1,'=',nM,30600.0
COc1ccc(-n2nc(C(F)(F)F)cc2-c2ccc(NS(C)(=O)=O)cc2)cc1,'=',nM,960.0
O=C(/C=C/c1ccc(O)c(O)c1)NNC(=O)COc1cccnc1,'=',nM,5000.0
CS(=O)(=O)c1ccc(C2=NN(C(N)=S)C(c3ccccc3)C2)cc1,'=',nM,50310.0
CS(=O)(=O)c1ccc(-c2nc(NCc3ccncc3)cc(C(F)(F)F)n2)cc1,'=',nM,298.5
CS(=O)(=O)c1ccc(-c2nc(O)cc(NCc3ccccc3)n2)cc1,'=',nM,49.3
Cc1ccc(Nc2c(Cl)cc(Cl)cc2Cl)c(CC(=O)O)c1,'=',nM,28.0
Cc1cc(F)ccc1C1=C(c2ccc(S(C)(=O)=O)cc2)CCC1,'=',nM,75.0
C=CCONC1=NC(=O)/C(=C/c2cc(C(C)(C)C)c(O)c(C(C)(C)C)c2)O1,'=',nM,26000.0
O=C(O)C1=Cc2c(Cl)cc(Cl)cc2OC1C(F)(F)F,'=',nM,12000.0
O=C(O)C1=Cc2cc(C(F)(F)F)ccc2OC1C(F)(F)F,'=',nM,41.0
NS(=O)(=O)c1ccc(-n2nc(C(=O)Nc3cccc(Cl)c3)cc2-c2ccc(F)cc2)cc1,'=',nM,56.0
NS(=O)(=O)c1ccc(-n2nc(C(F)(F)F)cc2-c2cccc(Cl)c2)cc1CO,'=',nM,1950.0
COc1ccc(C(=O)Nc2ccc3oc(-c4ccc(OC)c(OC)c4)nc3c2)cc1,'=',nM,10590.0
COc1ccc2c(c1)c(CC(=O)NOCc1ccc([N+](=O)[O-])cc1)c(C)n2C(=O)c1ccc(Cl)cc1,'=',nM,60.0
CCOc1ccc(-c2cc(C(F)(F)F)nn2-c2ccc(S(N)(=O)=O)c(CO)c2)cc1,'=',nM,901.0
NS(=O)(=O)c1ccc(-n2nc(C(F)(F)F)cc2-c2ccccc2F)cc1CO,'=',nM,3300.0
O=C(/C=C/c1ccc(O)c(O)c1)NCCc1c[nH]c2ccc(O)cc12,'=',nM,42500.0
Cc1cccc(-c2cc(C(=O)N/N=C/c3c(Cl)c4ccccc4oc3=O)nn2-c2ccc(S(N)(=O)=O)cc2)c1,'=',nM,4790.0
CCCC/C=C/COC(=O)Cc1c(C)n(C(=O)c2ccc(Cl)cc2)c2ccc(OC)cc12,'=',nM,50.0
COc1ccccc1N1CC(c2ccc(S(C)(=O)=O)cc2)=C(c2ccc(F)cc2)C1=O,'=',nM,1050.0
Cc1ccc(Oc2c(-c3ccc(S(C)(=O)=O)cc3)oc(C)cc2=O)c(Cl)c1,'=',nM,239.99
CS(=O)(=O)c1ccc(-c2cscc2-c2ccccc2)cc1,'=',nM,4000.0
CC(C)=CCC1C(=O)C(C(=O)CC(C)C)=C(O)C(O)(CC=C(C)C)C1=O,'=',nM,1600.0
CC(C(=O)[O-])c1ccc(CC2CCCC2=O)cc1Br.[Na+],'=',nM,65000.0
CCCCC/C=C\C/C=C\C/C=C\C/C=C\CCCC(=O)NCCc1c[nH]c2ccc(O)cc12,'=',nM,5000.0
Cc1ccc(CNc2nc(-c3ccc(S(C)(=O)=O)cc3)nc(Cl)c2C)cc1,'=',nM,36.7
NS(=O)(=O)c1ccc(-n2nc(C(=O)O)cc2-c2cc3ccccc3s2)cc1,'=',nM,10.0
NS(=O)(=O)c1ccc(/N=N/c2ccc(O)c(Cl)c2)cc1,'=',nM,11340.0
COc1ccccc1-n1c(-c2ccc(S(N)(=O)=O)cc2)nc2ccccc21,'=',nM,8000.0
CCCCC/C=C\C/C=C\C/C=C\C/C=C\CCCC(=O)Nc1ccc(-c2ccc(NC(=O)Cc3onc(-c4ccc(OC)cc4)c3-c3ccc(OC)cc3)cc2)cc1,'=',nM,90.0
CSc1nc(-c2ccc(Cl)cc2)c(-c2ccc(S(C)(=O)=O)cc2)[nH]1,'=',nM,100.0
CC(C(=O)O)c1ccc(C[SiH](C)C)cc1,'=',nM,8300.0
COc1ccc(Sc2c(C#N)[nH]c3cc(S(C)(=O)=O)ccc23)c(Cl)c1,'=',nM,1090.0
CCCCOCCOC(=O)Cc1c(C)n(C(=O)c2ccc(Cl)cc2)c2ccc(OC)cc12,'=',nM,60.0
O=C1OC(=O)C(c2ccc3c(c2)OCO3)=C1c1ccccc1,'=',nM,18520.0
CS(=O)(=O)c1ccc(C2=C(c3ccccc3)C(=O)NC2=O)cc1,'=',nM,17500.0
CSc1nc2ccccc2n1-c1csc(NC/C(C)=N/N=c2\scc(-c3ccccc3)n2-c2ccccc2)n1,'=',nM,58.0
CSc1nc2ccccc2n1-c1csc(NC/C(C)=N/N=C2\SCC(=O)N2c2ccccc2)n1,'=',nM,67.0
O=C1NC(=O)/C(=C/c2ccc(OCc3cn(CC(=O)c4ccc(Cl)cc4)nn3)cc2)S1,'=',nM,220.0
O=C1NC(=O)/C(=C/c2ccc(OCc3cn(-c4ccc(Br)cc4)nn3)cc2)S1,'=',nM,120.0
O=C1NC(=O)/C(=C/c2ccc(OCc3cn(Cc4ccc(Br)cc4)nn3)cc2)S1,'=',nM,100.0
NS(=O)(=O)c1ccc(-n2nc(CNC(=O)Nc3cccc(C(F)(F)F)c3)cc2-c2ccccc2)cc1,'=',nM,1000.0
CCCNC(=O)c1cc(C(C)(C)C)c2c(c1)C(C)(C)CO2,'=',nM,950.0
Cc1ccc(-c2ncc(Cl)cc2-c2ccc(S(C)(=O)=O)cc2)c[n+]1[O-],'=',nM,18000.0
CC1=c2c(OCc3nnc(SCC(=O)N4CCN(c5ccccc5)CC4)o3)nn(C)c(=O)c2=C(C)C1c1ccccc1,'=',nM,6800.0
NS(=O)(=O)c1ccc(-n2nc(C(F)F)cc2-c2ccc3c(c2)OCO3)cc1,'=',nM,24.0
CC1(C)Cn2c(CC(=O)O)c(-c3ccc(Cl)cc3)c(-c3ccccc3)c2C1=O,'=',nM,2100.0
CS(=O)(=O)c1ccc(-c2cn3c(c2-c2ccccc2)CCC3)cc1,'=',nM,30.0
COc1ccc2c(c1)c(CC(=O)NC[C@H](C)O)c(C)n2C(=O)c1ccc(Cl)cc1,'=',nM,320.0
Cc1ccc(N2CC(c3ccc(S(C)(=O)=O)cc3)=C(c3ccccc3)C2=O)cc1,'=',nM,1000.0
CS(=O)(=O)c1ccc(-c2nc(NC3CCCCC3)cc(C(F)(F)F)n2)cc1,'=',nM,252.6
CCS(=O)(=O)c1nc(-c2ccccc2)c(-c2ccc(S(C)(=O)=O)cc2)[nH]1,'=',nM,240.0
O=C(Nc1ccc(Oc2ccc(Cl)cc2)cc1)C1=C(O)c2ccccc2S(=O)(=O)N1,'=',nM,70000.0
CS(=O)(=O)c1ccc(-n2cnc(Cl)c2-c2ccc(OC(F)(F)F)cc2)cc1,'=',nM,10000.0
CCCCCC#CCSc1ccccc1OC(C)=O,'=',nM,7000.0
CC(=O)Oc1ccccc1SCc1ccccc1,'=',nM,250000.0
Cc1c(Cl)cc2c(c1C)O[C@@H](C(F)(F)F)C(C(=O)O)=C2,'=',nM,100000.0
COc1ccc(-c2nc(-c3ccc(F)cc3)c(-c3ccc(S(C)(=O)=O)cc3)s2)cc1,'=',nM,270.0
CCOC(=O)/C=C/c1cc(CC)cc(C(=O)c2ccccc2)c1,'=',nM,5000.0
Cc1cc(=O)c(Oc2ccc(Cl)c(Cl)c2)c(-c2ccc(S(C)(=O)=O)cc2)o1,'=',nM,3380.0
CCCCCCCCNC(=O)c1ccccc1Nc1c(Cl)ccc(C)c1Cl,'=',nM,60.0
COc1ccc(C2CC(c3cccc(-n4cnnn4)c3)=NN2C(C)=O)cc1,'=',nM,39.0
NC(=O)N1N=C(c2ccc(F)cc2)CC1c1cn(-c2ccccc2)nc1-c1ccccc1,'=',nM,1090.0
Cc1ccc(Cl)c(Nc2ccccc2C(=O)NOCc2ccccc2)c1Cl,'=',nM,66000.0
CC(C)Cc1ccc(C(C)C(=O)Oc2ccc(CCO)cc2)cc1,'=',nM,0.2
O=C(/N=c1\scc(-c2ccc([N+](=O)[O-])cc2)n1-c1ccccc1)c1cccs1,'=',nM,90.0
CCOP(=O)(OCC)C(NC(=O)c1cc(-c2cccc3ccccc23)n(-c2ccccc2F)n1)c1ccccc1OC,'=',nM,220.0
CCOP(=O)(OCC)C(NC(=O)c1cc(-c2cccc3ccccc23)n(-c2ccc(F)cc2)n1)c1ccccc1,'=',nM,220.0
CCOP(=O)(OCC)C(NC(=O)c1cc(-c2ccccc2F)n(-c2ccc(S(N)(=O)=O)cc2)n1)c1ccccc1,'=',nM,280.0
CCOP(=O)(OCC)C(NC(=O)c1cc(-c2cccc(Cl)c2)n(-c2ccc(S(N)(=O)=O)cc2)n1)c1ccccc1,'=',nM,280.0
COc1ccc(-c2cc(-c3ccc(F)cc3)n(-c3ccc(S(N)(=O)=O)cc3)n2)cc1,'=',nM,43.0
CCN(CC)CCSc1nnc(-c2cc(C(C)(C)C)c(O)c(C(C)(C)C)c2)s1,'=',nM,19000.0
Cc1c(C(F)(F)F)nn(-c2ccc(S(N)(=O)=O)cc2)c1-c1ccc(Cl)cc1,'=',nM,22.0
Cc1ccc(Cl)c(Nc2ccccc2C(=O)NCCCCl)c1Cl,'=',nM,2400.0
O=[N+]([O-])c1ccc(-n2c(-c3ccccc3)nc3ccccc32)cc1,'=',nM,162000.0
COc1ccc(/C=C/c2cc(OC)cc(OC)c2/C=C/C(=O)N(C)C)cc1,'=',nM,12980.0
COC(=O)[C@H](C)NC(=O)c1ccccc1Nc1c(Cl)ccc(C)c1Cl,'=',nM,2600.0
CS(=O)(=O)c1ccc(-c2sc(-c3ccccc3Cl)nc2-c2ccccc2)cc1,'=',nM,10.0
CS(=O)(=O)c1ccc(-c2c(-c3ccccc3)sc3nncn23)cc1,'=',nM,230.0
CC(C(=O)OCCO[N+](=O)[O-])c1ccc(C(=O)c2cccs2)cc1,'=',nM,5800.0
CS(=O)(=O)c1ccc(-c2[nH]c(Br)cc2-c2ccc(F)cc2)cc1,'=',nM,40000.0
COc1ccc2c(c1)c(CC(=O)OCCN1CCOCC1)c(C)n2C(=O)c1ccc(Cl)cc1,'=',nM,680.0
COC(=O)[C@H](C)NC(=O)Cc1c(C)n(C(=O)c2ccc(Cl)cc2)c2ccc(OC)cc12,'=',nM,190.0
COc1ccc2c(c1)c(CC(=O)N[C@H](C)c1ccc(C)cc1)c(C)n2C(=O)c1ccc(Cl)cc1,'=',nM,60.0
COc1ccc2c(c1)c(CC(=O)NCCCCCCO)c(C)n2C(=O)c1ccc(Cl)cc1,'=',nM,210.0
Cn1cccc1C(=O)c1cc(C(C)(C)C)c2c(c1)C(C)(C)CO2,'=',nM,45.0
Cc1ccc(-c2cc(C(F)F)nn2-c2ccc(S(N)(=O)=O)cc2)cc1,'=',nM,13.0
NS(=O)(=O)c1ccc(-c2coc(=O)n2-c2cccc3ccccc23)cc1,'=',nM,4700.0
COc1ccc(-c2cc(F)c(F)cc2-c2ccc(S(C)(=O)=O)cc2)cc1OC,'=',nM,338.84
Cc1c(C(=O)/C=C/c2ccco2)c(C(=O)/C=C/c2ccco2)nn1-c1ccc(Cl)cc1,'=',nM,1500.0
CSC1=NC(=O)/C(=C/c2cc(C(C)(C)C)c(O)c(C(C)(C)C)c2)S1,'=',nM,1800.0
CCOC(=O)c1c(SC)nn(C(=O)CSc2nnc(CCCOc3ccc(C)cc3C(=O)c3ccc(F)cc3)o2)c1N,'=',nM,100.0
COc1c2occc2c(OC)c2c(C)c(/C(=N/c3cc(N4CCNCC4)nc(N4CCNCC4)n3)N3CCNCC3)oc12,'=',nM,42.0
CC(C)(C)c1cc(/C=C2\NC(=S)NC2=O)cc(C(C)(C)C)c1O,'=',nM,260.0
CS(=O)(=O)c1ccc(-n2cnc(Cl)c2-c2ccc(Cl)cc2)cc1,'=',nM,18.0
CS(=O)(=O)c1ccc(-c2coc(=O)n2-c2ccc(Cl)cc2)cc1,'=',nM,319.89
C[C@]1(O)C[C@@H](O)[C@](O)(CC=O)[C@@H]1C=O,'=',nM,43300.0
COc1ccc2cc(C(C)c3nc4s/c(=C\c5ccc(Br)s5)c(=O)n4n3)ccc2c1,'=',nM,17300.0
O=C(O)C1=Cc2cc(Cl)cc(Cl)c2OC1C(F)(F)F,'=',nM,300.0
O=C(/N=C1\SC=C(c2ccc([N+](=O)[O-])cc2)C1c1ccccc1)c1cccc2ccccc12,'=',nM,80.0
CCc1ccc(Sc2cc3c(cc2NS(C)(=O)=O)CCC3=O)cc1,'=',nM,100.0
Cc1cc(C)cc(Nc2cnccc2NS(=O)(=O)C(F)(F)F)c1,'=',nM,1040.0
Cc1ccc(Sc2cc3c(cc2NS(C)(=O)=O)CCC3=O)nc1,'=',nM,640.0
COc1ccc(-c2cc(Cl)cc3c2OC(C(F)(F)F)C(C(=O)O)=C3)cc1C,'=',nM,339.0
CS(=O)(=O)c1ccc(-c2sc(-c3cccs3)nc2-c2ccc(F)cc2)cc1,'=',nM,21.0
CC1(C)C(=O)C(c2ccc(S(C)(=O)=O)cc2)=C1c1ccccc1,'=',nM,96.0
CC(C(=O)[O-])c1ccc(CC2CCCC2=O)cc1I.[Na+],'=',nM,540000.0
CON(C)C1=NC(=O)/C(=C/c2cc(C(C)(C)C)c(O)c(C(C)(C)C)c2)S1,'=',nM,18000.0
CC(C)(C)c1cc(-c2nsc(O)n2)cc(C(C)(C)C)c1O,'=',nM,1100.0
Cc1ccc(S(=O)(=O)n2cc(C(=O)C(=O)NCC(=O)N[C@H](Cc3c[nH]c4ccccc34)C(=O)O)c3ccccc32)cc1,'=',nM,2500.0
CS(=O)(=O)c1ccc(-c2cc(C(F)(F)F)cnc2OC(C(F)(F)F)C(F)(F)F)cc1,'=',nM,500.0
CCCCCCCCCCCCCCCc1cccc(OC)c1CSc1nc2cc(C)ccc2[nH]1,'=',nM,2630.0
CCCCC/C=C\C/C=C\C/C=C\C/C=C\CCCC(=O)NCCCCNC(=O)Cc1onc(-c2ccc(OC)cc2)c1-c1ccc(OC)cc1,'=',nM,800.0
CS(=O)(=O)c1ccc(-n2nccc2-c2ccc(Nc3nc(N4CCCCC4)nc(N4CCCCC4)n3)cc2)cc1,'=',nM,1960.0
c1cc(-c2ccc(Nc3nc(N4CCCCC4)nc(N4CCCCC4)n3)cc2)on1,'=',nM,1980.0
COc1ccc(/C=C/c2cc(OC)cc(OC)c2/C=C/C(=O)O)cc1,'=',nM,6890.0
Cc1ccc(S(=O)(=O)n2cc(C(=O)C(=O)NCC(=O)NCC(=O)O)c3ccccc32)cc1,'=',nM,890.0
NS(=O)(=O)c1ccc(N2N=C3c4ccccc4CCC3C2c2cccc(O)c2)cc1,'=',nM,1760.0
CS(=O)(=O)c1ccc(-c2ccsc2-c2ccc(O)cc2)cc1,'=',nM,86000.0
COc1ccc(-c2ccccc2-c2ccc(S(C)(=O)=O)cc2)cc1Cl,'=',nM,11400.0
Cc1ccc(/N=C/c2c[nH]c3ccccc23)cc1,'=',nM,30400.0
CCCCCCCCCCCCCCCc1cccc(OC)c1CSc1nc2cc([N+](=O)[O-])ccc2[nH]1,'=',nM,2270.0
CS(=O)(=O)c1ccc(-n2nncc2-c2ccccc2)cc1,'=',nM,110.0
O=C(NS(=O)(=O)c1ccccc1)c1ccccn1,'=',nM,8800.0
O=C(NS(=O)(=O)c1ccc(F)cc1)c1cccc(C(=O)NS(=O)(=O)c2ccc(F)cc2)n1,'=',nM,2600.0
CC(C)CC(=O)NC[C@H](O)CC[C@@H](CO)NC(=O)c1nc2ccccc2cc1O,'=',nM,2100.0
CCOc1cc(OCC)cc(-c2ccc(C(C)C(=O)O)cc2F)c1,'=',nM,100.0
Fc1ccccc1-c1nnc(Cn2c(CN3CCCCC3)nc3ccccc32)o1,'=',nM,60.0
CCC(C)[C@@H](CO)NC(=O)Cc1c(C)n(C(=O)c2ccc(Cl)cc2)c2ccc(OC)cc12,'=',nM,110.0
CSc1ccc(C2=C3c4cc(C)ccc4CCC3(O)OC2=O)cc1,'=',nM,670.0
COc1ccc2c(c1)c(CC(=O)OCCNC(=O)OC(C)(C)C)c(C)n2C(=O)c1ccc(Cl)cc1,'=',nM,45.0
NS(=O)(=O)c1ccc(-n2nc(C(F)(F)F)cc2-c2ccc3c(c2)CCC3)cc1,'=',nM,30.9
Cc1ccc(-c2cc(C(F)(F)F)nn2-c2ccc(S(N)(=O)=O)c(CO)c2)cc1,'=',nM,760.0
NS(=O)(=O)c1ccc(N2N=C(c3ccco3)CC2c2cccs2)cc1,'=',nM,3650.0
CSc1nc(-c2ccc(S(N)(=O)=O)cc2)n(-c2ccc(Cl)cc2)n1,'=',nM,370.0
COc1ccc2c(c1)c(CC(=O)Nc1cnccn1)c(C)n2C(=O)c1ccc(Cl)cc1,'=',nM,4000.0
CC1=Nc2c(/N=N/c3ccc(O)cc3)c(N)nn2C1=O,'=',nM,295390.0
CC1CN(c2ccc(S(N)(=O)=O)cc2)C(c2cccc(Br)c2)=N1,'=',nM,10000.0
[2H]C([2H])([2H])c1cc2c(c(C([2H])([2H])[2H])c1Br)C=C(C(=O)O)C(C(F)(F)F)O2,'=',nM,43.0
COc1c(-c2cc(-c3cccnc3)nn2-c2ccc(S(N)(=O)=O)cc2)c(O)cc2occc12,'=',nM,400.0
CC(=O)NC1=NN(C(C)=O)C(c2cn(-c3ccccc3)nc2-c2ccc([N+](=O)[O-])cc2)S1,'=',nM,20000.0
CS(=O)(=O)Nc1cc2c(cc1Sc1ccc(Br)cc1)C(=O)CC2,'=',nM,10.0
CS(=O)(=O)c1ccc(-n2cc(CO)nc2-c2cccnc2)cc1,'=',nM,934000.0
C=C1C(c2ccccc2)=C(c2ccc(S(C)(=O)=O)cc2)C1(C)C,'=',nM,2.2
CS(=O)(=O)c1ccc(-c2cnn(Cc3ccccc3)c(=O)c2Sc2ccccc2)cc1,'=',nM,370.0
CS(=O)(=O)c1ccc(C2=C(c3ccc(CO)cc3)C(=O)OC2)cc1,'=',nM,4200.0
N[C@@H](Cc1c[nH]c2ccccc12)C(=O)N[C@@H](Cc1ccc(O)cc1)C(=O)N[C@@H](CC(=O)O)C(=O)O,'=',nM,700000.0
CSCC[C@H](NC(=O)[C@H](Cc1c[nH]c2ccccc12)NC(=O)c1ccc(F)cc1)C(=O)N[C@@H](CCC(=O)O)C(=O)O,'=',nM,350000.0
CSCC[C@H](NC(=O)[C@H](Cc1ccc(O)cc1)NC(=O)c1ccc(F)cc1)C(=O)N[C@@H](CCC(=O)O)C(=O)O,'=',nM,500000.0
Cc1c(CC(=O)O)c2ccccc2n1C(=O)c1ccc(Cl)cc1,'=',nM,39000.0
CC(C(=O)[O-])c1ccc(CC2CCCC2=O)cc1-c1ccccc1.[Na+],'=',nM,70000.0
CC(C(=O)[O-])c1ccc(C[C@H]2CCC[C@@H]2O)cc1-c1ccc(O)cc1.[Na+],'=',nM,20000.0
O=[N+]([O-])c1ccccc1Oc1ccc(OCCN2CCCC2)cc1,'=',nM,7700.0
CCc1cc(OC(F)(F)F)cc2c1O[C@H](C(F)(F)F)C(C(=O)O)=C2,'=',nM,60.0
COc1cc(/C=N/c2ccc(S(N)(=O)=O)cc2)cc(OC)c1O,'=',nM,2710.0
COc1cc(/C=N/c2ccc(S(N)(=O)=O)cc2)ccc1O,'=',nM,2950.0
Cc1ccccc1Sc1cc2c(cc1NS(C)(=O)=O)CCC2=O,'=',nM,100.0
CC(=O)Oc1cc2oc(-c3cccc(F)c3)cc2cc1-c1c[se]nn1,'=',nM,50.0
COc1ccc(-c2cc3cc(-c4c[se]nn4)c(OC(C)=O)cc3o2)cc1,'=',nM,50.0
CS(=O)(=O)c1ccc(-c2sc(CC#N)nc2-c2ccc(F)cc2)cc1,'=',nM,350.0
CCC(C)C(=O)[C@H]1C(=O)[C@@]2(CC=C(C)C)C[C@H](C[C@H]3[C@@H](C[C@H](C(C)(C)O)C3(C)C)C2=O)C1(C)C,'=',nM,8320.0
NS(=O)(=O)c1ccc(N2C(=O)/C(=C/c3ccc(OC(=O)c4ccccc4)cc3)N=C2c2ccccc2)cc1,'=',nM,90.0
COc1ccccc1/C=C/C1=NN(c2ccc(S(N)(=O)=O)cc2)C(=O)CC1,'=',nM,43.8
CCCCNc1cc(C(=O)N/N=c2\scc(-c3ccc(C)cc3)n2-c2ccccc2)cc(S(N)(=O)=O)c1Oc1ccccc1,'=',nM,1520.0
NS(=O)(=O)c1ccc(NN2C(=O)CSC2c2ccc(Cl)cc2)cc1,'=',nM,45500.0
Cc1cccc(C2C3CCc4ccccc4C3=NN2c2ccc(S(N)(=O)=O)cc2)c1,'=',nM,2480.0
Cc1ccc(C2C3CCc4ccccc4C3=NN2c2ccc(S(N)(=O)=O)cc2)cc1,'=',nM,2160.0
COc1cccc(C2C3CCc4ccccc4C3=NN2c2ccc(S(N)(=O)=O)cc2)c1,'=',nM,1120.0
CC(C)c1c(COC(=O)Cc2ccccc2Nc2c(Cl)cccc2Cl)n(C)n(-c2ccccc2)c1=O,'=',nM,9900.0
CC(C)(C)c1cc2c(cc1Cl)C=C(C(=O)O)[C@H](C(F)(F)F)O2,'=',nM,5150.0
CCOc1cc(NCc2cccs2)nc(-c2ccc(S(C)(=O)=O)cc2)n1,'=',nM,0.3
COc1cc(NCc2cccs2)nc(-c2ccc(S(C)(=O)=O)cc2)n1,'=',nM,0.4
Cc1cccc(-c2nc(C(F)(F)F)cn2-c2ccc(S(N)(=O)=O)cc2)c1,'=',nM,30.0
NS(=O)(=O)c1ccc(-n2nc(C(F)(F)F)c3c2-c2cccc(F)c2CS3)cc1,'=',nM,20.89
Cc1cc(-c2ccccc2)n(-c2ccc(S(N)(=O)=O)cc2)n1,'=',nM,62800.0
O=C(Nc1ccc(CCc2ccc(Cl)c(Cl)c2)cc1)C1=C(O)c2ccccc2S(=O)(=O)N1,'=',nM,467000.0
COc1ccc(OC(=O)Cc2c(C)n(C(=O)c3ccc(Cl)cc3)c3ccc(OC)cc23)cc1,'=',nM,40.0
COc1ccc2c(c1)c(CC(=O)Nc1ccc(C(N)=O)cc1)c(C)n2C(=O)c1ccc(Cl)cc1,'=',nM,140.0
COc1ccc2c(c1)c(CC(=O)O)c(C)n2Cc1ccn(C(F)F)c(=O)c1,'=',nM,31000.0
O=C(O)C1=Cc2c(cc(Cl)c(Cl)c2Cl)OC1C(F)(F)F,'=',nM,6.0
CC(=O)Oc1cccc(C2=C(c3ccc(S(C)(=O)=O)cc3)COC2=O)c1,'=',nM,1.68
CC(=O)Oc1ccc(C2=C(c3ccc(S(C)(=O)=O)cc3)C(=O)OC2=O)cc1,'=',nM,16630.0
CSc1ccc(C2=C(c3ccccc3)C(=O)NC2=O)cc1,'=',nM,16340.0
Cc1onc(-c2ccc(Br)o2)c1-c1ccccc1,'=',nM,34000.0
Cc1onc(-c2cccc(Cl)c2)c1-c1ccccc1,'=',nM,270.0
NS(=O)(=O)c1ccc(-n2nc(C(F)(F)F)cc2C2=CCN(CCCCO[N+](=O)[O-])CC2)cc1,'=',nM,7500.0
O=C(Nc1ccc(C(=O)c2ccc(Cl)cc2)c(Cl)c1)C1=C(O)c2ccccc2S(=O)(=O)N1,'=',nM,95600.0
O=C(Nc1cccc(C(=O)c2ccc(Cl)cc2)c1)C1=C(O)c2ccccc2S(=O)(=O)N1,'=',nM,95300.0
O=C(Nc1ccc(-c2ccc(Cl)c(Cl)c2)nc1)C1=C(O)c2ccccc2S(=O)(=O)N1,'=',nM,33700.0
NS(=O)(=O)c1ccc(-n2nc(CCCNC(=O)Nc3ccc(C(F)(F)F)cc3)cc2-c2ccccc2)cc1,'=',nM,1300.0
CS(=O)(=O)c1ccc(-n2nc(CNC(=O)Nc3cccc(C(F)(F)F)c3)cc2-c2ccccc2)cc1,'=',nM,2500.0
Cc1cn(-c2ccc(S(C)(=O)=O)cc2)c(-c2ccc(Cl)cc2)n1,'=',nM,240.0
NS(=O)(=O)c1ccc(-n2cc(-c3ccc(F)cc3)nn2)cc1,'=',nM,13500.0
OC[C@H]1O[C@@H](Oc2cc(O)cc([C@H]3c4cc(/C=C/c5cc(O)cc(O)c5)ccc4O[C@@H]3c3ccc(O)cc3)c2)[C@H](O)[C@@H](O)[C@@H]1O,'=',nM,7500.0
CS(=O)(=O)c1ccc(-c2cc([N+](=O)[O-])sc2-c2ccc(F)cc2)cc1,'=',nM,14000.0
O=C(COc1cc(O)c2c(=O)cc(-c3ccccc3)oc2c1)OCc1cc(-c2ccc(Cl)cc2)n(-c2ccccc2)n1,'=',nM,1410.0
NS(=O)(=O)c1ccc(N2N=C(c3cccs3)CC2c2ccco2)cc1,'=',nM,6110.0
NS(=O)(=O)c1ccc(N2N=C(c3ccco3)CC2c2ccc(C(F)(F)F)cc2)cc1,'=',nM,560.0
O=c1c2ccccc2nc(SCc2cc(-c3ccc(Cl)cc3)no2)n1-c1ccc(Cl)cc1,'=',nM,840.0
CC(=O)Oc1ccccc1SCCc1ccccc1,'=',nM,100000.0
CCCCOCCSc1ccccc1OC(C)=O,'=',nM,7000.0
CS(=O)(=O)c1ccc(-n2cc(C(F)(F)F)nc2-c2cc(Cl)cc(Cl)c2)cc1,'=',nM,169.82
CCO[C@@]1(c2ccc(O)c(O)c2)Oc2cc(CCO)ccc2O[C@@H]1O,'=',nM,13700.0
CO[C@@]1(c2ccc(O)c(O)c2)Oc2ccc(CCO)cc2O[C@@H]1O,'=',nM,8240.0
CC(=O)/N=C/Cc1ccc2c(c1)O[C@H](c1ccc(O)c(O)c1)[C@@H](NC(C)=O)O2,'=',nM,2700.0
NS(=O)(=O)c1ccc(-n2nc(C(F)F)cc2-c2ccccc2)cc1,'=',nM,128.82
NS(=O)(=O)c1ccc(-n2nc(C(=O)OCCN3CCOCC3)cc2-c2ccc(Cl)cc2)cc1,'=',nM,250.0
COc1ccc(-c2cc(C(=O)OCCCN3CCOCC3)nn2-c2ccc(S(N)(=O)=O)cc2)cc1,'=',nM,1050.0
O=S(=O)(CCC(F)(F)F)Nc1ccncc1Nc1ccccc1,'=',nM,10830.0
Cc1nc(-c2ccc(Cl)s2)c(-c2ccc(S(N)(=O)=O)cc2)o1,'=',nM,20.0
Cc1ncc(-c2nc(C(F)(F)F)cn2-c2ccc(S(N)(=O)=O)cc2)s1,'=',nM,430.0
NS(=O)(=O)c1ccc(-c2cc3c(cc2Cc2ccccc2)OCO3)cc1,'=',nM,50.0
Cc1csc(-c2nc(C(F)(F)F)cn2-c2ccc(S(N)(=O)=O)cc2)n1,'=',nM,110.0
CS(=O)(=O)c1ccc(-n2cc(C(F)(F)F)nc2-c2cccc(F)c2)cc1,'=',nM,120.23
Cc1nc(-c2ccc(F)cc2)c(-c2ccc(S(C)(=O)=O)cc2)o1,'=',nM,70.0
COc1ccc(-c2c(-c3ccc(S(C)(=O)=O)cc3)oc3ccccc23)cc1F,'=',nM,93.0
COC(=O)CNC(=O)c1ccccc1Nc1c(Cl)ccc(C)c1Cl,'=',nM,1200.0
CS(=O)(=O)c1ccc(-c2sc3nc(C(F)(F)F)nn3c2-c2cccc(F)c2)cc1,'=',nM,13.0
CN1CC(c2ccc(S(C)(=O)=O)cc2)=C(c2ccccc2)O1,'=',nM,5380.0
CS(=O)(=O)c1ccc(-c2ccccc2-c2ccc3ccccc3n2)cc1,'=',nM,57000.0
O=C(N[C@@H](Cc1ccc(O)cc1)C(=O)N[C@@H](Cc1c[nH]c2ccccc12)C(=O)N[C@@H](CO)C(=O)O)c1ccc(F)cc1,'=',nM,180000.0
O=C(N[C@@H](Cc1c[nH]c2ccccc12)C(=O)N[C@@H](CO)C(=O)O)c1ccc(F)cc1,'=',nM,200000.0
Clc1ccc(OCCOc2nc3ccccc3s2)c(Cl)c1,'=',nM,410.0
Cc1ccc(Nc2c(F)cccc2I)c(CC(=O)O)c1,'=',nM,2500.0
CCCCCCNC(=O)Oc1cccc(-c2ccc(C(C)C(=O)O)cc2Cl)c1,'=',nM,730.0
Nc1ccc(Oc2ccc(OCCN3CCCC3)cc2)cc1,'=',nM,36300.0
CC(=O)Oc1ccccc1C1=C(c2ccc(S(C)(=O)=O)cc2)COC1=O,'=',nM,3.5
NS(=O)(=O)c1ccc(-n2nnnc2-c2ccc(Cl)cc2)cc1,'=',nM,62000.0
CS(=O)(=O)c1ccc(-c2occ(Cl)c(=O)c2-c2ccc(F)c(F)c2)cc1,'=',nM,1234809.61
CC(C)=Cc1cc(/C=C/S(N)(=O)=O)cc(C(=O)c2ccccc2)c1,'=',nM,980.0
CC(C)(C)c1cc(-c2nsc(NC#N)n2)cc(C(C)(C)C)c1O,'=',nM,47.0
Cc1cccc(-c2cc(C(F)(F)F)nn2-c2ccc(S(N)(=O)=O)c(CO)c2)c1,'=',nM,728.0
CC(=O)N1CCN(c2c(/C=N/Nc3nc4ccccc4nc3O)c(C)nn2-c2ccccc2)CC1,'=',nM,460.0
CCONC1=NC(=O)/C(=C/c2cc(C(C)(C)C)c(O)c(C(C)(C)C)c2)O1,'=',nM,79000.0
CCCCCNC(=O)c1cc(C(C)(C)C)c2c(c1)C(C)(C)CO2,'=',nM,250.0
O=C(c1ccccc1)n1cc(/C=N/c2ccc(Cl)cc2)c2ccccc21,'=',nM,6530.0
CN1C(=O)/C(=C(/O)Nc2ccccc2)c2ccccc2C1=O,'=',nM,170.0
O=C(O)C1=Cc2c(Cl)ccc(Cl)c2OC1C(F)(F)F,'=',nM,100.0
O=C(O)C1=Cc2cc(Cl)cc(-c3ccccc3)c2OC1C(F)(F)F,'=',nM,110.0
CS(=O)(=O)c1ccc(-n2cnc(Cl)c2-c2ccc(OCCO[N+](=O)[O-])c(F)c2)cc1,'=',nM,6900.0
CS(=O)(=O)c1ccc(-n2cnc(Cl)c2-c2ccc(OCCO)c(F)c2)cc1,'=',nM,56000.0
Cc1nc(-c2ccc(S(N)(=O)=O)cc2)c(-c2ccc(Br)cc2)s1,'=',nM,24.0
C/C(=C1/SC(N=C(N)N)=NC1=O)c1cc(C(C)(C)C)c(O)c(C(C)(C)C)c1,'=',nM,12000.0
O=C(NS(=O)(=O)c1ccc(F)cc1)c1cccnc1,'=',nM,11700.0
NS(=O)(=O)c1ccc(-n2cc(C(F)(F)F)nc2-c2cccc(Br)c2)cc1,'=',nM,7.0
COc1cc(-c2nc(C(F)(F)F)cn2-c2ccc(S(N)(=O)=O)cc2)ccc1Cl,'=',nM,20.0
CC1(C)OC(=O)C(OCC2CC2)=C1c1ccc(S(C)(=O)=O)cc1,'=',nM,140.0
CCCSc1nnc(-c2cc(C(C)(C)C)c(O)c(C(C)(C)C)c2)s1,'=',nM,100000.0
COc1ccc2c(c1)c(Cc1nc(-c3ccc(Cl)cc3)cs1)c(C)n2C(=O)c1ccc(Cl)cc1,'=',nM,14.0
CSc1nnc(-c2nc(C(C)(C)C)c(O)c(C(C)(C)C)n2)s1,'=',nM,1400.0
FC(F)(F)c1ccccc1Oc1ccc(OCCN2CCCC2)cc1,'=',nM,41400.0
O=C(N[C@@H](Cc1ccc(O)cc1)C(=O)N[C@@H](CO)C(=O)O)c1ccc(F)cc1,'=',nM,140000.0
COc1ccc(-n2cc(CSc3nc4ccccc4o3)nn2)cc1,'=',nM,2300.0
Brc1ccc(-n2cc(CSc3nc4ccccc4o3)nn2)cc1,'=',nM,2800.0
Cc1ccc(-n2cc(CSc3nc4ccccc4o3)nn2)cc1C,'=',nM,4350.0
C=Cc1cncc(-c2ccc(C(C)C(=O)O)cc2)c1,'=',nM,190.0
Cc1ccc(-c2cc(F)c(F)cc2-c2ccc(S(C)(=O)=O)cc2)nc1,'=',nM,52300.0
COc1ccc(-c2cc(C(F)(F)F)nn2-c2ccc(S(N)(=O)=O)c(CO)c2)cc1,'=',nM,365.0
Cc1cc(=O)c(-c2ccc(F)cc2F)c(-c2ccc(S(C)(=O)=O)cc2)o1,'=',nM,1120.0
CC(C)OC(=O)[C@@H](Cn1cncn1)NC(=O)[C@@H](C)c1cccc(C(=O)c2ccccc2)c1,'=',nM,3410.0
CC(=O)[N-]S(=O)(=O)c1ccc(-c2c(-c3ccccc3)noc2C)cc1.[Na+],'=',nM,20000.0
COc1ccc(-c2c(-c3ccc(S(N)(=O)=O)cc3)[nH]c3ccccc23)cc1,'=',nM,6.0
CCc1cc(/C=C/C(N)=O)cc(C(=O)c2ccccc2)c1,'=',nM,1800.0
Cc1ccccc1-c1nc(C(F)(F)F)cn1-c1ccc(S(C)(=O)=O)cc1,'=',nM,800.0
CC(Oc1cc(=O)oc2ccccc12)C(=O)N1CCOCC1,'=',nM,69940.0
COC(=O)C(CC(C)C)NC(=O)C(C)Oc1cc(=O)oc2ccccc12,'=',nM,8250.0
c1ccc(-c2nn(-c3ccccc3)c3c2CCCC3)cc1,'=',nM,570.0
CSCc1cn(-c2ccc(S(C)(=O)=O)cc2)c(-c2ccc(Cl)cc2)n1,'=',nM,323.59
CS(=O)(=O)c1ccc(-n2cnc(Cl)c2-c2ccccc2F)cc1,'=',nM,28.0
COc1ccc(-c2c(Cl)ncn2-c2ccc(S(C)(=O)=O)cc2)cc1Cl,'=',nM,8.0
CS(=O)(=O)c1ccc(-n2nc(CNC(=O)Nc3ccc(OC(F)(F)F)cc3)cc2-c2ccccc2)cc1,'=',nM,7000.0
CS(=O)(=O)c1ccc(-c2cnsc2-c2ccc(F)cc2)cc1,'=',nM,2100.0
CC(C)c1cc(-c2ccc(S(N)(=O)=O)cc2)c(-c2ccc(F)cc2)s1,'=',nM,10.0
CC1(C)OC(=O)C(Oc2ccc(Br)cn2)=C1c1ccc(S(C)(=O)=O)cc1,'=',nM,30.0
CN(C)c1ccc(-n2nc(C(F)(F)F)cc2-c2ccc(NS(C)(=O)=O)cc2)cc1,'=',nM,530.0
CCC#CCC(C)OC(=O)Cc1c(C)n(C(=O)c2ccc(Cl)cc2)c2ccc(OC)cc12,'=',nM,120.0
CS(=O)(=O)c1ccc(-n2cc(C#N)nc2-c2ccc(Cl)cc2)cc1,'=',nM,229.09
CS(=O)(=O)c1ccc(-c2c(-c3ccc(F)cc3)nc3sccn23)cc1,'=',nM,14.0
CS(=O)(=O)c1ccc(-c2cnc(NCc3ccccc3)nc2-c2ccc(F)cc2)cc1,'=',nM,686.0
COc1c(C)cc(-c2nc(C(F)(F)F)cn2-c2ccc(S(C)(=O)=O)cc2)cc1C,'=',nM,724.44
NS(=O)(=O)c1ccc(N2N=C3c4ccccc4OCC3C2c2ccccc2Br)cc1,'=',nM,1260.0
Cc1ccc(-c2nc(C(F)(F)F)cn2-c2ccc(S(C)(=O)=O)cc2)cc1Cl,'=',nM,30.2
O=C(/C=C/c1ccc(N2CCCC2)cc1)/C=C/c1ccc(N2CCCC2)cc1,'=',nM,69820.0
C=C1CC(c2ccc(S(C)(=O)=O)cc2)=C1c1ccccc1,'=',nM,1.2
CS(=O)(=O)c1ccc(-c2nnnn2-c2ccc(CCO)cc2)cc1,'=',nM,70000.0
Cc1ccc(/C=C/S(N)(=O)=O)cc1C(=O)c1ccccc1,'=',nM,19000.0
CN(C)c1ccc(/C=C2\CNC/C(=C\c3ccc(N(C)C)cc3[N+](=O)[O-])C2=O)c([N+](=O)[O-])c1,'=',nM,7880.0
CN(C)c1ccc(/C=C2\CN(Cc3ccccc3)C/C(=C\c3ccc(N(C)C)cc3[N+](=O)[O-])C2=O)c([N+](=O)[O-])c1,'=',nM,19220.0
COc1ccc2c(c1)c(CC(=O)Oc1ccccc1SC)c(C)n2C(=O)c1ccc(Cl)cc1,'=',nM,60.0
Cc1nc(C2CCCCC2)c(-c2ccc(S(C)(=O)=O)cc2)o1,'=',nM,70.0
COc1ccc(C(=O)n2nc(C)c3nnc4cc(Cl)c(F)cc4c32)cc1,'=',nM,10000.0
CCOC(=O)c1nc(-c2ccc(F)cc2)c(-c2ccc(S(C)(=O)=O)cc2)s1,'=',nM,610.0
COc1ccc(-c2cnnn2-c2ccc(S(C)(=O)=O)cc2)cc1,'=',nM,170.0
Cc1onc(-c2ccccc2Cl)c1-c1ccccc1,'=',nM,1100.0
Cc1ccc2c(c1)c(-c1ccnc3c(C)cccc13)c(C)n2CC(=O)O,'=',nM,3000.0
O=C1Nc2ccccc2/C1=C/c1coc2ccccc2c1=O,'=',nM,29.0
CS(=O)(=O)c1ccc(N2N=C(C(F)(F)F)CC2c2cccc3c2OCO3)cc1,'=',nM,41.0
CC(C)c1c(COC(=O)C(C)c2cccc(C(=O)c3ccccc3)c2)n(C)n(-c2ccccc2)c1=O,'=',nM,2200.0
O=C(Nc1ccc(-c2ccccc2)cc1)C1=C(O)c2ccccc2S(=O)(=O)N1,'=',nM,92600.0
CCc1cc(OC(F)(F)F)cc2c1OC(C(F)(F)F)C(C(=O)O)=C2,'=',nM,49.0
COc1ccc(NC(=O)c2nc(-c3ccccc3)n(-c3ccc(S(N)(=O)=O)cc3)n2)cc1,'=',nM,890.0
COc1cc2oc(C)cc(=O)c2c(O)c1OCC=C(C)C,'=',nM,15490.0
CS(=O)(=O)c1ccc(-c2sc(-c3cccnc3)nc2-c2ccc(F)cc2)cc1,'=',nM,430.0
CC(C)(C)c1cc(/C=C2\SC(NC#N)=NC2=O)cc(C(C)(C)C)c1O,'=',nM,55000.0
O=C(c1ccccc1O)n1nc(Nc2ccccc2)cc1-c1ccccc1O,'=',nM,16.2
Nc1nc(Cl)nc(Nc2ccc(N3CCOCC3=O)cc2)n1,'=',nM,500.0
O=C1COCCN1c1ccc(Nc2nc(Cl)nc(Nc3ccc(O)cc3)n2)cc1,'=',nM,40.0
O=C(NCCOc1nc(Cl)nc(Nc2ccc(N3CCOCC3=O)cc2)n1)c1ccc(Cl)s1,'=',nM,500.0
Cc1ccc(S(=O)(=O)NCCOc2nc(Cl)nc(Nc3ccc(N4CCOCC4=O)cc3)n2)cc1,'=',nM,80000.0
COc1ccc(-c2cc(CSc3nc4ccccc4c(=O)n3-c3ccc(Cl)cc3)on2)cc1,'=',nM,1340.0
CCOc1ccc(-c2c(Cl)ncn2-c2ccc(S(N)(=O)=O)cc2)cc1Cl,'=',nM,7.0
CS(=O)(=O)c1ccc(-c2cc(C(F)(F)F)cnc2N2CCCC(CO)C2)cc1,'=',nM,800.0
Fc1ccc(-c2nn(-c3ccccc3)cc2-c2nnc(-c3ccc(Cl)cc3)o2)cc1,'=',nM,5500.0
Cc1ccc(S(=O)(=O)N2N=C(C(F)(F)F)CC2c2ccc3c(c2)OCO3)cc1,'=',nM,530.0
CCOC(=O)c1c(C)oc2ccc(Oc3ccccn3)cc12,'=',nM,8100.0
CCC1(CC)CC(c2ccc(F)cc2)=C(c2ccc(S(C)(=O)=O)cc2)C1,'=',nM,65000.0
COc1ccc2c(c1)c(CC(=O)N[C@H](CO)CCSC)c(C)n2C(=O)c1ccc(Cl)cc1,'=',nM,1000.0
CC(C)(C)c1cc(C(=O)NC2CC2)cc2c1OCC2(C)C,'=',nM,550.0
Cc1cccc(/C=C/c2ccc(=O)[nH]n2)c1,'=',nM,15.56
COc1ccc(-c2noc(CC(=O)NCCCCN)c2-c2ccc(OC)cc2)cc1,'=',nM,3500.0
CC(C)Oc1nc(-c2ccc(S(C)(=O)=O)cc2)cc(C(F)(F)F)n1,'=',nM,63.0
Cc1ccc(-c2cc(C)n(S(=O)(=O)Oc3ccccc3)n2)cc1,'=',nM,1.1
Cc1ccc(-c2cc(C)n(S(=O)(=O)Oc3ccccc3I)n2)cc1,'=',nM,92.0
CCOC(=O)C1CCN(C(=O)c2cc(-c3ccccc3)n(-c3ccc(S(N)(=O)=O)cc3)n2)CC1,'=',nM,4120.0
NS(=O)(=O)c1ccc(-n2nc(C(=O)NCCCN3CCOCC3)cc2-c2ccccc2)cc1,'=',nM,420.0
NS(=O)(=O)c1ccc(-n2nc(C(=O)OCCCN3CCOCC3)cc2-c2ccc(C(F)(F)F)cc2)cc1,'=',nM,210.0
C[C@H](NC(=O)OCc1ccccc1)C(=O)NCC(=O)N1CCC[C@H]1C(=O)O,'=',nM,20.0
COC(=O)[C@@H]1CCCN1C(=O)CNC(=O)[C@H](C)NC(=O)OCc1ccccc1,'=',nM,300.0
NS(=O)(=O)c1ccc(-n2nc(CCCNC(=O)NC34CC5CC(CC(C5)C3)C4)cc2-c2ccccc2)cc1,'=',nM,7000.0
O=C1COCCN1c1ccc(Nc2nc(Cl)nc(Nc3ccccc3)n2)cc1,'=',nM,100.0
O=C1COCCN1c1ccc(Nc2nc(Cl)nc(NC3CCCCC3)n2)cc1,'=',nM,600.0
CCCC/C(=C(\c1ccccc1)c1ccc(O)cc1)c1ccc(S(C)(=O)=O)cc1,'=',nM,11800.0
CS(=O)(=O)c1ccc(-c2cc(C(F)(F)F)nc(Nc3ccc(F)cc3)n2)cc1,'=',nM,7.2
CS(=O)(=O)c1ccc(-c2cnc(Nc3ccccc3)nc2-c2ccc(F)cc2)cc1,'=',nM,56.0
CS(=O)(=O)c1ccc(-c2cnc(Cc3ccc(F)cc3)nc2-c2ccc(F)cc2)cc1,'=',nM,277.0
Cc1noc2c(Cc3ccc([N+](=O)[O-])cc3)nn(Cc3n[nH]c(=S)n3C)c(=O)c12,'=',nM,4600.0
CS(=O)(=O)c1ccc(N2N=C(C(F)(F)F)CC2c2cccc3ccccc23)cc1,'=',nM,110.0
N.NS(=O)(=O)c1ccc(-n2nc(C(F)(F)F)cc2-c2ccc(/[N+]([O-])=N\O)cc2)cc1,'=',nM,6100.0
NS(=O)(=O)c1ccc(N2N=C3c4ccccc4CCC3C2c2cccc(F)c2)cc1,'=',nM,4830.0
NS(=O)(=O)c1ccc(N2N=C3c4ccccc4OCC3C2c2ccc(Br)cc2)cc1,'=',nM,6880.0
COc1ccc(-c2nn(-c3ccccc3)cc2-c2nnc(-c3ccc(Cl)cc3)o2)cc1,'=',nM,67000.0
COc1ccc(C2CC(c3ccc(S(C)(=O)=O)cc3)=NN2c2ccc(C(=O)O)cc2)cc1OC,'=',nM,3740.0
CS(=O)(=O)c1ccc(C2=NN(c3ccc(S(N)(=O)=O)cc3)C(c3ccc(F)cc3)C2)cc1,'=',nM,3410.0
COc1cc(C2CC(c3ccc(S(C)(=O)=O)cc3)=NN2c2ccc(S(N)(=O)=O)cc2)cc(OC)c1OC,'=',nM,4670.0
Cc1cc(Br)cc2c1OC(C(F)(F)F)C(C(=O)O)=C2,'=',nM,28.0
[2H]C([2H])([2H])c1cc2c(c(C([2H])([2H])[2H])c1)OC(C(F)(F)F)C(C(=O)O)=C2,'=',nM,150.0
Clc1ncccc1-n1cc(CSc2nc3ccccc3o2)nn1,'=',nM,5030.0
Cc1ccc(S(=O)(=O)N2N=C(C(F)(F)F)CC2c2ccc3c(c2)OCCO3)cc1,'=',nM,1320.0
Cc1ccc(S(=O)(=O)N2N=C(C(F)(F)F)CC2c2ccc3ccccc3c2)cc1,'=',nM,95380.0
Cc1cccc(C2CC(c3ccc(Cl)c(Cl)c3)=NN2C2=NC(=O)CS2)c1,'=',nM,7200.0
Fc1ccc(-c2nn(-c3ccccc3)cc2-c2nnc(-c3ccncc3)o2)cc1,'=',nM,2300.0
NS(=O)(=O)c1ccc(N2N=C(C(F)(F)F)CC2c2cccc3c2OCCO3)cc1,'=',nM,59.0
CC(C)c1ccc2occ(/C=C3/C(=O)N(c4c(Cl)cccc4Cl)c4ccccc43)c(=O)c2c1,'=',nM,5.8
O=C1Nc2ccccc2/C1=C/c1coc2ccc(Br)cc2c1=O,'=',nM,20.0
CC(C(=O)[O-])c1ccc(CC2CCCC2=O)cc1-c1ccc(C(=O)[O-])cc1.[Na+].[Na+],'=',nM,76000.0
CC(C)c1ccc(NC(=O)Oc2ccc(/N=N/c3ccc(S(N)(=O)=O)cc3)cc2OC(=O)Nc2ccc(C(C)C)cc2)cc1,'=',nM,12370.0
NS(=O)(=O)c1ccc(-n2nc(C(F)(F)F)cc2-c2ccccc2)cc1,'=',nM,160.0
COc1cc2c(cc1OC)CN(C(=O)CCn1sc3nc(C)cc(C)c3c1=O)CC2,'=',nM,288403.15
O=C1CCc2cc(NS(=O)(=O)C(F)(F)F)c(Sc3ccc(F)cc3F)cc21,'=',nM,40.0
COc1cccc(-c2cc(C(=O)OCCOc3ccc4ccc(=O)oc4c3)nn2-c2ccc(S(N)(=O)=O)cc2)c1,'=',nM,820.0
CS(=O)(=O)c1ccc(-c2cc(C(F)(F)F)nc(OCC3CCCCC3)n2)cc1,'=',nM,45.0
CS(=O)(=O)c1ccc(-c2cc(C(F)(F)F)nc(NC3CCOCC3)n2)cc1,'=',nM,18.0
CS(=O)(=O)c1ccc(-c2cnc(Cc3ccccc3)nc2-c2ccc(F)cc2)cc1,'=',nM,104.0
NS(=O)(=O)c1ccc(-n2nc(C(=O)N3CCSCC3)cc2-c2ccc(Cl)cc2)cc1,'=',nM,230.0
NS(=O)(=O)c1ccc(-n2nc(C(=O)N3CCOCC3)cc2-c2ccc(Cl)cc2)cc1,'=',nM,350.0
Cc1onc(-c2ccco2)c1-c1ccccc1,'=',nM,20440.0
Cc1ccc(-c2cn(CCc3ccc(S(N)(=O)=O)cc3)nn2)cc1,'=',nM,3400.0
CSc1ccc(-n2c(-c3ccc(S(C)(=O)=O)cc3)cc(CC(=O)OCCCCO[N+](=O)[O-])c2C)cc1,'=',nM,220.0
CSc1ccc(-n2c(-c3ccc(S(C)(=O)=O)cc3)cc(CC(=O)OCCO)c2C)cc1,'=',nM,85.0
Cc1c(CC(=O)OCCCCO)cc(-c2ccc(S(C)(=O)=O)cc2)n1-c1cccc(F)c1,'=',nM,110.0
NS(=O)(=O)c1ccc(-n2nc(C(=O)Nc3nc4ccccc4s3)nc2-c2ccccc2)cc1,'=',nM,380.0
Cc1ccc(NC(=O)c2nc(-c3ccccc3)n(-c3ccc(S(N)(=O)=O)cc3)n2)cc1,'=',nM,1900.0
O=C1COCCN1c1ccc(Nc2nc(Cl)nc(Cl)n2)cc1,'=',nM,7000.0
O=C1COCCN1c1ccc(Nc2nc(Cl)nc(Nc3ccc(Cl)cc3)n2)cc1,'=',nM,80.0
CC(C(=O)O)c1ccc(-c2ccccc2)c(F)c1,'=',nM,10.0
Cc1ccc(-c2nn(-c3ccccc3)cc2-c2nnc(-c3ccccc3)o2)cc1,'=',nM,25000.0
COc1ccc(-c2nc(NCC(=O)O)sc2-c2ccc(OC)cc2)cc1,'=',nM,9230.0
O=C(O)CNc1nc(-c2ccccc2)c(-c2ccccc2)s1,'=',nM,10710.0
CCCCCCCCCCCCCCCc1cc(O)cc(O)c1,'=',nM,2360.0
CCCCCCCCCCCCCc1cc(O)cc(O)c1,'=',nM,2740.0
O=[N+]([O-])c1cccc(-n2cc(CSc3nc4ccccc4o3)nn2)c1,'=',nM,9580.0
c1cncc(-n2cc(CSc3nc4ccccc4o3)nn2)c1,'=',nM,3980.0
CC(C)C[C@H](NC(=O)[C@H](Cc1ccccc1)NC(=O)CNC(=O)CN)C(=O)O,'=',nM,400.0
Cc1c(-c2nnc(-c3ccccc3)c3conc23)cnn1-c1ccccc1,'=',nM,780.0
Cc1cc(C)c2c(c1)C=C(C(=O)O)C(C(F)(F)F)O2,'=',nM,100.0
Cc1c(Br)c(C)c2c(c1Br)OC(C(F)(F)F)C(C(=O)O)=C2,'=',nM,69.0
NS(=O)(=O)c1ccc(-n2nc(C(=O)NCCCCCCCCCCC(=O)O)cc2-c2ccccc2)cc1,'=',nM,3040.0
O=C1CSC(N2N=C(c3ccc(Cl)c(Cl)c3)CC2c2ccccc2)=N1,'=',nM,2700.0
Cc1ccc(-c2cc(C(=O)N/N=C/c3c(Cl)c4ccccc4oc3=O)nn2-c2ccc(S(N)(=O)=O)cc2)cc1,'=',nM,6940.0
COc1ccc(-c2cc(C(=O)N/N=C/c3c(Cl)c4ccccc4oc3=O)nn2-c2ccc(S(N)(=O)=O)cc2)cc1,'=',nM,10360.0
COc1cccc(-c2cc(C(=O)N/N=C/c3c(Cl)c4ccccc4oc3=O)nn2-c2ccc(S(N)(=O)=O)cc2)c1,'=',nM,6090.0
NS(=O)(=O)c1ccc(-n2nc(C(=O)N/N=C/c3c(Cl)c4ccccc4oc3=O)cc2-c2ccc([N+](=O)[O-])cc2)cc1,'=',nM,130.0
Cc1cc(C)c2c(=O)n(CCC(=O)N3CCN(c4cccc(Cl)c4)CC3)sc2n1,'=',nM,388000.0
COC1=CC(=O)C=C(Br)C1=O,'=',nM,4480.0
CCNc1nnc(Cn2nc(Cc3ccc([N+](=O)[O-])cc3)c3onc(C)c3c2=O)s1,'=',nM,39600.0
COc1ccc(Cc2nn(Cc3n[nH]c(=S)n3-c3ccccc3)c(=O)c3c(C)noc23)cc1,'=',nM,10800.0
COc1ccc2c(c1)C=C(C(=O)O)C(C(F)(F)F)O2,'=',nM,100000.0
Cc1ccc(Nc2cnccc2NS(=O)(=O)C(F)(F)F)cc1Br,'=',nM,90.0
O=S(=O)(C1CC1)N(c1ccncc1Nc1ccccc1)S(=O)(=O)C1CC1,'=',nM,56760.0
O=C1CSC(N2N=C(c3ccc(Cl)c(Cl)c3)CC2c2cccc(Cl)c2)=N1,'=',nM,16100.0
O=C1NC(=S)S/C1=C\c1ccc(OCc2cn(-c3ccc(C(=O)O)cc3)nn2)cc1,'=',nM,360.0
O=C(NS(=O)(=O)c1ccccc1)c1cccnc1,'=',nM,15800.0
Cc1ccc(S(=O)(=O)NC(=O)c2cccnc2)cc1,'=',nM,18200.0
Clc1ccc(-c2nn(-c3ccccc3)cc2-c2nnc(-c3ccncc3)o2)cc1,'=',nM,4400.0
COc1ccc(C2=C(c3ccc(S(N)(=O)=O)cc3)C(=O)NC2=O)cc1,'=',nM,1200.0
Clc1ccccc1-n1cc(CSc2nc3ccccc3o2)nn1,'=',nM,3530.0
COC(=O)/C(=C/c1ccc2ccccc2c1)CSc1nc2ccccc2s1,'=',nM,2930.0
COC(=O)/C(=C/c1ccc(OC)cc1)CSc1nc2ccccc2o1,'=',nM,4760.0
N#Cc1c(/N=C/c2ccccc2)c(C(=O)Nc2ccc(Br)cc2)n2c1CCC2,'=',nM,1490.0
NS(=O)(=O)c1ccc(-n2nc(C(=O)O)cc2-c2ccc(Cl)s2)cc1,'=',nM,400.0
NS(=O)(=O)c1ccc(N2N=C3c4ccccc4CCC3C2c2ccccc2)cc1,'=',nM,8340.0
c1ccc(-c2nnc(-c3cn(-c4ccccc4)nc3-c3ccccc3)o2)cc1,'=',nM,1500.0
CCc1onc(-c2ccccc2)c1-c1ccccc1,'=',nM,1490.0
Cc1ccnc(C(=O)c2[nH]c3ccc(OC(F)(F)F)cc3c2CC(=O)O)c1,'=',nM,39.6
O=C(O)Cc1c(C(=O)c2cc3c(cn2)CCCC3)[nH]c2cc(Cl)ccc12,'=',nM,19.2
S=c1nc(-c2ccccc2)cc(-c2cn(-c3ccccc3)nc2-c2ccc(OCc3ccccc3)cc2)[nH]1,'=',nM,1000.0
NS(=O)(=O)c1ccc(N2N=C3c4ccccc4CCC3C2c2ccc(Cl)cc2Cl)cc1,'=',nM,32260.0
CCOc1ccc(-c2cc(C(=O)N3CCOCC3)nn2-c2ccc(S(N)(=O)=O)cc2)cc1,'=',nM,2990.0
NS(=O)(=O)c1ccc(-n2nc(C(=O)OCCCN3CCOCC3)cc2-c2ccccc2)cc1,'=',nM,560.0
COc1ccc(-c2cc(C(=O)NCCN3CCOCC3)nn2-c2ccc(S(N)(=O)=O)cc2)cc1,'=',nM,870.0
CS(=O)(=O)c1ccc(-c2nc(NCc3csc4ccccc34)cc(C(F)(F)F)n2)cc1,'=',nM,10000.0
Cn1cccc1CCNc1cc(C(F)(F)F)nc(-c2ccc(S(C)(=O)=O)cc2)n1,'=',nM,3980.0
Fc1ccccc1-n1cc(CSc2nc3ccccc3o2)nn1,'=',nM,2400.0
COc1ccc(C2=NCCN2c2ccc(S(N)(=O)=O)cc2)cc1Cl,'=',nM,6200.0
CC(C)(C)c1ccc(S2=NS(=O)(=O)c3cc([N+](=O)[O-])ccc32)cc1,'=',nM,270.0
O=[N+]([O-])c1ccc2c(c1)S(=O)(=O)N=S2c1ccc(-c2ccccc2)cc1,'=',nM,500.0
Nc1c(Cl)ccc2c1C=C(C(=O)O)C(C(F)(F)F)O2,'=',nM,1480.0
Cc1ccccc1-c1c(Cl)ccc2c1C=C(C(=O)O)C(C(F)(F)F)O2,'=',nM,1980.0
Nc1ccccc1Nc1ccccc1C(=O)NCCc1c[nH]c2ccccc12,'=',nM,1210.0
CN(C)c1ccc(Nc2ccccc2C(=O)NCCc2c[nH]c3ccccc23)cc1,'=',nM,1430.0
O=C(/C=C/C1=Cc2ccccc2OC1)c1ccc(F)cc1,'=',nM,370.0
COc1ccc(C(=O)/C=C/C2=Cc3ccccc3OC2)cc1,'=',nM,460.0
COc1ccc(C(=O)/C=C/C2=Cc3c(ccc4ccccc34)OC2)cc1,'=',nM,380.0
NS(=O)(=O)c1ccc(-n2nc(C(=O)N3CCSCC3)cc2-c2cccc(Cl)c2)cc1,'=',nM,210.0
NS(=O)(=O)c1ccc(-n2nc(C(=O)NCCN3CCOCC3)cc2-c2ccc(F)cc2)cc1,'=',nM,160.0
NS(=O)(=O)c1ccc(N2N=C3c4ccccc4CCC3C2c2ccccc2Cl)cc1,'=',nM,4920.0
NS(=O)(=O)c1ccc(N2N=C3c4ccccc4CCC3C2c2cccc(Br)c2)cc1,'=',nM,3480.0
COc1ccc2cc(C(C)c3nc4s/c(=C\c5ccc(C)s5)c(=O)n4n3)ccc2c1,'=',nM,20500.0
O=C(O)C1=Cc2cc(S(F)(F)(F)(F)F)cc(Br)c2O[C@@H]1C(F)(F)F,'=',nM,8.0
O=C(O)C1=Cc2cc(S(F)(F)(F)(F)F)ccc2O[C@H]1C(F)(F)F,'=',nM,302.0
Cc1c(C2=C(N=O)Sc3ccccc3N2)cnn1-c1ccccc1,'=',nM,1830.0
Cc1c(-c2nc3ccccc3nc2N=O)cnn1-c1ccccc1,'=',nM,6600.0
Cc1c(C(=O)c2conc2C(=O)c2cnn(-c3ccccc3)c2C)cnn1-c1ccccc1,'=',nM,4500.0
Cc1ccc(-c2nnc(-c3cnn(-c4ccccc4)c3C)c3nocc23)cc1,'=',nM,1280.0
CCOC1(c2ccc(O)c(O)c2)Oc2ccc(CCO)cc2OC1O,'=',nM,6040.0
Cc1c(CC(=O)NC(C)C)cc(-c2ccc(S(C)(=O)=O)cc2)n1-c1cccc(F)c1,'=',nM,7000.0
O=C1CSC(N2N=C(c3ccc(Cl)c(Cl)c3)CC2c2ccc(Br)cc2)=N1,'=',nM,7600.0
NS(=O)(=O)c1ccc(N2N=C(C(F)(F)F)CC2c2ccc3c(c2)OCO3)cc1,'=',nM,15.0
O=S(=O)(c1ccccc1)N1N=C(C(F)(F)F)CC1c1cccc2c1OCCO2,'=',nM,27090.0
COc1cc(/C=C/C(=O)c2ccc(Nc3nc(N4CCOCC4)nc(N4CCOCC4)n3)cc2)cc(OC)c1OC,'=',nM,870.0
COC(=O)CC1N(C(=O)Nc2nnc(C)s2)C(=O)c2ccccc2S1(=O)=O,'=',nM,799900.0
COC(=O)CC1NC(=O)c2ccccc2S1(=O)=O,'=',nM,275800.0
COC(=O)CC1N(C(=O)Nc2ncc(C)s2)C(=O)c2ccccc2S1(=O)=O,'=',nM,194000.0
CCOC(OCC)c1ccc(/C=C2\CN(C)C/C(=C\c3ccc(C(OCC)OCC)cc3)C2=O)cc1,'=',nM,38210.0
O=S(=O)(Nc1ccncc1Nc1cccc(Br)c1)C(F)(F)F,'=',nM,120.0
O=S(=O)(c1ccccc1)N1N=C(C(F)(F)F)CC1c1ccc2c(c1)OCCO2,'=',nM,1970.0
NS(=O)(=O)c1ccc(N2CCN=C2c2ccc(F)c(F)c2)cc1,'=',nM,6700.0
CCN(CC)C(=O)/C=C/c1c(/C=C/c2ccc(OC)cc2)cc(OC)cc1OC,'=',nM,4670.0
CCc1ccc(-n2cc(CNC(=O)C(=O)c3cc4ccccc4[nH]3)nn2)cc1,'=',nM,120.0
CCC1SCC(=O)N1c1c(C#N)c2n(c1C(=O)Nc1ccccc1)CCC2,'=',nM,10790.0
CCC1SCC(=O)N1c1c(C#N)c2n(c1C(=O)Nc1ccc(Cl)cc1)CCC2,'=',nM,1150.0
CCO/C=N/c1nnc(-c2ccccc2)o1,'=',nM,110.0
COc1ccccc1-c1csc(Nc2ccc3c(c2)OCO3)n1,'=',nM,930.0
CCCCCCCC(=C(c1ccccc1)c1ccccc1)c1ccc(S(C)(=O)=O)cc1,'=',nM,150.0
CCCC/C(=C(\c1ccccc1)c1ccc(N=[N+]=[N-])cc1)c1ccccc1,'=',nM,1000.0
C/C(=C(\c1ccccc1)c1ccc(NS(C)(=O)=O)cc1)c1ccccc1,'=',nM,33100.0
Cc1nn(-c2ccccc2)c(Cl)c1/C=N/Nc1nc2ccccc2[nH]c1=O,'=',nM,32000.0
C/C(=N\Nc1nc(-c2ccc(Cl)cc2)cs1)c1nnn(-c2ccc(C(=O)O)cc2)c1C,'=',nM,70.0
Fc1cccc(COc2nc3ccccc3s2)c1,'=',nM,280.0
CC(C(=O)O)c1ccc(C[C@@H]2CCC[C@@H]2O)cc1Br,'=',nM,34000.0
CC(=O)NCc1cc(-n2nc(C(F)(F)F)cc2-c2ccc(C)cc2)ccc1S(N)(=O)=O,'=',nM,6850.0
CS(=O)(=O)c1ccc(-n2nc(C(F)(F)F)cc2C2=CCN(CCCCO[N+](=O)[O-])CC2)cc1,'=',nM,12800.0
Cc1nc(C)c(CN2CCN(C(=O)c3cc4cc(Cl)ccc4n3Cc3ccc(Cl)cc3)CC2)nc1C,'=',nM,21.86
COc1ccc2cc([C@H](C)C(=O)OCCn3c4ccccc4c(=O)c4ccccc43)ccc2c1,'=',nM,6800.0
CCCCn1c(C)c2c(c1C)C(=O)N(CN1CCN(c3ccccc3F)CC1)C2=O,'=',nM,44000.0
NS(=O)(=O)c1ccc(-c2nnnn2-c2ccc(CCO)cc2)cc1,'=',nM,99000.0
NS(=O)(=O)c1ccc(-c2nnnn2-c2ccc(CO)cc2)cc1,'=',nM,24000.0
CC1=NN(c2ccccc2)C(=O)/C1=N/Nc1cccc(-c2nc3ccccc3s2)c1,'=',nM,100.0
C=C1c2nc3ccccc3n2CC(c2ccc(S(C)(=O)=O)cc2)N1c1cc(OC)c(OC)c(OC)c1,'=',nM,110.0
Cc1cc(-c2ccccc2)n(-c2nc3c(cnn3-c3ccccc3)c(=O)n2-c2ccccc2)n1,'=',nM,870.0
CC/C=N/c1c(C#N)c2n(c1C(=O)Nc1ccccc1)CCC2,'=',nM,52970.0
COc1ccc2cc(CCS(C)(=O)=O)ccc2c1,'=',nM,10000.0
CC(C(=O)O)c1ccc(OC2CCCC2)cc1F,'=',nM,26300.0
Cc1c(Cl)cc2c(c1C)OC(C(F)(F)F)C(C(=O)O)=C2,'=',nM,120.0
c1ccc(Oc2ccc(OCCN3CCCC3)cc2)nc1,'=',nM,34400.0
C/C(=N\NC(N)=S)c1nnn(-c2ccc(Cl)cc2)c1C,'=',nM,240.0
Cc1c(C(=O)NCCc2ccccc2)nc2ccc(Cl)cc2c1O,'=',nM,2540.0
Cc1csc(NC(=O)N2C(=O)c3ccccc3S(=O)(=O)C2C)n1,'=',nM,291800.0
Cc1cccc(NC(=O)N2C(=O)c3ccccc3S(=O)(=O)C2C)n1,'=',nM,494900.0
CCCCOc1nc(-c2ccc(F)cc2)c(-c2ccc(S(C)(=O)=O)cc2)cc1CO,'=',nM,49.0
CC(C)CN(C)c1cc2c(cc1Cl)C=C(C(=O)O)[C@H](C(F)(F)F)O2,'=',nM,85.0
CC(C)CN(C)c1cc2c(cc1Cl)C=C(C(=O)O)[C@@H](C(F)(F)F)O2,'=',nM,870.0
O=C(NCCc1c[nH]c2ccccc12)c1ccccc1Nc1ccc(Cl)cc1,'=',nM,3980.0
COc1cc(Nc2ccccc2C(=O)NCCc2c[nH]c3ccccc23)cc(OC)c1OC,'=',nM,8290.0
COc1ccc(-c2nc3cc(NC(=O)c4cccc(Cl)c4)ccc3o2)cc1OC,'=',nM,1390.0
CC(C)(C)c1cc(-c2nnc(N=C(N)N)s2)cc(C(C)(C)C)c1O,'=',nM,17000.0
CS(=O)(=O)c1ccc(Cc2nnnn2-c2ccc(CO)cc2)cc1,'=',nM,38000.0
Cc1nc(-c2ccc(S(N)(=O)=O)cc2)c(-c2ccccc2)s1,'=',nM,29.0
CCCCc1cc(S(F)(F)(F)(F)F)cc2c1OC(C(F)(F)F)C(C(=O)O)=C2,'=',nM,190.0
CN(C)/C=C/C(=O)c1ccc(Nc2nc(N3CCOCC3)nc(N3CCOCC3)n2)cc1,'=',nM,550.0
COc1cc(C2CC(c3ccc(Nc4nc(N5CCCCC5)nc(N5CCCCC5)n4)cc3)=NN2C(C)=O)cc(OC)c1OC,'=',nM,690.0
CC(=O)c1ccc(Nc2nc(N3CCCCC3)nc(N3CCCCC3)n2)cc1,'=',nM,2410.0
CS(=O)(=O)c1ccc(C2=C(c3cc(Cl)ccn3)C(=O)CC2)cc1,'=',nM,190.0
CC1(C)OC(=O)C(Nc2ccccc2)=C1c1ccc(S(C)(=O)=O)cc1,'=',nM,500.0
CS(=O)(=O)c1ccc(-c2cc(O)ccc2-c2ccccc2)cc1,'=',nM,147000.0
CCC(C(=O)N1CCN(c2ccccc2)CC1)n1sc2nc(C)cc(C)c2c1=O,'=',nM,343600.0
O=C(O)C1=Cc2cc(Cl)cc(C#Cc3ccccc3)c2OC1C(F)(F)F,'=',nM,140.0
COc1ccc(-n2nc(C(=O)CCCO[N+](=O)[O-])cc2-c2ccc(S(C)(=O)=O)cc2)cc1,'=',nM,2500.0
NS(=O)(=O)c1ccc(-n2nc3ccccc3c2-c2ccc([18F])cc2)cc1,'=',nM,400.0
Cc1ccc(-c2c(-c3ccc(S(C)(=O)=O)cc3)cn3c2CCC3)cc1,'=',nM,5.0
CCC(=C(c1ccccc1)c1ccccc1)c1ccc(S(C)(=O)=O)cc1,'=',nM,1200.0
N#Cc1c(-c2ccc(Cl)cc2)csc1NC(=O)CN1CCOCC1,'=',nM,5450.0
CC1=NN(c2ccccc2C(=O)O)C(=O)/C1=N/Nc1ccc(S(N)(=O)=O)cc1,'=',nM,720.0
CSc1nn(-c2ccc(S(C)(=O)=O)cc2)c2ncnc(NCC(=O)/N=C/c3ccco3)c12,'=',nM,100.0
CN1C(O)=C(C(=O)Nc2ccc(Cl)cc2)c2cc(Cl)ccc2S1(=O)=O,'=',nM,64.0
NS(=O)(=O)c1ccc(N2N=C(c3ccco3)CC2c2ccccc2)cc1,'=',nM,3890.0
CC1(O)OC(=O)C(c2ccc(F)c(F)c2)=C1c1ccc(S(C)(=O)=O)cc1,'=',nM,200.0
NS(=O)(=O)c1ccc(NN2C(=O)CSC2c2ccccc2)cc1,'=',nM,78200.0
COc1ccc2c(c1)c(CC(=O)NCC(C)(C)CO[N+](=O)[O-])c(C)n2C(=O)c1ccc(Cl)cc1,'=',nM,1200.0
CC1(C)OC(=O)C(Oc2ncccc2Cl)=C1c1ccc(S(C)(=O)=O)cc1,'=',nM,90.0
Clc1ccccc1-c1csc(Nc2ccc3c(c2)OCO3)n1,'=',nM,910.0
COc1ccc(-c2csc(Nc3ccc(C)cc3)n2)cc1,'=',nM,810.0
COc1ccc(Nc2nc(-c3ccc(OC)cc3)cs2)cc1,'=',nM,1370.0
CCOc1ccc(-c2cc(C(=O)OCCCN3CCOCC3)nn2-c2ccc(S(N)(=O)=O)cc2)cc1,'=',nM,7640.0
C(=N/Nc1nnc(-c2ccncc2)o1)\c1ccccc1,'=',nM,430.0
NS(=O)(=O)c1ccc(-n2nc(C(F)(F)F)cc2-c2cccc(F)c2)cc1,'=',nM,7730.0
CS(=O)(=O)c1ccc(-c2ccc([N+](=O)[O-])cc2-c2ccccc2)cc1,'=',nM,44000.0
COC1(c2cc(-c3ccc(S(C)(=O)=O)cc3)n(-c3ccc(C)cc3)n2)CCCO1,'=',nM,1200.0
CNc1nnc(-c2cc(C(C)(C)C)c(O)c(C(C)(C)C)c2)s1,'=',nM,9600.0
CS(=O)(=O)Nc1ccc(-c2cc(C(F)(F)F)nn2-c2ccc(F)cc2)cc1,'=',nM,760.0
Cc1csc2nc(-c3ccccc3)c(-c3ccc(S(C)(=O)=O)cc3)n12,'=',nM,3000.0
Cc1ccc(-n2c(-c3ccc(S(N)(=O)=O)cc3)c(C)oc2=O)cc1,'=',nM,1700.0
Cc1cc(-c2ccc(NS(C)(=O)=O)cc2)n(-c2ccc(Br)cc2)n1,'=',nM,770.0
CCS(=O)(=O)Nc1ccncc1Oc1ccccc1,'=',nM,14110.0
C[C@H](C(=O)O)c1ccc2c3cc(Cl)ccc3n(C(=O)c3cocn3)c2c1,'=',nM,2500.0
CS(=O)(=O)c1ccc2c(c1)c1c(n2S(=O)(=O)c2ccc(Cl)cc2)CCCC1,'=',nM,340.0
CS(=O)(=O)c1ccc2c(c1)c1c(n2C(=O)c2ccc(Cl)cc2)CCCC1,'=',nM,810.0
O=C(NCCOc1nc(Cl)nc(Nc2ccc(N3CCOCC3=O)cc2)n1)C1CCCN1C(=O)OCc1ccccc1,'=',nM,6000.0
CC(C(=O)[O-])c1ccc(CC2CCCC2=O)cc1[N+](=O)[O-].[Na+],'=',nM,49000.0
C=CCOc1c(OC)cc2oc(C)cc(=O)c2c1O,'=',nM,18010.0
N.O=C(O)c1cc(-c2ccc(CNc3ccc(Br)cc3)o2)ccc1O,'=',nM,35000.0
Cc1ccc(NC(=O)c2c(N=Cc3cccnc3)c(C#N)c3n2CCC3)cc1,'=',nM,160.0
CCOc1ccc(-c2cc(C(=O)OCCN3CCOCC3)nn2-c2ccc(S(N)(=O)=O)cc2)cc1,'=',nM,1110.0
CC(C)Cc1ccc([C@H](C)C(=O)O)cc1,'=',nM,730.0
Cc1ccc(-n2cc(COc3ccc(/C=C4\SC(=S)NC4=O)cc3)nn2)cc1,'=',nM,410.0
O=C(N[C@@H](CS)C(=O)N[C@@H](CO)C(=O)O)c1ccc(F)cc1,'=',nM,15000.0
O=C(O)C[C@H](NC(=O)[C@H](CS)NC(=O)c1ccc(F)cc1)C(=O)O,'=',nM,14000.0
COc1ccc(-c2cc(C(=O)N3CCOCC3)nn2-c2ccc(S(N)(=O)=O)cc2)cc1,'=',nM,2010.0
COCc1cccc(-c2nc(C(F)(F)F)cn2-c2ccc(S(C)(=O)=O)cc2)c1,'=',nM,68100.0
N#Cc1c(N=Cc2cccs2)c(C(=O)Nc2ccc(Cl)cc2)n2c1CCC2,'=',nM,360.0
Cc1cccc(C2CC(c3ccc(C)c(C)c3)=NN2C2=NC(=O)CS2)c1,'=',nM,2700.0
Cc1ccc(C2=NN(C3=NC(=O)CS3)C(c3ccccc3)C2)cc1C,'=',nM,500.0
O=C1NC(=S)S/C1=C\c1ccc(OCc2cn(CC(=O)c3ccc(Br)cc3)nn2)cc1,'=',nM,110.0
Cc1ccc(-c2cc(C(=O)N3CCSCC3)nn2-c2ccc(S(N)(=O)=O)cc2)cc1,'=',nM,890.0
Cc1ccccc1-c1cc(C)n(S(=O)(=O)Oc2ccccc2)n1,'=',nM,11130.0
COc1ccc2c(c1)c(CC(=O)Oc1ccc(CCO)cc1)c(C)n2C(=O)c1ccc(Cl)cc1,'=',nM,4600.0
COC(=O)CNC(=O)[C@@H](Cc1c[nH]c2ccccc12)NC(=O)C(=O)c1cn(S(=O)(=O)c2ccc(C)cc2)c2ccccc12,'=',nM,10310.0
COC(=O)CNC(=O)CNC(=O)C(=O)c1cn(S(=O)(=O)c2ccc(C)cc2)c2ccccc12,'=',nM,10340.0
COc1c(O)cc(O)c2c(=O)cc(-c3ccccc3)oc12,'=',nM,46000.0
CC[C@H](C)[C@H](Nc1nc(Cl)nc(Nc2ccc(N3CCOCC3=O)cc2)n1)C(=O)OC,'=',nM,6000.0
CC(C(=O)O)c1ccc(OC2CCCC2=O)cc1F,'=',nM,24100.0
COc1ccc(/C=C/c2cc(OC)cc(OC)c2/C=C/C(=O)N2CC(C)CC(C)C2)cc1,'=',nM,1980.0
CC1(C)C(=O)C(c2ccc(F)cc2)=C1c1ccc(S(C)(=O)=O)cc1,'=',nM,5.0
COc1ccc(/N=N/c2ccc(S(N)(=O)=O)cc2)cc1OC,'=',nM,4280.0
CCCCNC(=O)/C=C/c1c(/C=C/c2ccc(OC)cc2)cc(OC)cc1OC,'=',nM,1020.0
Cc1ccc(-c2nn3ncccc3c2-c2ccc(S(C)(=O)=O)cc2)cc1,'=',nM,17.0
N#Cc1c(N=Cc2ccco2)c(C(=O)Nc2ccc(Cl)cc2)n2c1CCC2,'=',nM,450.0
CC(C)Oc1ccc(-c2ccc(/C(=C\c3ccc(S(C)(=O)=O)cc3)C(=O)O)cc2)cc1,'=',nM,320.0
CCCCC(=C(c1ccccc1)c1ccccc1)c1ccccc1,'=',nM,7900.0
CC1(C)C(=O)C(c2ccccc2)=C1c1ccc(S(C)(=O)=O)cc1,'=',nM,2.8
CS(=O)(=O)c1ccc(-c2[nH]c(S(C)(=O)=O)nc2-c2ccc(Cl)cc2)cc1,'=',nM,310.0
COc1ccc(NC(=O)C(C)Oc2cc(=O)oc3ccccc23)cc1,'=',nM,38710.0
CC(Oc1cc(=O)oc2ccccc12)C(=O)N1CCCC1,'=',nM,0.0
O=C(CSc1nnc(-c2ccncc2)o1)N/N=C/c1ccc([N+](=O)[O-])cc1,'=',nM,38.0
CS(=O)(=O)c1ccc(C2=C(c3ccc(F)c(F)c3)C(=O)N(c3ccccc3)C2)cc1,'=',nM,1000.0
Cc1ccc(-c2c(Cl)c(CO[N+](=O)[O-])nn2-c2ccc(S(N)(=O)=O)cc2)cc1,'=',nM,280.0
Cc1ccc(-c2cc(CCl)nn2-c2ccc(S(N)(=O)=O)cc2)cc1,'=',nM,970.0
CS(=O)(=O)Nc1cc2c(cc1Sc1cccc(F)c1F)C(=O)CC2,'=',nM,50.0
CS(=O)(=O)c1ccc(C(=O)/C=C/c2ccc(Cl)c(Cl)c2)cc1,'=',nM,180.0
COc1ccc(C2=NN(C(N)=O)C(c3cn(-c4ccccc4)nc3-c3ccccc3)C2)cc1,'=',nM,1090.0
COc1ccc(C2=NN(C(N)=O)C(c3cn(-c4ccccc4)nc3-c3ccc(F)cc3)C2)cc1,'=',nM,1090.0
CCCCNc1cc(-c2n[nH]c(=S)o2)cc(S(N)(=O)=O)c1Oc1ccccc1,'=',nM,5730.0
C=CCn1c(-c2ccc(C)cc2)cs/c1=N\NC(=O)c1cc(NCCCC)c(Oc2ccccc2)c(S(N)(=O)=O)c1,'=',nM,1520.0
CS(=O)(=O)c1ccc(-c2nn(-c3ccc(S(N)(=O)=O)cc3)cc2C=O)cc1,'=',nM,17.0
NS(=O)(=O)c1ccc(-n2cc(-c3ccc(C(F)(F)F)cc3)nn2)cc1,'=',nM,3324.0
NS(=O)(=O)c1ccc(C(=O)OCCn2cc(-c3ccc(C(F)(F)F)cc3)nn2)cc1,'=',nM,131.0
CC1=NN(c2ccc(S(N)(=O)=O)cc2)C(=O)/C1=C\c1c[nH]c2ccccc12,'=',nM,150.0
CC1=NN(c2ccc(S(N)(=O)=O)cc2)C(=O)/C1=C\c1cccc(OCc2ccccc2)c1,'=',nM,150.0
Cc1c(/C=N\O)cc(-c2ccc(S(C)(=O)=O)cc2)n1-c1ccc(F)c(F)c1,'=',nM,17300.0
CCCc1cc(OC(F)(F)F)cc2c1O[C@@H](C(F)(F)F)C(C(=O)O)=C2,'=',nM,1700.0
COc1ccc([C@H]2C(CN3CCN(c4ccc(OC)cc4)CC3)=NO[C@@H]3CCCC[C@H]23)cc1,'=',nM,1700.0
CS(=O)(=O)c1ccc(C2=NN(c3ccc(C(=O)O)cc3)C(c3ccc(F)cc3)C2)cc1,'=',nM,2840.0
O=[N+]([O-])c1ccc(-n2cc(CSc3nc4ccccc4o3)nn2)cc1,'=',nM,9870.0
c1ccc(-n2cc(CSc3nc4ccccc4o3)nn2)cc1,'=',nM,6420.0
Cc1ccccc1-n1cc(CSc2nc3ccccc3o2)nn1,'=',nM,4680.0
CC1(C)CC(c2ccc(Cl)cc2)C(CN2CCC(c3noc4cc(F)ccc34)CC2)=NO1,'=',nM,4100.0
Fc1ccc(-n2cc(CSc3nc4ccccc4o3)nn2)cc1,'=',nM,5210.0
CCOc1ccc(-n2cc(CSc3nc4ccccc4o3)nn2)cc1,'=',nM,3500.0
Cc1ccc(-c2cc(C(=O)N/N=C/c3c(Cl)c4ccccc4oc3=O)nn2-c2ccc(S(N)(=O)=O)cc2)c(C)c1,'=',nM,7130.0
COc1cccc(-c2cc(COC(=O)COc3cc(O)c4c(=O)cc(-c5ccccc5)oc4c3)nn2-c2ccccc2)c1,'=',nM,1210.0
O=C(c1cc2cc(Cl)ccc2n1Cc1ccc(F)cc1)N1CCN(c2ccccc2)CC1,'=',nM,23.21
O=C(c1cc2ccccc2n1Cc1ccc(F)cc1)N1CCN(c2ncccn2)CC1,'=',nM,92.54
COc1cc(NC(=O)c2ccccc2Nc2cccc(Cl)c2C)cc(OC)c1OC,'=',nM,117440.0
CC1=c2c(OCc3nnc(SCC(=O)N4CCN(c5ncccn5)CC4)o3)nn(C)c(=O)c2=C(C)C1c1ccccc1,'=',nM,6800.0
CCCc1ccc(/C=C2\S/C(=N/c3nnc(C)s3)NC2=O)cc1,'=',nM,100.0
Cc1nnc(/N=C2\NC(=O)/C(=C/c3ccsc3)S2)s1,'=',nM,250.0
N#Cc1ccc(-c2nc(N3CCOCC3)sc2C(=O)c2cccs2)cc1,'=',nM,90.0
CCOP(=O)(OCC)C(NC(=O)c1cc(-c2cccc(F)c2)n(-c2ccc(S(N)(=O)=O)cc2)n1)c1ccccc1,'=',nM,280.0
COc1c(-c2cc(C(F)(F)F)nn2-c2ccc(S(N)(=O)=O)cc2)c(O)c(OC)c2occc12,'=',nM,520.0
CC(=O)Oc1ccccc1C(=O)OCCCCO[N+](=O)[O-],'=',nM,45000.0
CC(C(=O)O)c1ccc(NC2CCCC2)cc1F,'=',nM,21300.0
NS(=O)(=O)c1ccc(N2N=C(C(=O)O)CC2c2cccs2)cc1,'=',nM,1840.0
Cc1cc2c(c(C)c1Cl)C=C(C(=O)O)[C@@H](C(F)(F)F)O2,'=',nM,46.0
Cc1c(CC(=O)OC(C)C)cc(-c2ccc(S(C)(=O)=O)cc2)n1-c1ccccc1,'=',nM,2500.0
COc1c(C(C)(C)C)cc(-c2nnc(S)s2)cc1C(C)(C)C,'=',nM,1500.0
CS(=O)(=O)c1ccc(/C=C(\c2ccccc2)c2ccc(F)c(F)c2)cc1,'=',nM,970.0
CSc1nc2ccccc2n1-c1csc(NCC(C)=O)n1,'=',nM,69.0
CCOc1ccc(-c2cc(C(=O)N/N=C/c3c(Cl)c4ccccc4oc3=O)nn2-c2ccc(S(N)(=O)=O)cc2)cc1,'=',nM,8830.0
COc1ccc2c(c1)c(CC(=O)Nc1ccc(-c3ccccc3)cc1)c(C)n2C(=O)c1ccc(Cl)cc1,'=',nM,500.0
COC(=O)[C@H](Cc1ccc(O)cc1)n1cc(COc2nc(Cl)nc(N3CCOCC3)n2)nn1,'=',nM,3000.0
COc1ccc2c(c1)c(CC(=O)Oc1ccc(F)cc1)c(C)n2C(=O)c1ccc(Cl)cc1,'=',nM,75.0
COc1cc(/C=N/c2ccc(S(N)(=O)=O)cc2)cc(OC)c1OC,'=',nM,2930.0
CS(=O)(=O)c1ccc(-c2nc(C(F)(F)F)cn2-c2ccc(F)cc2)cc1,'=',nM,5850.0
Clc1ccc(/C=N/c2nnc(-c3ccccc3)o2)cc1,'=',nM,300.0
CS(=O)(=O)c1ccc2c(c1)c1c(n2Cc2ccc(Cl)cc2)CCCC1,'=',nM,280.0
Cc1ccc(-c2cc(C(F)F)nn2-c2ccc(S(N)(=O)=O)cc2)o1,'=',nM,3290.0
CCCC/C(=C(\c1ccccc1)c1ccc(NS(C)(=O)=O)cc1)c1ccccc1,'=',nM,320.0
COc1ccc(/C=C/c2cc(OC)cc(OC)c2/C=C/C(=O)N2CCCC(C)C2)cc1,'=',nM,7090.0
CS(=O)(=O)c1ccc(-c2cnn(Cc3ccccc3)c(=O)c2OCC2CC2)cc1,'=',nM,3.0
CS(=O)(=O)c1ccc(-c2ccccc2-c2ccccc2)cc1,'=',nM,11000.0
CCc1cccc(-c2ccc(C(C)C(=O)O)cc2)c1,'=',nM,2400.0
COc1ccc(C2SCC(=O)N2CCN2C(=O)CSC2c2ccc(OC)cc2)cc1,'=',nM,1120.0
CS(=O)(=O)c1ccc(-c2ccccc2-c2cccnc2)cc1,'=',nM,87000.0
C=CCN(CC=C)C(=O)/C=C/c1c(/C=C/c2ccc(OC)cc2)cc(OC)cc1OC,'=',nM,8010.0
CCCCCCCCNC(=O)/C=C/c1c(/C=C/c2ccc(OC)cc2)cc(OC)cc1OC,'=',nM,20090.0
COc1ccc2c(c1)c(Cc1nc(-c3cccc(Br)c3)cs1)c(C)n2C(=O)c1ccc(Cl)cc1,'=',nM,8.0
NS(=O)(=O)c1ccc(N2N=C(c3ccc(N4CCOCC4)cc3)CC2c2ccc(F)cc2F)cc1,'=',nM,80.0
Cc1cc(C)c2c(=O)n(CCCC(=O)O)sc2n1,'=',nM,269153.48
Cc1c(CC(=O)NCCO[N+](=O)[O-])cc(-c2ccc(S(C)(=O)=O)cc2)n1-c1ccc(F)cc1,'=',nM,1700.0
Cc1ccc(N2C(=O)CS/C2=N\N=C/c2cn(-c3ccc(S(=O)(=O)/N=C/N(C)C)cc3)nc2-c2ccccc2)cc1,'=',nM,1160.0
NCCOc1nc(Cl)nc(Nc2ccc(N3CCOCC3=O)cc2)n1,'=',nM,90000.0
CS(=O)(=O)c1ccc(-c2[nH]c3ccc(Cl)cc3c2-c2cccc(Cl)c2)cc1,'=',nM,0.8
O=c1c2ccccc2[se]n1-c1ccccc1,'=',nM,0.0
CC/C=C/C/C=C/C/C=C/C/C=C/CCSCCCC(=O)O,'=',nM,120000.0
O=C1c2ccccc2-n2c1nc1ccccc1c2=O,'=',nM,64.0
O=C(c1ccccc1)n1cc(/C=N/c2ccc(C(F)(F)F)cc2)c2ccccc21,'=',nM,320.0
Cc1cccc(Nc2cnccc2NS(=O)(=O)C(F)(F)F)c1,'=',nM,450.0
COc1ccc(CNC(=O)c2ccccc2Nc2ccccc2)cc1,'=',nM,17430.0
Cc1c(Cl)cccc1Nc1ccccc1C(=O)Nc1ccc2c(c1)OCO2,'=',nM,45010.0
COc1ccc(-c2cc(-c3ccccc3)c(-c3ccc(S(C)(=O)=O)cc3)c(=O)o2)cc1,'=',nM,20.0
O=C1COCCN1c1ccc(Nc2nc(Cl)nc(N3CCN(c4ccccc4)CC3)n2)cc1,'=',nM,100000.0
Cc1ccc(Nc2nc(Cl)nc(Nc3ccc(N4CCOCC4=O)cc3)n2)cc1,'=',nM,70000.0
O=C1COCCN1c1ccc(Nc2nc(Cl)nc(Nc3ccc(Br)cc3)n2)cc1,'=',nM,500.0
N#Cc1c(N=Cc2ccc3ccccc3c2)c(C(=O)Nc2ccccc2)n2c1CCC2,'=',nM,520.0
O=C(NCCc1c[nH]c2ccc(Cl)cc12)c1ccccc1Nc1ccccc1,'=',nM,1340.0
CS(=O)(=O)c1ccc(-n2nccc2-c2ccc(Nc3nc(N4CCOCC4)nc(N4CCOCC4)n3)cc2)cc1,'=',nM,740.0
CC1=NN(C(=O)c2ccccc2O)C(=O)C1,'=',nM,151.4
Nc1ccc(-n2c(-c3ccc(Cl)cc3)nc3ccccc32)cc1,'=',nM,193000.0
CC(C(=O)O)c1ccc(-c2ccccc2)cc1,'=',nM,21.0
CC1NC(=O)c2ccccc2S1(=O)=O,'=',nM,423900.0
NS(=O)(=O)c1ccc(-n2nc(NC(=O)NC34CC5CC(CC(C5)C3)C4)cc2-c2ccccc2)cc1,'=',nM,1850.0
NS(=O)(=O)c1ccc(-n2nc(C(=O)NC3CCCCC3)cc2-c2ccccc2)cc1,'=',nM,2480.0
CSc1nc2ccccc2n1Cc1nnc2n1N=C(c1ccc(C)cc1)CS2,'=',nM,250.0
CCc1ccc2c(CC(=O)O)c(C(=O)c3cc(C)ccn3)[nH]c2c1,'=',nM,414.0
Cc1ccnc(C(=O)c2[nH]c3ccc(C(C)(C)C)cc3c2CC(=O)O)c1,'=',nM,41.5
CCOc1cnc(C(=O)c2[nH]c3cc(Cl)ccc3c2CC(=O)O)cc1CC,'=',nM,598.0
Cc1cc(-c2ccccn2)nn1S(=O)(=O)Oc1ccccc1,'=',nM,100.0
COc1ccc(Nc2ccccc2C(=O)NCCc2c[nH]c3ccccc23)cc1,'=',nM,6210.0
Cc1ccc(/N=C/c2cn(Cc3ccccc3)c3ccccc23)cc1,'=',nM,17500.0
Clc1ccc(-c2cc(-c3cn(-c4ccccc4)nc3-c3ccc(OCc4ccccc4)cc3)on2)cc1,'=',nM,1250.0
COc1ccc(-c2nc(C(=O)N3CCN(C)CC3)sc2-c2ccc(OC)cc2)cc1,'=',nM,65000.0
Cc1c(C(N)C(=O)OCCCO[N+](=O)[O-])cc(-c2ccc(S(C)(=O)=O)cc2)n1-c1ccc(F)cc1,'=',nM,820.0
CCCCOc1nc(OCC(C)(C)O)c(-c2ccc(S(C)(=O)=O)cc2)cc1C(C)O,'=',nM,2340.0
CCCCOc1nc(OCC(C)(C)O)c(-c2ccc(S(C)(=O)=O)cc2)cc1COCCO,'=',nM,540.0
Cc1ccc(-c2cc(C(=O)NCCCCCCC(=O)NO)nn2-c2ccc(S(C)(=O)=O)cc2)cc1,'=',nM,4440.0
C=C(C)[C@@H]1CC[C@]2(C)CC[C@]3(C)[C@H](CCC4[C@@]5(C)[C@H](O)C[C@H](OC(C)=O)C(C)(C)[C@@H]5CC[C@]43C)[C@@H]12,'=',nM,540000.0
Cc1c(C(=O)N2CCNCC2)nc2ccc(Cl)cc2c1O,'=',nM,2810.0
Cc1c(CC(=O)N[C@H](CO)C(=O)O)cc(-c2ccc(S(C)(=O)=O)cc2)n1-c1cccc(F)c1,'=',nM,57.0
Cc1c(CC(=O)OCCCO)cc(-c2ccc(S(C)(=O)=O)cc2)n1-c1cccc(F)c1,'=',nM,23.0
Cc1c(CCOCCCO[N+](=O)[O-])cc(-c2ccc(S(C)(=O)=O)cc2)n1-c1cccc(F)c1,'=',nM,430.0
CC(C(=O)O)c1cccc(C(=O)c2ccccc2)c1,'=',nM,690.0
CS(=O)(=O)Nn1c(Sc2cc([N+](=O)[O-])cc([N+](=O)[O-])c2)nc2sc(-c3ccccc3)cc2c1=O,'=',nM,3400.0
CS(=O)(=O)c1ccc(C#Cc2ccc(=O)n(C(F)F)c2)cc1,'=',nM,5100.0
CC(C)=CCc1c(-c2ccc(O)cc2O)oc2c3c(cc(O)c2c1=O)OC(C)(C)C=C3,'=',nM,100000.0
CC(=O)OC(C)O/N=[N+](/[O-])c1ccc(-c2cc(C(F)(F)F)nn2-c2ccc(S(N)(=O)=O)cc2)cc1,'=',nM,3300.0
Oc1ccc([C@H]2Oc3ccc(/C=C/c4cc(O)cc(O)c4)cc3[C@@H]2c2cc(O)cc(O)c2)cc1,'=',nM,3700.0
Nc1nc(-c2ccc(Cl)cc2)cc(-c2cn(-c3ccccc3)nc2-c2ccc(OCc3ccccc3)cc2)n1,'=',nM,3990.0
O=C(O)C1=Cc2ccc(Cl)c(Cl)c2OC1C(F)(F)F,'=',nM,300000.0
Cc1cc(OC(F)(F)F)cc2c1O[C@@H](C(F)(F)F)C(C(=O)O)=C2,'=',nM,100000.0
Brc1ccc(-c2nnc(CSc3nnc(-c4ccncc4)o3)o2)cc1,'=',nM,53.0
O=[N+]([O-])c1ccc(/C=N/c2nnc(-c3cccnc3)o2)cc1,'=',nM,210.0
O=[N+]([O-])c1ccc(/C=N/c2nnc(-c3ccccc3)o2)cc1,'=',nM,94.0
C[C@H](C(=O)O)c1cccc(C(=O)c2ccccc2)c1,'=',nM,230.0
O=c1c2ccccc2oc2c(O)c(O)ccc12,'=',nM,1890.0
CC(C)C[C@H](NC(=O)CNC(=O)[C@@H](NC(=O)OCc1ccccc1)C(C)C)C(=O)N[C@@H](C)C(=O)O,'=',nM,50.0
O=C(O)CNC(=O)CNC(=O)OCc1ccccc1,'=',nM,2000.0
Nc1n[nH]c(/N=C2/C(=O)Nc3ccc(S(=O)(=O)N4CCCC4)cc32)c1/N=N/c1ccc(O)cc1,'=',nM,36550.0
Cc1c(C=O)cc(-c2ccc(S(C)(=O)=O)cc2)n1-c1ccc(F)c(F)c1,'=',nM,14800.0
Cc1cc(C)n2nc(N)c(/N=N/c3ccc(O)cc3)c2n1,'=',nM,46330.0
COC(=O)c1ccc(/C=N/c2ccc(S(N)(=O)=O)cc2)cc1,'=',nM,2730.0
CN(C)c1ccc(/C=N/c2ccc(S(N)(=O)=O)cc2)cc1,'=',nM,3360.0
COc1cc(/C=C/C(O)=C/C(=O)/C=C/c2ccc(O)cc2)ccc1O,'=',nM,21360.0
COc1cc(/C=C/c2cc(/C=C/c3ccc(O)c(OC)c3)[nH]n2)ccc1O,'=',nM,9700.0
CSc1ccc(/C=C2/C(C)=C(CC(=O)O)c3cc(F)ccc32)cc1,'=',nM,100.0
CN(C)c1ccc(/C=N/NC(=O)c2cnn(-c3ccc(S(N)(=O)=O)cc3)c2N)cc1,'=',nM,80.0
Nc1c(C(=O)N/N=C/c2cccs2)cnn1-c1ccc(S(N)(=O)=O)cc1,'=',nM,60.0
COc1cc(/C=N/c2ccc(S(N)(=O)=O)cc2)cc(OC)c1,'=',nM,3400.0
CC(C)(C)c1cc(/C=C2\OC(=O)NC2=O)cc(C(C)(C)C)c1O,'=',nM,34000.0
[11CH3]Oc1ccc(-c2cc(C(F)(F)F)nn2-c2ccc(S(N)(=O)=O)cc2)cc1,'=',nM,8.0
CS(=O)(=O)c1ccc(-c2cc(C(F)(F)F)nc(NCc3ccc([18F])cc3)n2)cc1,'=',nM,40.0
O=C(O)C1=Cc2cc(S(F)(F)(F)(F)F)ccc2OC1C(F)(F)F,'=',nM,18.0
COc1ccccc1/C=C/C1=NN(c2ccc(F)cc2)C(=O)CC1,'=',nM,48.79
Cc1cccc(/C=C/C2=NN(c3ccc(F)cc3)C(=O)CC2)c1,'=',nM,52.34
Cn1ccc2cc(CCCO)c(O)c(C(=O)OCC(F)(F)F)c21,'=',nM,237100.0
NS(=O)(=O)c1ccc(N2N=C(c3cccs3)CC2c2ccc(Cl)cc2)cc1,'=',nM,2640.0
C[Si](C)(C)c1c(-c2ccccc2)noc1-c1ccc(S(N)(=O)=O)cc1,'=',nM,11050.0
CS(=O)(=O)c1ccc(N2N=C(C(=O)O)CC2c2ccco2)cc1,'=',nM,2110.0
CC1=C(CC(=O)O)c2cc(F)ccc2/C1=C\c1ccc([S+](C)[O-])cc1,'=',nM,8800.0
CC(C(=O)O)c1ccc(C[C@H]2CCC[C@H]2O)cc1,'=',nM,12200.0
O=C(NS(=O)(=O)c1ccc(Br)cc1)c1ccccn1,'=',nM,3600.0
Cc1ccc(S(=O)(=O)NC(=O)c2ccccn2)cc1,'=',nM,8000.0
Oc1cc(O)c2c(c1)O[C@H](c1ccc(O)c(O)c1)[C@@H](O)C2,'=',nM,130000.0
CC1=CCC[C@H]2[C@](C)(Cc3cc(O)ccc3O)[C@@H](C)CC[C@]12C,'=',nM,2300.0
CS(=O)(=O)c1ccc(-c2[nH]c3ccccc3c2-c2ccc(F)cc2)cc1,'=',nM,20.0
O=C(/C=C/c1ccc(O)cc1)CC(=O)/C=C/c1ccc(O)cc1,'=',nM,36370.0
N#Cc1cnn(-c2ccc(S(N)(=O)=O)cc2)c1/N=C/c1ccc(Cl)cc1,'=',nM,189.77
CS(=O)(=O)c1ccc(/C=C(\c2ccccc2)c2ccc(F)cc2)cc1,'=',nM,32.0
CCCC/C(=C(\c1ccccc1)c1ccc(S(C)(=O)=O)cc1)c1cc(C(C)(C)C)c(O)c(C(C)(C)C)c1,'=',nM,3300.0
[2H]C([2H])([2H])C([2H])([2H])c1cc(OC(F)(F)F)cc2c1OC(C(F)(F)F)C(C(=O)O)=C2,'=',nM,61.0
[2H]C([2H])([2H])c1cc(Cl)c2c(c1)C=C(C(=O)O)C(C(F)(F)F)O2,'=',nM,63.0
O=C(/C=C/C1=Cc2c(ccc3ccccc23)OC1)c1ccc(C(F)(F)F)cc1,'=',nM,330.0
O=C(/C=C/C1=Cc2c(ccc3ccccc23)OC1)c1ccc([N+](=O)[O-])cc1,'=',nM,250.0
CCc1ccc(C(=O)/C=C/C2=Cc3c(ccc4ccccc34)OC2)cc1,'=',nM,430.0
COc1cc(C2CC(c3ccc(Nc4nc(N5CCOCC5)nc(N5CCOCC5)n4)cc3)=NN2C(C)=O)cc(OC)c1OC,'=',nM,2860.0
COc1cc2occc2c(OC)c1-c1cc(-c2ccc(F)cc2)n(-c2ccc(S(N)(=O)=O)cc2)n1,'=',nM,460.0
COc1cc2occc2c(OC)c1-c1cc(-c2ccccc2)n(-c2ccc(S(N)(=O)=O)cc2)n1,'=',nM,35000.0
NS(=O)(=O)c1ccc(N2N=C3c4ccccc4CCC3C2c2ccc(F)cc2)cc1,'=',nM,15320.0
Oc1cc(O)c2cc(O)c(-c3ccc(O)c(O)c3)[o+]c2c1,'=',nM,60000000.0
CC/C=C/C/C=C/C/C=C/C/C=C/CC/C=C/COCC(=O)O,'=',nM,180000.0
COC(=O)CNC(=O)[C@H](Cc1ccccc1)NC(=O)[C@@H]1CCCN1C(=O)[C@H](Cc1ccccc1)NC(=O)[C@H](C)NC(=O)OCc1ccccc1,'=',nM,5000.0
COC(=O)c1cc(/C=C/c2cc(O)cc(O)c2)ccc1O,'=',nM,1000.0
O=C(O)CCCc1nc(-c2ccc(Cl)c(Cl)c2)c(-c2ccccc2)o1,'=',nM,420.0
COc1ccc(/C=C/C(=O)O[C@H]2[C@H](O[C@H]3[C@H](O)[C@@H](O)[C@H](O[C@@H]4CO[C@@H](O[C@@H]5[C@@H](O)[C@H](C)O[C@@H](O[C@H]6[C@H](O[C@H]7CC[C@]8(C)[C@H]9CC=C%10[C@@H]%11CC(C)(C)CC[C@]%11(C(=O)O[C@@H]%11O[C@H](CO[C@@H]%12O[C@H](CO)[C@@H](O[C@@H]%13O[C@@H](C)[C@H](O)[C@@H](O)[C@H]%13O)[C@H](O)[C@H]%12O)[C@@H](O)[C@H](O)[C@H]%11O)CC[C@@]%10(C)[C@]9(C)CC[C@H]8C7(C)C)OC[C@H](O)[C@@H]6O)[C@@H]5O)[C@H](O)[C@@H]4O)O[C@@H]3CO)O[C@H](CO)[C@@H](O)[C@@H]2O[C@@H]2O[C@H](CO[C@@H]3O[C@@H](C)[C@H](O)[C@@H](O)[C@H]3O)[C@@H](O)[C@H](O)[C@H]2O)cc1O,'=',nM,8500.0
CC(C(=O)Nc1c(C#N)cnn1-c1ccc(S(N)(=O)=O)cc1)N1CCOCC1,'=',nM,122.8
Cc1cc(Nc2cnccc2NS(=O)(=O)C(F)(F)F)ccc1Br,'=',nM,300.0
CC(C)[C@@H]1CC[C@]2(C)[C@@H]3C(C=C4[C@@H]5CC(C)(C)CC[C@]5(C)CC[C@]42C)OC(=O)CC[C@]31C,'=',nM,650000.0
COOC[C@@]1(C)CC[C@]2(C)CC[C@]3(C)[C@@H]4CCc5cc(O)c(O)cc5[C@]4(C)CC[C@@]3(C)C2C1,'=',nM,430000.0
NS(=O)(=O)c1ccc(-n2nc(C(=O)N3CCOCC3)cc2-c2cccc(F)c2)cc1,'=',nM,230.0
O=Cc1ccc2c(c1)C=C(C(=O)O)C(C(F)(F)F)O2,'=',nM,730.0
O=C(NCCc1c[nH]c2ccccc12)c1ccccc1Nc1ccccc1F,'=',nM,4230.0
COc1cc(Cl)c2c(c1)C=C(C(=O)O)C(C(F)(F)F)O2,'=',nM,240.0
Cc1ncccc1Nc1ccccc1C(=O)NCCc1c[nH]c2ccccc12,'=',nM,1960.0
CS(=O)(=O)c1ccc(-c2c(-c3ccc(F)cc3)noc2Cl)cc1,'=',nM,351.0
CS(=O)(=O)c1ccc(C2NN=C(c3ccc([N+](=O)[O-])cc3)O2)cc1,'=',nM,480.0
CS(=O)(=O)c1ccc(-c2c(-c3ccc(F)cc3)noc2C=O)cc1,'=',nM,13777.0
Cc1onc(-c2ccc(F)cc2)c1-c1ccc(S(N)(=O)=O)cc1,'=',nM,73.0
CS(=O)(=O)c1ccc(-c2conc2-c2ccc(F)cc2)cc1,'=',nM,57.0
O=C(/C=C/c1cn(-c2ccccc2)nc1-c1ccc(OCc2ccccc2)cc1)c1ccccc1,'=',nM,1880.0
CC(C)[C@]12O[C@H]1[C@@H]1O[C@]13[C@]1(O[C@H]1C[C@H]1C4=C(CC[C@@]13C)C(=O)OC4)[C@@H]2O,'=',nM,40.0
Oc1c(Cl)cc(Cl)c(Cl)c1Cc1c(O)c(Cl)cc(Cl)c1Cl,'=',nM,644.3
COc1ccc2nc(O)c(/C=N/n3c(=S)[nH]nc(Cc4ccccc4)c3=O)cc2c1,'=',nM,68.0
O=C(O)CCCC[C@@H]1CCSS1,'=',nM,0.0
Cc1ccc(-n2nc(COC(=O)COc3cc(O)c4c(=O)cc(-c5ccccc5)oc4c3)cc2-c2ccc(Cl)cc2)cc1,'=',nM,2120.0
O=c1c(Cc2cccs2)n[nH]c(=S)n1/N=C/c1cc2ccccc2nc1O,'=',nM,79.0
O=C(COc1cc(O)c2c(=O)cc(-c3ccccc3)oc2c1)OCc1cc(-c2ccc(Br)cc2)n(-c2ccccc2)n1,'=',nM,2120.0
O=C(COc1cc(O)c2c(=O)cc(-c3ccccc3)oc2c1)OCc1cc(-c2ccc(Cl)c(Cl)c2)n(-c2ccc(Cl)cc2)n1,'=',nM,8580.0
COc1ccc(/C=C/c2cc(OC)cc(OC)c2/C=C/C(=O)N2CCN(C)CC2)cc1,'=',nM,5780.0
COc1ccc(/C=C/c2cc(OC)cc(OC)c2/C=C/C(=O)N2CCCCC2C)cc1,'=',nM,6690.0
S=c1nc(-c2ccc(Cl)cc2)cc(-c2cn(-c3ccccc3)nc2-c2ccc(OCc3ccccc3)cc2)[nH]1,'=',nM,1100.0
N#Cc1ccc(-c2cc(C(F)F)nn2-c2ccc(S(N)(=O)=O)cc2)cc1,'=',nM,29700.0
COc1ccc(-c2cc(C(F)F)nn2-c2ccc(S(N)(=O)=O)cc2)cc1Cl,'=',nM,27.0
O=C(c1ccccc1)c1ccc2n1CCC2C(=O)O,'=',nM,424.0
CCOC(=O)CSc1nnc(-c2ccc(S(C)(=O)=O)cc2)c(-c2ccccc2)n1,'=',nM,10100.0
CCOC(=O)CSc1nnc(-c2ccc(S(C)(=O)=O)cc2)c(-c2ccc(Cl)cc2)n1,'=',nM,10100.0
CC1=CCCC2C1(C)CCC(C)C2(C)CC/C(=C\C(=O)O)CO,'=',nM,12.7
Cc1ccc(-c2c(-c3ccc(S(C)(=O)=O)cc3)c3cccc4ccn2c43)cc1,'=',nM,20.0
CC(C)CC(=O)NC[C@H]1CC[C@H](NC(=O)c2nc3ccccc3cc2O)[C@H](O)O1,'=',nM,1400.0
CS(=O)(=O)c1ccc(-n2nc(-c3ccc(O)cc3)cc2-c2ccc(C(F)(F)F)cc2)cc1,'=',nM,970.0
Clc1ccc(-c2nnc(-c3cn(-c4ccccc4)nc3-c3ccccc3)o2)cc1,'=',nM,38000.0
CSc1ccc(C2=C(c3ccc(O)cc3)C(=O)NC2=O)cc1,'=',nM,21010.0
COc1ccc(-n2nc(C(=O)NN)nc2-c2cc(OC)c(OC)c(OC)c2)cc1,'=',nM,46300.0
COc1cc([C@@H]2CC(=O)c3c(cc(O)c(C/C=C(\C)CCC=C(C)C)c3O)O2)cc(O)c1O,'=',nM,10600.0
Cc1ccc(S(=O)(=O)n2cc(C(=O)C(=O)NCC(=O)N[C@@H](Cc3c[nH]c4ccccc34)C(=O)O)c3ccccc32)cc1,'=',nM,99.0
CC1=NNC(=O)/C1=N/Nc1cccc(-c2nc3ccccc3s2)c1,'=',nM,100.0
COc1cc(C2CC(c3ccc(S(C)(=O)=O)cc3)=NN2c2ccc(C(=O)O)cc2)cc(OC)c1OC,'=',nM,5940.0
CS(=O)(=O)c1ccc(C2=NN(c3ccc(S(N)(=O)=O)cc3)C(c3ccc(Cl)cc3)C2)cc1,'=',nM,2670.0
O=C1CCC(/C=C/c2cccnc2)=NN1,'=',nM,19.32
CCOC(=O)Cc1cc(-c2ccc(S(N)(=O)=O)cc2)n(-c2ccc(F)cc2)c1C,'=',nM,1070.0
COC(=O)CNC(=O)[C@H](C)NC(=O)[C@@H]1CCCN1C(=O)CNC(=O)CNC(=O)[C@H](C)N,'=',nM,2000.0
Cc1c(C(=O)NN)nnn1-c1ccc(S(N)(=O)=O)cc1,'=',nM,2920.0
O=C(c1nn(Cc2ccc(F)cc2)c2ccccc12)N1CCN(c2ncccn2)CC1,'=',nM,135.59
Cc1c2c(c(C)n1-c1ccccc1)C(=O)N(CN1CCN(S(C)(=O)=O)CC1)C2=O,'=',nM,43800.0
Cc1ccc(-c2cn(Cc3ccc(S(N)(=O)=O)cc3)nn2)cc1,'=',nM,1200.0
NS(=O)(=O)c1ccc(Cn2cc(-c3ccc(F)cc3)nn2)cc1,'=',nM,1500.0
CCOC(=O)C1=Nc2c(/N=N/c3ccc(O)cc3)c(N)nn2C1=O,'=',nM,79320.0
Cc1cc(=O)n2nc(N)c(/N=N/c3ccc(O)cc3)c2[nH]1,'=',nM,5680.0
COc1c(O)cc2c3c1COc1cc(O)cc(c1-3)CC2,'=',nM,12000.0
COc1ccc(/C=C/C(=O)c2nn(-c3ccc(F)cc3)c(C)c2C(=O)/C=C/c2ccc(OC)cc2)cc1,'=',nM,320.0
Clc1ccccc1-c1nnc(Cn2c(CN3CCOCC3)nc3ccccc32)o1,'=',nM,8000.0
Cc1ccc(S(=O)(=O)n2cc(C(=O)C(=O)N[C@H](C(=O)NCC(=O)O)c3c[nH]c4ccccc34)c3ccccc32)cc1,'=',nM,540.0
NS(=O)(=O)c1ccc(-n2nc(C(=O)OCCCN3CCOCC3)cc2-c2ccc(F)cc2)cc1,'=',nM,3570.0
COc1ccc(-c2nc(NCC(=O)N3CCCCC3)sc2-c2ccc(OC)cc2)cc1,'=',nM,16120.0
Cc1c(C(=O)NC2CCCN(Cc3ccccc3)C2)nc2ccc(Cl)cc2c1O,'=',nM,3540.0
Cc1c(C(=O)NCCc2ccc(N3CCCC3)cc2)nc2ccc(Cl)cc2c1O,'=',nM,1690.0
CCCCCCNC(=O)Oc1cccc(-c2ccc(C(C)C(=O)O)cc2C(F)(F)F)c1,'=',nM,200.0
CC1N(C(=O)Nc2nccs2)C(=O)c2ccccc2S1(=O)=O,'=',nM,115200.0
Cc1cc(-c2ccc(Br)cc2)nn1S(=O)(=O)Oc1ccccc1,'=',nM,200.0
Cc1ccc(C(=O)c2conc2C(=O)c2cnn(-c3ccccc3)c2C)cc1,'=',nM,1120.0
COC(=O)COc1ccc(/C=C/c2ccc(Cl)cc2)cc1,'=',nM,7522.0
CS(=O)(=O)c1ccc2c(c1)c1c(n2Cc2ccc(Cl)cc2)CCCC1=O,'=',nM,580.0
CS(=O)(=O)c1ccc2c(c1)c1c(n2C(=O)c2ccc(Cl)cc2)CCCC1=O,'=',nM,230.0
Cc1ccc(Nc2c(F)cccc2Cl)c(Cc2nnn[nH]2)c1,'=',nM,14.0
CCOC(=O)[C@H](OCc1cnnn1[C@@H](Cc1ccc(O)cc1)C(=O)OC)[C@@H](OCc1cnnn1[C@@H](Cc1ccc(O)cc1)C(=O)OC)C(=O)OCC,'=',nM,700.0
COc1cc(-c2cc(C(=O)CCCOc3ccc4ccc(=O)oc4c3)nn2-c2ccccc2)cc(OC)c1OC,'=',nM,230.0
CSc1ccc(C2=C(c3ccc(NC(C)=O)cc3)C(=O)OC2=O)cc1,'=',nM,20110.0
CC1(C)CC[C@]2(C(=O)O)CC[C@]3(C)C(=CC[C@@H]4[C@@]5(C)CC[C@H](O)C(C)(C)[C@@H]5CC[C@]43C)[C@@H]2C1,'=',nM,295000.0
C[C@H]1[C@H](C)CC[C@]2(C(=O)O)CC[C@]3(C)C(=CC[C@@H]4[C@@]5(C)CC[C@H](O)C(C)(C)[C@@H]5CC[C@]43C)[C@H]12,'=',nM,86000.0
CS(=O)(=O)c1ccc(-n2cc(-c3ccccc3)nn2)cc1,'=',nM,150.0
C#CCCCC(=O)c1cc(C(C)(C)C)c(O)c(C(C)(C)C)c1,'=',nM,100.0
NS(=O)(=O)c1ccc(-n2nc(C(F)(F)F)cc2-c2ccc(CO)cc2)cc1,'=',nM,93300.0
O=C(c1ccccc1)c1ccc2n1CC[C@@H]2C(=O)O,'=',nM,1460.0
CSc1ccc(-c2cn3c(c2-c2ccc(C)cc2)CCC3)cc1,'=',nM,900.0
CS(=O)(=O)Nc1ccc(-c2cn3c(c2-c2ccccc2)CCC3)cc1,'=',nM,3600.0
NS(=O)(=O)c1ccc(-n2nc(C(F)(F)F)cc2-c2ccccc2F)cc1,'=',nM,57.54
CC(C)(C)c1cc(/C=C2\SC(=S)NC2=O)cc(C(C)(C)C)c1O,'=',nM,1500.0
Cc1c(CC(=O)N[C@H](CO[N+](=O)[O-])C(=O)O)cc(-c2ccc(S(C)(=O)=O)cc2)n1-c1cccc(F)c1,'=',nM,140.0
Cc1c(CCOCCO)cc(-c2ccc(S(C)(=O)=O)cc2)n1-c1cccc(F)c1,'=',nM,46.0
COc1ccc(-n2c(-c3ccc(S(C)(=O)=O)cc3)cc(CC(=O)OCCCCO)c2C)cc1,'=',nM,1100.0
C#CCCCC(=O)Nc1ccc(C(=O)c2ccc(NCc3ccc(-c4ccc(O)c(C(=O)O)c4)o3)cc2)cc1.N,'=',nM,36000.0
Cc1ccc(Nc2cnccc2NS(=O)(=O)C(F)(F)F)cc1,'=',nM,460.0
Cc1cccc(Nc2cnccc2NS(C)(=O)=O)c1,'=',nM,8810.0
Cl.O=S(=O)(Nc1ccncc1NC1CCCCC1)C(F)(F)F,'=',nM,330.0
Cc1c(C(N)C(=O)OCCCCO[N+](=O)[O-])cc(-c2ccc(S(C)(=O)=O)cc2)n1-c1ccc(F)cc1,'=',nM,1000.0
Cc1c(CC(=O)N[C@H](CO[N+](=O)[O-])C(=O)O)cc(-c2ccc(S(C)(=O)=O)cc2)n1-c1ccc(F)cc1,'=',nM,310.0
Fc1ccc(COc2nc3ccccc3s2)cc1,'=',nM,370.0
CCCCCc1cc(O)cc(OC)c1,'=',nM,15920.0
COc1cccc(Nc2nc(-c3ccc(Cl)cc3)cs2)c1,'=',nM,1390.0
Cc1cc(-c2ccccn2)nn1S(=O)(=O)Oc1ccc(Cl)cc1,'=',nM,5.8
CCOC(=O)[C@H](OCc1cnnn1[C@@H](Cc1c[nH]c2ccccc12)C(=O)OC)[C@@H](OCc1cnnn1[C@@H](Cc1c[nH]c2ccccc12)C(=O)OC)C(=O)OCC,'=',nM,500.0
O=C(O)Cn1nncc1CO[C@@H](C(=O)O)[C@@H](OCc1cnnn1CC(=O)O)C(=O)O,'=',nM,4.0
NNC(=O)CNc1ncnc2sc3c(c12)CCCC3,'=',nM,210.0
COC(=O)[C@H](Cc1ccc(O)cc1)n1cc(COc2nc(Cl)nc(Nc3ccc(N4CCOCC4=O)cc3)n2)nn1,'=',nM,3000.0
O=C1COCCN1c1ccc(Nc2nc(Cl)nc(N3CCCC3)n2)cc1,'=',nM,60.0
COC(=O)[C@H](Cc1ccccc1)n1nncc1COc1ccc2ccccc2c1-c1c(OCc2cnnn2[C@@H](Cc2ccccc2)C(=O)OC)ccc2ccccc12,'=',nM,54000.0
O=C(O)C1=Cc2cc(Cl)c(Cl)c(Cl)c2OC1C(F)(F)F,'=',nM,43.0
NS(=O)(=O)c1ccc(C#Cc2cc(Cl)cc3c2OC(C(F)(F)F)C(C(=O)O)=C3)cc1,'=',nM,18600.0
O=c1c(/C=N/Nc2ccc(C(F)(F)F)cc2)coc2c1ccc1oc(-c3ccc(Cl)cc3)cc12,'=',nM,10400.0
Cc1ccccc1-c1nnc(Cn2c(CN3CCOCC3)nc3ccccc32)o1,'=',nM,11400.0
Oc1ccc(/C=C/c2cc(O)cc(O)c2)cc1,'=',nM,33150.0
Clc1ccc(-c2nnc(-c3cn(-c4ccccc4)nc3-c3ccc(Cl)cc3)o2)cc1,'=',nM,8700.0
COc1ccc(-c2nc(C(F)(F)F)cn2-c2ccc(S(N)(=O)=O)cc2)cc1Br,'=',nM,30.2
CCCCC1C(=O)N(c2ccccc2)N(c2ccccc2)C1=O,'=',nM,284000.0
COc1ccc(/C=C/c2cc(OC)cc(OC)c2/C=C/C(=O)Nc2cc(OC)c(OC)c(OC)c2)cc1,'=',nM,6660.0
COC(=O)CNC(=O)CNC(=O)OCc1ccccc1,'=',nM,1000.0
NS(=O)(=O)c1ccc(N2N=C(C(F)(F)F)CC2c2ccc3c(c2)OCCO3)cc1,'=',nM,8.0
COc1ccc(/C=C/c2cc(OC)cc(OC)c2/C=C/C(=O)N2CCCC2)cc1,'=',nM,8870.0
COc1ccc(/C=C/c2cc(OC)cc(OC)c2/C=C/C(=O)N2CCSCC2)cc1,'=',nM,8010.0
CCc1cccc2c3c([nH]c12)C(CC)(CC(=O)O)OCC3,'=',nM,9.4
Cc1cccc(-c2cc(COC(=O)COc3cc(O)c4c(=O)cc(-c5ccccc5)oc4c3)nn2-c2ccc(Cl)cc2)c1,'=',nM,1770.0
Cc1ccc(C2=NN(C3=NC(=O)CS3)C(c3ccccc3C)C2)cc1C,'=',nM,6300.0
NS(=O)(=O)c1ccc(/N=N/c2ccc(O)c(C(=O)O)c2)cc1,'=',nM,8890.0
COc1ccc(/C=C/C(=O)OC[C@H]2O[C@@H](O[C@H]3[C@H](O)[C@@H](O)[C@H](O[C@@H]4CO[C@@H](O[C@@H]5[C@@H](O)[C@H](C)O[C@@H](O[C@H]6[C@H](O[C@H]7CC[C@]8(C)[C@H]9CC=C%10[C@@H]%11CC(C)(C)CC[C@]%11(C(=O)O[C@@H]%11O[C@H](CO[C@@H]%12O[C@H](CO)[C@@H](O[C@@H]%13O[C@@H](C)[C@H](O)[C@@H](O)[C@H]%13O)[C@H](O)[C@H]%12O)[C@@H](O)[C@H](O)[C@H]%11O)CC[C@@]%10(C)[C@]9(C)CC[C@H]8C7(C)C)OC[C@@H](O)[C@@H]6O)[C@@H]5O)[C@H](O)[C@@H]4O)O[C@@H]3CO)[C@H](O)[C@@H](O)[C@@H]2O)cc1O,'=',nM,7200.0
COc1ccc(/C=C/C(=O)O[C@H]2[C@H](O[C@H]3[C@H](O)[C@@H](O)[C@H](O[C@@H]4CO[C@@H](O[C@@H]5[C@@H](O)[C@H](C)O[C@@H](O[C@H]6[C@H](O[C@H]7CC[C@@]8(C)[C@@H](CC[C@]9(C)[C@@H]8CC=C8[C@@H]%10CC(C)(C)CC[C@]%10(C(=O)O[C@@H]%10O[C@H](CO[C@@H]%11O[C@H](CO)[C@@H](O[C@@H]%12O[C@@H](C)[C@H](O)[C@@H](O)[C@H]%12O)[C@H](O)[C@H]%11O)[C@@H](O)[C@H](O)[C@H]%10O)CC[C@]89C)[C@]7(C)CO)OC[C@@H](O)[C@@H]6O)[C@@H]5O)[C@H](O)[C@@H]4O)O[C@@H]3CO)O[C@H](CO)[C@@H](O)[C@@H]2O[C@@H]2O[C@H](CO)[C@@H](O)[C@H](O)[C@H]2O)cc1O,'=',nM,8900.0
Cc1cc(C)c2c(c1)C=C(C(=O)O)[C@@H](C(F)(F)F)O2,'=',nM,290.0
C[Si](C)(C)c1c(-c2ccc(F)cc2)noc1-c1ccc(S(N)(=O)=O)cc1,'=',nM,38160.0
CS(=O)(=O)c1ccc(-c2conc2-c2ccccc2)cc1,'=',nM,247.0
CS(=O)(=O)Nc1ccncc1Oc1ccccc1,'=',nM,37500.0
CC(=O)OCO/N=[N+](\[O-])N1CCC[C@H]1COC(=O)C(C)c1ccc(CC(C)C)cc1,'=',nM,6400.0
CC(Oc1cc(=O)oc2ccccc12)C(=O)Nc1cccc2c(=O)[nH]ccc12,'=',nM,1020.0
COc1ccc(-c2cnsc2-c2ccc(OC)cc2)cc1,'=',nM,800.0
COC(=O)[C@H](CC(C)C)NC(=O)[C@H](Cc1ccccc1)NC(=O)CNC(=O)CNC(=O)OCc1ccccc1,'=',nM,20000.0
COC(=O)[C@H](CC(C)C)NC(=O)[C@@H](NC(=O)[C@H](C)NC(=O)CNC(=O)OCc1ccccc1)C(C)C,'=',nM,22000.0
COC(=O)[C@H](Cc1ccccc1)NC(=O)[C@@H]1CCCN1C(=O)CNC(=O)[C@H](CCSC)NC(=O)OCc1ccccc1,'=',nM,100.0
COc1ccc(-c2cc(C(=O)N/N=C/c3c(Cl)c4ccccc4oc3=O)nn2-c2ccc(S(N)(=O)=O)cc2)cc1OC,'=',nM,10410.0
NS(=O)(=O)c1ccc(-n2nc(C(=O)N/N=C/c3c(Cl)c4ccccc4oc3=O)cc2-c2cccc(Cl)c2)cc1,'=',nM,540.0
COc1ccc(-c2nc3cc(NC(=O)c4ccc(O)cc4)ccc3o2)cc1OC,'=',nM,45540.0
C/C(=C\c1cc(O)cc(O)c1)c1cccc(F)c1,'=',nM,2540.0
COc1ccc(/C=C(\C)c2cc(O)cc(O)c2)cc1OC,'=',nM,12800.0
Cc1ccc(Nc2c(F)cccc2Cl)c(CNc2nnn[nH]2)c1,'=',nM,14.0
CCCCCCCCCCCCCCCCCC(=O)O[C@H]1C[C@@H](O)[C@]2(C)[C@H]3CC[C@@H]4[C@@H]([C@@](C)(O)CCC=C(C)C)CC[C@@]4(C)[C@]3(C)CC[C@H]2C1(C)C,'=',nM,370.0
CCOC(=O)c1c(C)oc2ccc(Oc3ccccc3)cc12,'=',nM,18500.0
O=C1/C(=C\c2cn(CCCOc3cc(O)c4c(=O)cc(-c5ccccc5)oc4c3)c3ccccc23)c2ccccc2N1c1c(Cl)cccc1Cl,'=',nM,7300.0
CC1=NN(c2cccc(Cl)c2)C(=O)/C1=C\c1cn(CCCOc2cc(O)c3c(=O)cc(-c4ccccc4)oc3c2)c2ccccc12,'=',nM,700.0
COC(=O)CNC(=O)[C@H](Cc1c[nH]c2ccccc12)NC(=O)C(=O)c1cn(S(=O)(=O)c2ccc(C)cc2)c2ccccc12,'=',nM,47.0
COC(=O)[C@@H](Cc1c[nH]c2ccccc12)NC(=O)CNC(=O)C(=O)c1cn(S(=O)(=O)c2ccc(C)cc2)c2ccccc12,'=',nM,6610.0
O=C(NCCc1c[nH]c2ccc(O)cc12)c1ccccc1Nc1ccccc1,'=',nM,380.0
CC1(C)CC(c2ccccc2)C(CN2CCN(c3cccc(Cl)c3Cl)CC2)=NO1,'=',nM,6800.0
COc1ccc([C@H]2C(Cn3c4ccccc4c4ccccc43)=NO[C@@H]3CCCC[C@H]23)cc1,'=',nM,5900.0
N#Cc1c(/N=C/c2cccs2)c(C(=O)Nc2ccc(Br)cc2)n2c1CCC2,'=',nM,9250.0
Cc1c(CC(=O)O)cc(-c2ccc(S(C)(=O)=O)cc2)n1-c1ccccc1,'=',nM,7000.0
C/C(=C\c1cc(O)cc(O)c1)c1ccc(O)cc1,'=',nM,1570.0
Cc1c(-c2nnc(-c3cnn(-c4ccccc4)c3C)c3nocc23)cnn1-c1ccccc1,'=',nM,6880.0
O=C(Nc1ccc(-c2cccc(Cl)c2)cc1)C1=C(O)c2ccccc2S(=O)(=O)N1,'=',nM,74700.0
O=C(O)c1ccccc1Nc1nc(Cl)nc(Nc2ccc(N3CCOCC3=O)cc2)n1,'=',nM,1000.0
COC(=O)[C@@H](N)Cc1ccc(Oc2nc(Cl)nc(N3CCCCC3)n2)cc1,'=',nM,5000.0
Clc1ccc(Nc2nc(Cl)nc(OCc3cn(Cc4ccccc4)nn3)n2)cc1,'=',nM,7000.0
COC(=O)[C@H](Cc1ccccc1)n1cc(COc2nc(Cl)nc(Nc3ccc(N4CCOCC4=O)cc3)n2)nn1,'=',nM,9000.0
c1ccc(COc2ccc(-c3nn(-c4ccccc4)cc3-c3cc(-c4ccccc4)no3)cc2)cc1,'=',nM,2110.0
O=[N+]([O-])c1ccc(/C=N/c2nnc(-c3ccc(Cl)cc3)o2)cc1,'=',nM,130.0
COc1ccc(-c2cs/c(=N\c3ccc(S(N)(=O)=O)cc3)n2-c2ccccc2)cc1,'=',nM,21780.0
COC(=O)[C@H](Cc1c[nH]c2ccccc12)NC(=O)CNC(=O)C(=O)c1cn(S(=O)(=O)c2ccc(C)cc2)c2ccccc12,'=',nM,8890.0
Cc1ccc(S(=O)(=O)n2cc(C(=O)C(=O)N[C@@H](Cc3cnc[nH]3)C(=O)N[C@@H](CCC(=O)O)C(=O)O)c3ccccc32)cc1,'=',nM,540.0
N#Cc1cnn(-c2ccc(S(N)(=O)=O)cc2)c1NC(=O)c1ccccc1,'=',nM,56.17
COc1c(C(F)(F)F)nn(-c2ccc(S(N)(=O)=O)cc2)c1-c1ccccc1,'=',nM,79.43
COC(=O)[C@H](CC(C)C)NC(=O)[C@H](Cc1ccccc1)NC(=O)CNC(=O)CN,'=',nM,60.0
CCCCn1c(C)c2c(c1C)C(=O)N(CN1CCN(c3ccccc3Cl)CC1)C2=O,'=',nM,44900.0
Cc1c2c(c(C)n1-c1cccc(Cl)c1)C(=O)N(CN1CCN(S(C)(=O)=O)CC1)C2=O,'=',nM,44100.0
CN1C(NC(=N)N)=NC(=O)/C1=C/c1cc(C(C)(C)C)c(O)c(C(C)(C)C)c1,'=',nM,81000.0
CCCCNC(=O)c1cc(NCc2cc(O)ccc2O)ccc1O,'=',nM,100.0
COc1cc(/C=C/c2ccc(O)cc2)cc(OC)c1,'=',nM,820.0
COc1ccc(NC(=O)c2ccccc2Nc2cccc(Cl)c2C)cc1,'=',nM,33610.0
O=C(Nc1ccc2c(c1)OCO2)c1ccccc1Nc1cccc(C(F)(F)F)c1,'=',nM,105040.0
CC(C(=O)O)c1ccc(Cc2ccsc2)cc1F,'=',nM,8300.0
CC(C(=O)O)c1ccc(-c2cccc(OC(=O)NC3CC3)c2)c(F)c1,'=',nM,74300.0
CC(C(=O)O)c1ccc(-c2cccc(OC(=O)NCCC3CCCCC3)c2)c(F)c1,'=',nM,10800.0
CCCCCCCCNC(=O)Oc1cccc(-c2ccc(C(C)C(=O)O)cc2F)c1,'=',nM,28800.0
CCCCCCOC(=O)Nc1cccc(-c2ccc(C(C)C(=O)O)cc2F)c1,'=',nM,170.0
CCCCCCNC(=O)Oc1cccc(-c2ccc([C@H](C)C(=O)O)cc2F)c1,'=',nM,50.0
CC(C)=CCc1c(-c2ccc(O)cc2O)oc2cc3c(c(O)c2c1=O)C=CC(C)(C)O3,'=',nM,2500.0
COC(=O)[C@H](Cc1ccccc1)n1cc(COc2nc(Cl)nc(N3CCCC3)n2)nn1,'=',nM,6000.0
[11CH3]Oc1ccc(-c2c(-c3ccc(S(N)(=O)=O)cc3)[nH]c3ccccc23)cc1,'=',nM,0.006
O=C1/C(=C/c2ccc(N3CCCC3)cc2)Cc2ccccc21,'=',nM,54640.0
CCOC(=O)/C(=C/c1ccc(Br)cc1)CSc1nc(C)cc(C)n1,'=',nM,3170.0
COC(=O)/C(=C/c1ccc2ccccc2c1)CSc1nc2ccccc2o1,'=',nM,4340.0
O=S(=O)(Nc1ccncc1Nc1ccc(F)c(Cl)c1)C(F)(F)F,'=',nM,1570.0
Cc1ccc(Nc2cnccc2NS(=O)(=O)C(F)(F)F)cc1C,'=',nM,550.0
c1cc(-c2ccc(Nc3nc(N4CCOCC4)nc(N4CCOCC4)n3)cc2)on1,'=',nM,1170.0
CSc1nc(-c2ccc(F)cc2)c(-c2ccc(S(C)(=O)=O)cc2)[nH]1,'=',nM,70.0
O=c1c2ccccc2nc(SCc2cn(-c3ccc(Cl)cc3)nn2)n1-c1ccccc1,'=',nM,190.0
Oc1cc(O)cc(/C=C/c2ccc(O)cc2O)c1,'=',nM,109000.0
COc1ccc(-c2noc(CCO)c2-c2ccc(OC)cc2)cc1,'=',nM,190.0
O=S(=O)(c1ccccc1)N1N=C(C(F)(F)F)CC1c1cccc2ccccc12,'=',nM,67130.0
CC(C)C[C@H](NC(=O)CNC(=O)[C@@H](N)C(C)C)C(=O)O,'=',nM,2000.0
COc1ccccc1/C=C/C1=NN(c2ccccc2)C(=O)CC1,'=',nM,134.58
COc1ccccc1/C=C/c1ccc(=O)[nH]n1,'=',nM,98.03
Cc1c(CC(=O)OCCO[N+](=O)[O-])cc(-c2ccc(S(C)(=O)=O)cc2)n1-c1ccccc1,'=',nM,43.0
Cc1c(CCOCCCO[N+](=O)[O-])cc(-c2ccc(S(C)(=O)=O)cc2)n1-c1ccccc1,'=',nM,15.0
Cc1c(CC(=O)OCCO)cc(-c2ccc(S(C)(=O)=O)cc2)n1-c1ccc(F)cc1,'=',nM,89.0
Cc1cnc(NC(=O)C2=C(O)c3ccccc3S(=O)(=O)N2C)s1,'=',nM,160.0
CC1=NN(c2ccccc2)C(=O)/C1=N/Nc1cccc(-c2nc3ccccc3[nH]2)c1,'=',nM,170.0
CCOP(=O)(OCC)C(NC(=O)c1cc(-c2cccc3ccccc23)n(-c2ccc(S(N)(=O)=O)cc2)n1)c1ccc(Br)cc1,'=',nM,220.0
Cc1c(-c2ccccc2)n(C(=O)c2ccc(Cl)cc2)c2ccc(S(C)(=O)=O)cc12,'=',nM,1650.0
NS(=O)(=O)c1ccc(-n2nc(C(=O)N3CCSCC3)cc2-c2ccc(Br)cc2)cc1,'=',nM,1280.0
CC(C)=CCC/C(C)=C/Cc1c(O)cc2c(c1O)C(=O)C[C@@H](c1ccc(O)c(O)c1)O2,'=',nM,4200.0
Cc1ccc2nc(O)c(/C=N/n3c(=S)[nH]nc(Cc4ccccc4)c3=O)cc2c1,'=',nM,280.0
O=c1c(Cc2ccccc2)n[nH]c(=S)n1/N=C/c1cc2cc(OCc3ccccc3)ccc2nc1O,'=',nM,47.0
O=C(O)c1cc(/C=C/c2cc(O)cc(O)c2)ccc1O,'=',nM,10300.0
CS(=O)(=O)c1cccc(C#Cc2ccc(=O)n(C(F)F)c2)c1,'=',nM,3700.0
Cc1ccc(-c2cc(COC(=O)COc3cc(O)c4c(=O)cc(-c5ccccc5)oc4c3)nn2-c2ccc(Cl)cc2)cc1,'=',nM,1440.0
O=c1c2ccccc2nc(SCc2cn(-c3ccc(Cl)cc3)nn2)n1-c1ccc(Cl)cc1,'=',nM,530.0
COc1ccc(/C=C/C(=O)O[C@H]2[C@H](O[C@H]3[C@H](O)[C@@H](O)[C@H](O[C@@H]4CO[C@@H](O[C@@H]5[C@@H](O)[C@H](C)O[C@@H](O[C@H]6[C@H](O[C@H]7CC[C@]8(C)[C@H]9CC=C%10[C@@H]%11CC(C)(C)CC[C@]%11(C(=O)O[C@@H]%11O[C@H](CO[C@@H]%12O[C@H](CO)[C@@H](O[C@@H]%13O[C@@H](C)[C@H](O)[C@@H](O)[C@H]%13O)[C@H](O)[C@H]%12O)[C@@H](O)[C@H](O)[C@H]%11O)CC[C@@]%10(C)[C@]9(C)CC[C@H]8C7(C)C)OC[C@H](O)[C@@H]6O)[C@@H]5O)[C@H](O)[C@@H]4O)O[C@@H]3CO)O[C@H](CO)[C@@H](O)[C@@H]2O[C@@H]2O[C@H](CO[C@@H]3O[C@@H](C)[C@H](O)[C@@H](O)[C@H]3O[C@@H]3O[C@H](CO)[C@@H](O)[C@H](O)[C@H]3O)[C@@H](O)[C@H](O)[C@H]2O)cc1O,'=',nM,6700.0
[2H]C([2H])([2H])c1cc2c(c(C([2H])([2H])[2H])c1Cl)C=C(C(=O)O)C(C(F)(F)F)O2,'=',nM,54.0
N#CC1=C(N)OC(c2ccc(Cl)cc2)=CC1c1cn(-c2ccccc2)nc1-c1ccc(OCc2ccccc2)cc1,'=',nM,11640.0
NC(=S)n1nc(-c2ccc(Cl)cc2)cc1-c1cn(-c2ccccc2)nc1-c1ccc(OCc2ccccc2)cc1,'=',nM,4690.0
COc1ccc(-c2ccccc2-c2nc3ccccc3o2)cc1Cl,'=',nM,670.0
COc1cc(/C=C/c2cc(/C=C/c3cc(CC=C(C)C)c(O)c(OC)c3)[nH]n2)cc(CC=C(C)C)c1O,'=',nM,13.0
Cc1c(CCOCCO)cc(-c2ccc(S(C)(=O)=O)cc2)n1-c1ccc(F)cc1,'=',nM,400.0
Nc1c(C(=O)N/N=C/c2ccccc2[N+](=O)[O-])cnn1-c1ccc(S(N)(=O)=O)cc1,'=',nM,140.0
COc1ccc(-c2noc(CC(=O)Nc3ccc(-c4ccc(N)cc4)cc3)c2-c2ccc(OC)cc2)cc1,'=',nM,300.0
Cc1ccc(-c2cc(C(=O)N3CCOCC3)nn2-c2ccc(S(N)(=O)=O)cc2)cc1,'=',nM,930.0
COC(=O)CC1N(C(=O)Nc2cccc(C)n2)C(=O)c2ccccc2S1(=O)=O,'=',nM,288200.0
CC(C)Cc1ccc(C(C)C(=O)OCCn2c3ccccc3c(=O)c3ccccc32)cc1,'=',nM,670.0
CS(=O)(=O)c1ccc(-c2[nH]c(S(C)(=O)=O)nc2-c2ccccc2)cc1,'=',nM,280.0
COc1ccc(NC(=O)N2C(=O)c3ccccc3S(=O)(=O)C2C)cc1,'=',nM,227500.0
C=C(C)[C@@H]1CC[C@]2(C)CC[C@]3(C)[C@H](CCC4[C@@]5(C)[C@H](O)C[C@H](O)C(C)(C)[C@@H]5CC[C@]43C)[C@@H]12,'=',nM,450000.0
Cc1cccc(Nc2ccccc2C(=O)NCCc2c[nH]c3ccccc23)c1,'=',nM,30960.0
Cc1ccc(CNc2cc(C(F)(F)F)nc(-c3ccc(S(C)(=O)=O)cc3)n2)cc1,'=',nM,20661412.1
[2H]C([2H])([2H])c1cc(Cl)cc2c1OC(C(F)(F)F)C(C(=O)O)=C2,'=',nM,59.0
CS(=O)(=O)c1ccc(-c2nc(SCCN(O)C(N)=O)nn2-c2ccc(Br)cc2)cc1,'=',nM,150.0
COc1ccc(/C=C/C(=O)O[C@H]2[C@H](O[C@H]3[C@H](O)[C@@H](O)[C@H](O[C@@H]4CO[C@@H](O[C@@H]5[C@@H](O)[C@H](C)O[C@@H](O[C@H]6[C@H](O[C@H]7CC[C@@]8(C)[C@@H](CC[C@]9(C)[C@@H]8CC=C8[C@@H]%10CC(C)(C)CC[C@]%10(C(=O)O[C@@H]%10O[C@H](CO[C@@H]%11O[C@H](CO)[C@@H](O[C@@H]%12O[C@@H](C)[C@H](O)[C@@H](O)[C@H]%12O)[C@H](O)[C@H]%11O)[C@@H](O)[C@H](O)[C@H]%10O)CC[C@]89C)[C@]7(C)CO)OC[C@@H](O)[C@@H]6O)[C@@H]5O)[C@H](O)[C@@H]4O)O[C@@H]3CO)O[C@H](CO)[C@@H](O)[C@@H]2O[C@@H]2O[C@H](CO[C@@H]3O[C@@H](C)[C@H](O)[C@@H](O)[C@H]3O)[C@@H](O[C@@H]3O[C@H](CO)[C@@H](O)[C@H](O)[C@H]3O)[C@H](O)[C@H]2O)cc1O,'=',nM,6100.0
COc1ccc(/C=C/C(=O)O[C@H]2[C@H](O[C@H]3[C@H](O)[C@@H](O)[C@H](O[C@@H]4CO[C@@H](O[C@@H]5[C@@H](O)[C@H](C)O[C@@H](O[C@H]6[C@H](O[C@H]7CC[C@]8(C)[C@H]9CC=C%10[C@@H]%11CC(C)(C)CC[C@]%11(C(=O)O[C@@H]%11O[C@H](CO[C@@H]%12O[C@H](CO)[C@@H](O[C@@H]%13O[C@@H](C)[C@H](O)[C@@H](O)[C@H]%13O)[C@H](O)[C@H]%12O)[C@@H](O)[C@H](O)[C@H]%11O)CC[C@@]%10(C)[C@]9(C)CC[C@H]8C7(C)C)OC[C@H](O)[C@@H]6O)[C@@H]5O)[C@H](O)[C@@H]4O)O[C@@H]3CO)O[C@H](CO)[C@@H](O)[C@@H]2O)cc1O,'=',nM,8800.0
Cc1c2c(c(C)n1-c1cccc(Cl)c1)C(=O)N(CN1CCN(c3ccccc3)CC1)C2=O,'=',nM,43900.0
COc1ccccc1-c1nnc(Cn2c(CN3CCOCC3)nc3ccccc32)o1,'=',nM,13700.0
O=C(Cn1cnc(-c2ccccc2)c1-c1ccccc1)N1CCCCC1,'=',nM,13120.0
Cc1c(C(=O)c2nocc2C(=O)c2ccccc2)cnn1-c1ccccc1,'=',nM,1490.0
CS(=O)(=O)c1ccc(/C=C(\c2ccccc2)c2ccc(Cl)cc2)cc1,'=',nM,114.0
CCCCN(CCCC)C(=O)/C=C/c1c(/C=C/c2ccc(OC)cc2)cc(OC)cc1OC,'=',nM,10080.0
CS(=O)(=O)c1ccc(C=C(c2ccccc2)c2ccccc2)cc1,'=',nM,310.0
O=C(NCCc1c[nH]c2ccccc12)c1ccccc1Nc1cccnc1,'=',nM,23670.0
CN1C/C(=C\c2ccc(Cl)s2)C2=NN(c3ccccc3)C(c3ccc(Cl)s3)C2C1,'=',nM,2.0
COC(=O)CNC(=O)[C@H](C)NC(=O)[C@@H]1CCCN1C(=O)CNC(=O)[C@H](C)N,'=',nM,100.0
COC(=O)C([11CH3])c1cccc(C(=O)c2ccccc2)c1,'=',nM,2900.0
Cc1cc(-n2cc(-c3ccc(F)cc3)nn2)n(-c2ccc(S(C)(=O)=O)cc2)n1,'=',nM,60.0
COc1ccc2nc(O)c(/C=N/n3c(=S)[nH]nc(Cc4cc(OC)c(OC)c(OC)c4)c3=O)cc2c1,'=',nM,60.0
Cc1nn(-c2ccccc2)c(N2CCNCC2)c1/C=N/Nc1nc2ccccc2nc1O,'=',nM,16000.0
COc1ccc2c(c1)c1c(n2C(=O)c2ccc(Cl)cc2)CC(C)(C)CC1=O,'=',nM,970.0
Cc1c(CC(=O)OCCO[N+](=O)[O-])cc(-c2ccc(S(C)(=O)=O)cc2)n1-c1cccc(F)c1,'=',nM,3200.0
Cc1c(CC(=O)NCCCO)cc(-c2ccc(S(C)(=O)=O)cc2)n1-c1cccc(F)c1,'=',nM,14.0
Cc1c(CC(=O)NCCO)cc(-c2ccc(S(C)(=O)=O)cc2)n1-c1ccc(F)cc1,'=',nM,300.0
COc1ccc(-n2c(-c3ccc(S(C)(=O)=O)cc3)cc(CC(=O)OCCCO[N+](=O)[O-])c2C)cc1,'=',nM,2.0
Cc1c(CCOCCCO[N+](=O)[O-])cc(-c2ccc(S(C)(=O)=O)cc2)n1-c1ccc(F)cc1,'=',nM,190.0
Cc1nn(-c2ccccc2)c(N2CCCCC2)c1/C=N/Nc1nc2ccccc2nc1O,'=',nM,22000.0
NS(=O)(=O)c1ccc(-n2nc(C(=O)NCCN3CCOCC3)cc2-c2ccc(Cl)cc2)cc1,'=',nM,310.0
CC(=O)c1cc2cc(-c3cccc(Cl)c3)oc2cc1O,'=',nM,2810.0
COc1ccccc1Nc1cnccc1NS(=O)(=O)C(F)(F)F,'=',nM,2530.0
CS(=O)(=O)Nc1ccncc1Nc1ccc(Br)cc1,'=',nM,21900.0
O=C1C[C@]23CC[C@H](O)[C@]2(COC3=O)c2c(O)ccc(O)c21,'=',nM,25500.0
COc1cc(Cc2n[nH]c(=S)n(/N=C/c3cc4cc(C)ccc4nc3O)c2=O)cc(OC)c1OC,'=',nM,65.0
COc1cc([C@@H]2CC(=O)c3c(cc4c(c3O)C=CC(C)(CCC=C(C)C)O4)O2)ccc1O,'=',nM,9500.0
O=C(CNc1ncnc2sc3c(c12)CCCC3)NN=Cc1ccc(Cl)cc1,'=',nM,660.0
Cc1c(CC(=O)OCCCO[N+](=O)[O-])cc(-c2ccc(S(C)(=O)=O)cc2)n1-c1cccc(F)c1,'=',nM,7.0
Cc1c(CCOCCO)cc(-c2ccc(S(C)(=O)=O)cc2)n1-c1ccc(F)c(F)c1,'=',nM,420.0
CCOC(=O)CC(=O)Nc1[nH]nc(N)c1/N=N/c1ccc(O)cc1,'=',nM,124640.0
Cc1cccc(Nc2ccccc2C(=O)O)c1C,'=',nM,2900.0
Cc1ccc(-c2nc(C(F)(F)F)cn2-c2ccc(S(N)(=O)=O)cc2)cc1,'=',nM,40.0
CSc1ccc(-n2c(-c3ccc(S(C)(=O)=O)cc3)cc(CC(=O)OCCCO)c2C)cc1,'=',nM,260.0
O=C(NNc1ccccc1)c1ccccc1,'=',nM,10000.0
COC(=O)CC[C@@H](NC(=O)[C@@H](Cc1cnc[nH]1)NC(=O)C(=O)c1cn(S(=O)(=O)c2ccc(C)cc2)c2ccccc12)C(=O)OC,'=',nM,8330.0
Cc1ccc(S(=O)(=O)n2cc(C(=O)C(=O)N[C@@H](Cc3c[nH]c4ccccc34)C(=O)NCC(=O)O)c3ccccc32)cc1,'=',nM,6.3
CC(=O)NCCc1cc(O)c(O)cc1C(=O)c1ccc(O)c(O)c1,'=',nM,768.0
COc1ccc(/C=C2/SC(=S)C(Nc3nc4c(cnn4-c4ccccc4)c(=O)n3-c3ccccc3)C2=O)cc1OC,'=',nM,370.0
CS(=O)(=O)c1ccc(-c2cc3ccccc3n2Cc2ccc(Cl)cc2)cc1,'=',nM,110.0
CS(=O)(=O)c1ccc(-c2cc3cc(F)ccc3n2Cc2ccc(Cl)cc2)cc1,'=',nM,150.0
CCCOC(=O)c1nc2c(cnn2-c2ccccc2)c(=O)[nH]1,'=',nM,31400.0
O=C(NC1CCCCC1)c1cc(/N=C/c2cc(O)ccc2O)ccc1O,'=',nM,110.0
C=C1C(O)CCC2C1(C)CCC(C)C2(C)CCC1=CC(=O)OC1O,'=',nM,12.82
CCOP(=O)(OCC)C(NC(=O)c1cc(-c2cccc3ccccc23)n(-c2ccc(S(N)(=O)=O)cc2)n1)c1ccc(Cl)cc1,'=',nM,220.0
CCOP(=O)(OCC)C(NC(=O)c1cc(-c2cccs2)n(-c2ccc(S(N)(=O)=O)cc2)n1)c1ccc(Br)cc1,'=',nM,220.0
CCOP(=O)(OCC)C(NC(=O)c1cc(-c2ccc(OC)cc2)n(-c2ccc(S(N)(=O)=O)cc2)n1)c1ccccc1,'=',nM,280.0
CCOP(=O)(OCC)C(C)NC(=O)c1cc(-c2cccc(OC)c2)n(-c2ccc(S(N)(=O)=O)cc2)n1,'=',nM,280.0
CCOP(=O)(OCC)C(NC(=O)c1cc(-c2cccc(OC)c2)n(-c2ccc(S(N)(=O)=O)cc2)n1)c1ccc(Br)cc1,'=',nM,280.0
COc1cc(C2CC(c3cccc(-n4cnnn4)c3)=NN2C(C)=O)cc(OC)c1OC,'=',nM,39.0
COc1ccc(C2CC(c3cccc(-n4cnnn4)c3)=NN2)cc1OC,'=',nM,39.0
CC(=O)N1N=C(C)/C(=N\Nc2cccc(-c3nc4ccccc4s3)c2)C1=O,'=',nM,100.0
NS(=O)(=O)c1ccc(-n2nc(C(=O)OCCOc3cc(=O)oc4ccccc34)cc2-c2cccc(Cl)c2)cc1,'=',nM,1430.0
CCCCCNC(=O)Oc1cccc(-c2ccc(C(C)C(=O)O)cc2F)c1,'=',nM,160.0
COc1ccc(C2CC(c3ccco3)=NN2c2ccc(S(N)(=O)=O)cc2)cc1,'=',nM,1980.0
CCOC(=O)CNc1ncnc2sc3c(c12)CCCC3,'=',nM,110.0
O=C(CNc1ncnc2sc3c(c12)CCCC3)NN=Cc1cccc(Cl)c1,'=',nM,650.0
C#Cc1cccc(Nc2ncnc3cc(OCCOC(=O)C(C)c4ccc5cc(OC)ccc5c4)c(OCCOC)cc23)c1,'=',nM,23000.0
NS(=O)(=O)c1ccc(N2N=C(c3cccs3)CC2c2cccs2)cc1,'=',nM,6110.0
NS(=O)(=O)c1ccc(N2N=C(c3ccco3)CC2c2ccc(Cl)cc2)cc1,'=',nM,1520.0
NS(=O)(=O)c1ccc(N2N=C(c3cccs3)CC2c2ccc(C(F)(F)F)cc2)cc1,'=',nM,970.0
CN=[S+](C)([O-])c1ccc(C2=C(c3ccccc3)C(=O)OC2)cc1,'=',nM,156.0
CC(=O)Nc1nn2c(NC(C)=O)cc(=O)[nH]c2c1/N=N/c1ccc(O)cc1,'=',nM,15910.0
COc1ccc(-c2nc3c(/N=N/c4ccc(O)cc4)c(N)nn3c(N)c2C#N)cc1,'=',nM,21110.0
Nc1nn2c(-c3cccs3)cc(-c3cccs3)nc2c1/N=N/c1ccc(O)cc1,'=',nM,3370.0
COc1ccc(-c2noc(CC(=O)Nc3ccc(N)cc3)c2-c2ccc(OC)cc2)cc1,'=',nM,500.0
CS(=O)(=O)c1ccc2c(c1)c1c(n2S(=O)(=O)c2ccc(Cl)cc2)CCCC1=O,'=',nM,790.0
Cc1c2c(c(C)n1-c1ccccc1)C(=O)N(CN1CCN(c3ccccc3)CC1)C2=O,'=',nM,42500.0
CCCCn1c(C)c2c(c1C)C(=O)N(CN1CCN(c3ccccc3OCC)CC1)C2=O,'=',nM,53900.0
Cc1c2c(c(C)n1-c1cccc(Cl)c1)C(=O)N(CN1CCN(c3ccccc3F)CC1)C2=O,'=',nM,44900.0
CCCCn1c(C)c2c(c1C)C(=O)N(CN1CCN(c3ccc(F)cc3F)CC1)C2=O,'=',nM,45400.0
COc1ccccc1N1CCN(CN2C(=O)c3c(c(C)n(-c4ccccc4)c3C)C2=O)CC1,'=',nM,46400.0
[11CH3]S(=O)(=O)c1ccc(C2=C(c3ccccc3)C(=O)OC2)cc1,'=',nM,18.0
NS(=O)(=O)c1ccc(-c2conc2-c2ccccc2)cc1,'=',nM,48.0
CCOP(=O)(OCC)C(NC(=O)c1cc(-c2cccc3ccccc23)n(-c2ccc(F)cc2)n1)c1ccc(Cl)cc1,'=',nM,220.0
CCOP(=O)(OCC)C(NC(=O)c1cc(-c2cccs2)n(-c2ccc(S(N)(=O)=O)cc2)n1)c1ccc(OC)cc1,'=',nM,220.0
C=CCn1c(-c2ccc(OC)cc2)cs/c1=N\NC(=O)c1cc(NCCCC)c(Oc2ccccc2)c(S(N)(=O)=O)c1,'=',nM,1520.0
Cc1c(C(=O)NNC(=S)Nc2ccccc2)nnn1-c1ccc(S(N)(=O)=O)cc1,'=',nM,2610.0
CC1=NN(c2ccc(S(N)(=O)=O)cc2)C(=O)/C1=C\c1ccc(F)cc1C,'=',nM,150.0
O=C1CS/C(=N/c2nnc(-c3ccccc3)s2)N1,'=',nM,190.0
N#CCC(=O)N/N=C/c1c[nH]c2ccccc12,'=',nM,1020.0
NS(=O)(=O)c1ccc(/N=c2\scc(-c3ccc(Cl)cc3)n2-c2ccccc2)cc1,'=',nM,16210.0
CS(=O)(=O)c1ccc(-n2nc(C(F)(F)F)cc2-c2ccc(I)cc2)cc1,'=',nM,5200.0
NS(=O)(=O)c1ccc(N2CCN=C2c2ccc(Cl)cc2)cc1,'=',nM,3400.0
CS(=O)(=O)c1ccc(C=C(c2ccc(F)cc2)c2ccc(F)cc2)cc1,'=',nM,32000.0
CS(=O)(=O)c1ccc(/C=C(/C(=O)O)c2ccccc2)cc1,'=',nM,3000.0
CC(C)OC1=C(c2ccc(S(C)(=O)=O)cc2)C(C)(C)OC1=O,'=',nM,300.0
COC(=O)[C@H](CO)n1nncc1COc1ccc2ccccc2c1-c1c(OCc2cnnn2[C@@H](CO)C(=O)OC)ccc2ccccc12,'=',nM,30000.0
CC(C)=CCC/C(C)=C/Cc1c(O)cc2c(c1O)C(=O)C[C@@H](c1ccc(O)cc1)O2,'=',nM,6000.0
COc1ccc(-c2nc(-c3cn(C)c4ccccc34)c(C(=O)c3ccc(C#N)cc3)s2)cc1OC,'=',nM,2100.0
C=C1C(=O)O[C@@H]2[C@H]1[C@@H](OC(C)=O)C[C@H](C)[C@@H]1CCC(=O)[C@@]21C,'=',nM,2900.0
O=C(CNc1ncnc2sc3c(c12)CCCC3)NN=Cc1ccc(Cl)c(Cl)c1,'=',nM,70.0
O=C(CNc1ncnc2sc3c(c12)CCCC3)NN=Cc1ccco1,'=',nM,1130.0
CC1(O)CC(c2ccccc2)=NN1C(=O)CNc1ncnc2sc3c(c12)CCCC3,'=',nM,960.0
NNC(=O)CNc1nc(-c2ccccc2)nc2sc3c(c12)CCCC3,'=',nM,700.0
COc1ccc2cc(C(C)C(=O)O)ccc2c1,'=',nM,280.0
Nc1c(C(=O)N/N=C/c2ccccc2Cl)cnn1-c1ccc(S(N)(=O)=O)cc1,'=',nM,130.0
Cc1c(C(N)C(=O)OCCO[N+](=O)[O-])cc(-c2ccc(S(C)(=O)=O)cc2)n1-c1ccc(F)cc1,'=',nM,740.0
Cc1c(CC(=O)OCCO)cc(-c2ccc(S(C)(=O)=O)cc2)n1-c1ccccc1,'=',nM,27.0
Cc1c(CC(=O)NCCO)cc(-c2ccc(S(C)(=O)=O)cc2)n1-c1cccc(F)c1,'=',nM,290.0
CS(=O)(=O)c1ccc(-c2ccsc2-c2ccc(F)cc2)cc1,'=',nM,250.0
O=C(c1cc2cc(Cl)ccc2n1Cc1ccc(Cl)cc1)N1CCN(Cc2ccc(Cl)cc2)CC1,'=',nM,31.91
Nc1c(C(=O)N/N=C/c2cccc([N+](=O)[O-])c2)cnn1-c1ccc(S(N)(=O)=O)cc1,'=',nM,100.0
O=C1Nc2ccccc2/C1=C/c1cn(CCCOc2cc(O)c3c(=O)cc(-c4ccccc4)oc3c2)c2ccccc12,'=',nM,7900.0
CCCCCCCCc1ccc(O)cc1,'=',nM,2862.0
CONC(=O)c1ccccc1Nc1c(Cl)ccc(C)c1Cl,'=',nM,55000.0
COc1ccc(-c2nc3cc(NC(=O)c4ccccc4)ccc3o2)cc1OC,'=',nM,1400.0
NS(=O)(=O)c1ccc(/N=C/c2ccc([N+](=O)[O-])cc2)cc1,'=',nM,3000.0
NS(=O)(=O)c1ccc(-n2nc(C(=O)OCCOc3ccc4ccc(=O)oc4c3)cc2-c2ccccc2)cc1,'=',nM,780.0
NS(=O)(=O)c1ccc(-n2nc(C(=O)OCCOc3ccc4ccc(=O)oc4c3)cc2-c2ccc(F)cc2)cc1,'=',nM,530.0
NC(=O)c1ccc(-c2nc(CSc3nc4ccccc4s3)no2)cc1,'=',nM,6800.0
O=C(O)c1ccccc1Nc1cccc(C(F)(F)F)c1,'=',nM,20.0
CCCCCCNC(=O)c1cc(NCc2cc(O)ccc2O)ccc1O,'=',nM,100.0
Nc1c(C(=O)N/N=C/c2ccc(Cl)cc2)sc2nc(-c3ccc(Cl)cc3)cc(-c3cccs3)c12,'=',nM,104.0
O=C(/N=c1/scc(-c2ccccc2)n1-c1ccccc1)c1cccs1,'=',nM,90.0
CCOP(=O)(OCC)C(NC(=O)c1cc(-c2cccc3ccccc23)n(-c2ccccc2F)n1)c1ccc(OC)cc1,'=',nM,220.0
CCOP(=O)(OCC)C(NC(=O)c1cc(-c2cccc3ccccc23)n(-c2ccc(F)cc2)n1)c1ccccc1OC,'=',nM,220.0
CCOP(=O)(OCC)C(NC(=O)c1cc(-c2ccc(C(F)(F)F)cc2)n(-c2ccc(S(N)(=O)=O)cc2)n1)c1ccccc1,'=',nM,280.0
O=c1[nH]n2c(=O)c3ccccc3nc2/c1=C/c1ccccc1,'=',nM,47.0
NC(=O)N1N=C(c2ccccc2)CC1c1cn(-c2ccccc2)nc1-c1ccc(Cl)cc1,'=',nM,1090.0
Cc1ccc(C2=NN(C(N)=O)C(c3cn(-c4ccccc4)nc3-c3ccc(F)cc3)C2)cc1,'=',nM,1090.0
NS(=O)(=O)c1ccc(-c2nn(-c3ccc([N+](=O)[O-])cc3)cc2C=O)cc1,'=',nM,17.0
Cc1c(C(=O)/C=C/c2ccccc2)nnn1-c1ccc(S(N)(=O)=O)cc1,'=',nM,2610.0
CC1=C(c2ccc(C(=O)NNC(=S)Nc3ccccc3)cn2)SC2Nc3ccccc3N12,'=',nM,452.0
Cc1c(CCOCCO[N+](=O)[O-])cc(-c2ccc(S(C)(=O)=O)cc2)n1-c1ccc(F)c(F)c1,'=',nM,920.0
Cc1c(CCOCCCO)cc(-c2ccc(S(C)(=O)=O)cc2)n1-c1cccc(F)c1,'=',nM,1500.0
COc1ccc(-c2noc(CBr)c2-c2ccc(OC)cc2)cc1,'=',nM,180.0
COc1ccc(-c2noc(CF)c2-c2ccc(OC)cc2)cc1,'=',nM,300.0
O=C(NCCc1ccccc1)c1sc2ccccc2c1Br,'=',nM,17670.0
COc1ccc(-c2noc(CC(=O)NCCNC(=O)Cc3onc(-c4ccc(OC)cc4)c3-c3ccc(OC)cc3)c2-c2ccc(OC)cc2)cc1,'=',nM,120.0
CSc1ccc(-c2cn3c(c2-c2ccc(F)cc2)CCC3)cc1,'=',nM,100.0
Cc1ccsc1-c1nc(C(F)(F)F)cn1-c1ccc(S(C)(=O)=O)cc1,'=',nM,1096.48
C/C(=N\NC(N)=S)c1nnn(-c2ccc(F)cc2)c1C,'=',nM,70.0
CC1N(C(=O)Nc2ccccc2)C(=O)c2ccccc2S1(=O)=O,'=',nM,320400.0
C/C(=N\Nc1nc(-c2ccc(Cl)cc2)cs1)c1nnn(-c2ccc(F)cc2)c1C,'=',nM,50.0
CC(=O)c1nnn(-c2ccc(Cl)cc2)c1C,'=',nM,120.0
C/C(=N\NC(N)=O)c1nnn(-c2ccc(C(=O)O)cc2)c1C,'=',nM,290.0
Cc1ccc(-n2nc(COC(=O)COc3cc(O)c4c(=O)cc(-c5ccccc5)oc4c3)cc2-c2ccc(Cl)c(Cl)c2)cc1,'=',nM,5020.0
O=c1c2ccccc2nc(SCc2cn(-c3ccccc3)nn2)n1-c1ccccc1,'=',nM,890.0
O=C(O)c1ccc(-n2cc(CSc3nc4ccccc4c(=O)n3-c3ccc(Br)cc3)nn2)cc1,'=',nM,890.0
COc1ccc(-n2c(SCc3cn(-c4ccccc4)nn3)nc3ccccc3c2=O)cc1,'=',nM,1040.0
COc1ccc(-n2c(SCc3cn(-c4ccc(Cl)cc4)nn3)nc3ccccc3c2=O)cc1,'=',nM,520.0
Cc1ccc(/C(=C/c2ccc(S(C)(=O)=O)cc2)c2ccccc2)cc1,'=',nM,120.0
CCCC/C(=C(\c1ccccc1)c1cc(C(C)(C)C)c(O)c(C(C)(C)C)c1)c1ccc(S(C)(=O)=O)cc1,'=',nM,360.0
Cc1ccc(S(=O)(=O)n2cc(C(=O)C(=O)NCC(=O)O)c3ccccc32)cc1,'=',nM,9110.0
Cc1ccc(-c2cc(CO)nn2-c2ccc(S(N)(=O)=O)cc2)cc1,'=',nM,1270.0
Nc1n[nH]c(N=c2c(=O)c3ccccc3c2=O)c1/N=N/c1ccc(O)cc1,'=',nM,61440.0
COc1ccc(-c2nc(O[11CH3])nn2-c2ccc(OC)cc2)cc1,'=',nM,1000.0
C[C@H](C(=O)OC(Cn1ccnc1)c1ccc(F)cc1)c1ccc(-c2ccccc2)c(F)c1,'=',nM,3760.0
Cc1ccc(N/N=C2\C(=N)N(c3ccc(S(N)(=O)=O)cc3)N=C2N)cc1,'=',nM,670.0
NC(CO)(CO)CO.O=C(c1ccccc1)c1ccc2n1CCC2C(=O)O,'=',nM,120.0
CC(C(=O)O)c1ccc(CC2CCCC2=O)cc1,'=',nM,13500.0
NS(=O)(=O)c1ccc(-n2nc(C(=O)N3CCOCC3)cc2-c2cccc(Cl)c2)cc1,'=',nM,240.0
NS(=O)(=O)c1ccc(-n2nc(C(=O)N3CCSCC3)cc2-c2ccccc2)cc1,'=',nM,670.0
CS(=O)(=O)c1ccc(-n2cc(C(F)(F)F)nc2-c2ccc(F)cc2)cc1,'=',nM,100.0
CCCCCCNC(=O)Oc1cccc(-c2ccc(C(C)C(=O)O)cc2F)c1,'=',nM,430.0
CCCCCCNC(=O)Oc1cccc(-c2ccc([C@@H](C)C(=O)O)cc2F)c1,'=',nM,22800.0
CS(=O)(=O)c1ccc(-c2cc(C(F)(F)F)nc(OCc3ccc(I)cc3)n2)cc1,'=',nM,2500.0
NS(=O)(=O)c1ccc(N2N=C(c3ccco3)CC2c2ccco2)cc1,'=',nM,4130.0
COc1ccc(-n2c(-c3ccc(S(C)(=O)=O)cc3)cc(CC(=O)OCCCCO[N+](=O)[O-])c2C)cc1,'=',nM,550.0
COc1ccc(-n2c(-c3ccc(S(C)(=O)=O)cc3)cc(CC(=O)OCCCO)c2C)cc1,'=',nM,700.0
O=C(c1cccs1)c1sc(N2CCOCC2)nc1-c1ccc(F)cc1,'=',nM,90.0
CCOP(=O)(OCC)C(NC(=O)c1cc(-c2ccc(F)cc2)n(-c2ccc(S(N)(=O)=O)cc2)n1)c1ccccc1,'=',nM,280.0
COc1ccccc1/C=C/C1=NNC(S)CC1,'=',nM,43.8
O=c1[nH]n2c(=O)c3ccccc3nc2/c1=C/c1ccc(Br)cc1,'=',nM,47.0
Nc1c(C(=O)N/N=C/c2ccccc2)sc2nc(-c3ccc(Cl)cc3)cc(-c3cccs3)c12,'=',nM,104.0
COc1ccnc(Nc2nn3c(SC)c(C#N)c(O)nc3c2C#N)c1,'=',nM,1400.0
C[Si](C)(C)c1onc(-c2ccc(F)cc2)c1-c1ccc(S(C)(=O)=O)cc1,'=',nM,1870.0
C#CCSc1nc2ccccc2c(=O)n1-c1ccc(Br)cc1,'=',nM,180.0
COc1ccc(-n2c(SCc3cn(-c4ccc(C(=O)O)cc4)nn3)nc3ccccc3c2=O)cc1,'=',nM,1340.0
COc1ccc(-c2cc(CSc3nc4ccccc4c(=O)n3-c3ccc(Br)cc3)on2)cc1,'=',nM,560.0
CS(=O)(=O)c1ccc(-c2cn3c(c2-c2ccc(F)cc2)CCC3)cc1,'=',nM,160.0
Cc1ccc(-c2cn3c(c2-c2ccccc2)CCC3)s1,'=',nM,1800.0
COc1ccc(O)c(/C=N/Nc2nc(-c3ccc(S(C)(=O)=O)cc3)cs2)c1,'=',nM,213.0
COc1cccc(/C=N/Nc2nc(-c3ccc(S(C)(=O)=O)cc3)cs2)c1OC,'=',nM,184.0
Cc1cnc(NC(=O)N2C(=O)c3ccccc3S(=O)(=O)C2C)s1,'=',nM,276400.0
Clc1ccccc1C(c1ccccc1)(c1ccccc1)n1ccnc1,'=',nM,41796.0
NC(=O)N1C(=O)/C(=C(\O)c2cccs2)c2cc(Cl)ccc21,'=',nM,267.0
COc1ccc(-c2cc(COC(=O)COc3cc(O)c4c(=O)cc(-c5ccccc5)oc4c3)nn2-c2ccc(Cl)cc2)cc1,'=',nM,350.0
O=C(COc1cc(O)c2c(=O)cc(-c3ccccc3)oc2c1)OCc1cc(-c2ccc(Cl)c(Cl)c2)n(-c2ccccc2)n1,'=',nM,6830.0
Cc1ccc(-n2nc(COC(=O)COc3cc(O)c4c(=O)cc(-c5ccccc5)oc4c3)cc2-c2ccc(C(F)(F)F)cc2)cc1,'=',nM,5020.0
O=C(COc1cc(O)c2c(=O)cc(-c3ccccc3)oc2c1)OCc1cc(-c2cccc(Cl)c2)n(-c2ccc(Cl)cc2)n1,'=',nM,422.0
Cc1ccc(-n2nc(COC(=O)COc3cc(O)c4c(=O)cc(-c5ccccc5)oc4c3)cc2-c2ccc(Br)cc2)cc1,'=',nM,1080.0
C#CCSc1nc2ccccc2c(=O)n1-c1ccc(Cl)cc1,'=',nM,390.0
CS(=O)(=O)c1ccc(-c2occ(Cl)c(=O)c2-c2cccc(Cl)c2)cc1,'=',nM,1416772.11
COc1ccccc1/C=C/c1ccc(=O)n(-c2ccc(F)cc2)n1,'=',nM,19.77
CC(C)(C)c1cc(C(=O)CCCC2CC2)cc2c1OCCC2(C)C,'=',nM,3000.0
CC(Cl)C(=O)Nc1c(C#N)cnn1-c1ccc(S(N)(=O)=O)cc1,'=',nM,108.3
N#Cc1cnn(-c2ccc(S(N)(=O)=O)cc2)c1NC(=O)CN1CCOCC1,'=',nM,34.21
COc1cc(/C=C/c2ccc([N+](=O)[O-])cc2)cc(OC)c1,'=',nM,5940.0
O=[N+]([O-])c1ccc(/C=C/c2cc(O)cc(O)c2)cc1,'=',nM,31600.0
CC(=O)O[C@@]12[C@H](OC(=O)[C@@H](C(C)C)N(C)C)[C@@H](C)[C@]3(O)[C@@H]4C=C(C)C(=O)[C@@H]4CC(CO)=C[C@H]3[C@@H]1C2(C)C,'=',nM,2200.0
Oc1cccc(O)c1O,'=',nM,144000.0
NS(=O)(=O)c1ccc(N2CCN=C2c2ccc(F)cc2)cc1,'=',nM,6900.0
Clc1ccc(COC(Cn2ccnc2)c2ccc(Cl)cc2Cl)c(Cl)c1,'=',nM,25844.0
COc1ccc(N2CCN(CCc3c(C)nc4oc(-c5ccccc5)nn4c3=O)CC2)cc1,'=',nM,7.0
Cc1nc2oc(-c3ccc(Cl)cc3)nn2c(=O)c1CCN1CCN(c2ccccc2)CC1,'=',nM,40.0
Cc1c(CCOCCO[N+](=O)[O-])cc(-c2ccc(S(C)(=O)=O)cc2)n1-c1ccc(F)cc1,'=',nM,14.0
Cc1c(CC(=O)NCCCO)cc(-c2ccc(S(C)(=O)=O)cc2)n1-c1ccc(F)cc1,'=',nM,68.0
COC(=O)[C@H](Cc1ccccc1)Nc1nc(Cl)nc(Nc2ccc(N3CCOCC3=O)cc2)n1,'=',nM,8000.0
COC(=O)[C@H](Cc1ccccc1)n1cc(COc2nc(Cl)nc(N3CCOCC3)n2)nn1,'=',nM,200.0
CC(C)c1ccc2c(c1)c(SC(C)(C)C)c(CC(C)(C)C(=O)O)n2Cc1ccc(Cl)cc1,'=',nM,58000.0
C#CCSc1nc2ccccc2c(=O)n1-c1ccccc1,'=',nM,270.0
C#CCSc1nc2ccccc2c(=O)n1-c1ccc(OC)cc1,'=',nM,440.0
COc1ccnc(Nc2nn3c(C)cc(C)nc3c2C#N)c1,'=',nM,1110.0
CS(=O)(=O)c1ccc(/C=C(/C(=O)O)c2cccc(-c3ccc(S(C)(=O)=O)cc3)c2)cc1,'=',nM,2100.0
CC/C(=C(\c1ccccc1)c1ccc(NS(C)(=O)=O)cc1)c1ccccc1,'=',nM,1800.0
CCc1ccc(/C=C2\CN(C)CC3C2=NN(c2ccccc2)C3c2ccc(CC)s2)s1,'=',nM,2.0
CC(=O)c1ccc(Nc2nc(N3CCOCC3)nc(N3CCOCC3)n2)cc1,'=',nM,1340.0
CCOC(=O)[C@H](CO)NC(=O)c1cccc(O)c1O,'=',nM,2220.0
NC(=S)n1nc(-c2ccccc2)cc1-c1cn(-c2ccccc2)nc1-c1ccc(OCc2ccccc2)cc1,'=',nM,5200.0
O=C(CNc1ncnc2sc3c(c12)CCCC3)NN=Cc1cccs1,'=',nM,920.0
CC1=NN(c2ccccc2)C(=O)/C1=C\c1cn(CCCOc2cc(O)c3c(=O)cc(-c4ccccc4)oc3c2)c2ccccc12,'=',nM,700.0
COc1ccc(C2=NNC(S)C2N(CN2C(=O)/C(=C\c3nnc(-c4ccc(-c5ccc(OC)cc5)cc4)s3)c3ccccc32)C(=O)c2ccccc2)cc1,'=',nM,53100.0
CS(=O)(=O)c1ccc(-c2cc(Sc3ccccc3)sc2-c2ccc(F)cc2)cc1,'=',nM,66000.0
NS(=O)(=O)c1ccc(/N=c2\scc(-c3cccs3)n2-c2ccccc2)cc1,'=',nM,12610.0
CCOC(=O)Cn1nncc1CO[C@@H](C(=O)OCC)[C@@H](O)C(=O)OCC,'=',nM,55000.0
O=C(O)[C@H](OCc1cnnn1[C@@H](Cc1ccccc1)C(=O)O)[C@@H](OCc1cnnn1[C@@H](Cc1ccccc1)C(=O)O)C(=O)O,'=',nM,1000.0
COC(=O)[C@H](Cc1ccc(O)cc1)n1nncc1COc1ccc2ccccc2c1-c1c(OCc2cnnn2[C@@H](Cc2ccc(O)cc2)C(=O)OC)ccc2ccccc12,'=',nM,1500.0
Nc1c(C(=O)N/N=C/c2ccccc2)cnn1-c1ccc(S(N)(=O)=O)cc1,'=',nM,49.0
Nc1c(C(=O)N/N=C/c2ccc(Cl)cc2)cnn1-c1ccc(S(N)(=O)=O)cc1,'=',nM,90.0
Nc1c(C(=O)N/N=C/c2ccc([N+](=O)[O-])cc2)cnn1-c1ccc(S(N)(=O)=O)cc1,'=',nM,156.0
CN1C(C(=O)Nc2ccccn2)=C(O)c2ccccc2S1(=O)=O,'=',nM,218000.0
COc1ccc(N2C(=O)/C(=C/c3cn(-c4ccc(S(C)(=O)=O)cc4)nc3-c3cccc(Cl)c3)NC2=S)cc1,'=',nM,560.0
NS(=O)(=O)c1ccc(-n2cc(-c3ccccc3)nn2)cc1,'=',nM,1300.0
C=CCn1c(-c2ccc(Cl)cc2)cs/c1=N\NC(=O)c1cc(NCCCC)c(Oc2ccccc2)c(S(N)(=O)=O)c1,'=',nM,1520.0
CCCCNc1cc(-c2n[nH]c(=S)n2-c2ccc(Br)cc2)cc(S(N)(=O)=O)c1Oc1ccccc1,'=',nM,170.0
COc1ccc(-c2nnc(/N=C3\NC(=O)CS3)s2)cc1OC,'=',nM,190.0
CSc1ccc(-c2cn3c(c2-c2ccccc2)CCC3)cc1,'=',nM,1000.0
CS(=O)(=O)c1ccc(C(=O)/C=C/c2cccc(Cl)c2Cl)cc1,'=',nM,180.0
CS(=O)(=O)c1ccc(-c2cc(-c3ccc(F)cc3)n(-c3ccc(S(N)(=O)=O)cc3)n2)cc1,'=',nM,43.0
COc1ccc(C2=NN(C(N)=O)C(c3cn(-c4ccccc4)nc3-c3ccc(Cl)cc3)C2)cc1,'=',nM,1090.0
CC(=O)Oc1cc2oc(-c3ccccc3)cc2cc1-c1c[se]nn1,'=',nM,50.0
O=c1[nH]n2c(=O)c3ccccc3nc2/c1=C/c1cccc(F)c1,'=',nM,47.0
COc1ccccc1/C=c1\c(=O)[nH]n2c(=O)c3ccccc3nc12,'=',nM,47.0
CS(=O)(=O)c1ccc(-c2cnn(Cc3cccs3)c(=O)c2-c2ccc(F)cc2)cc1,'=',nM,50.0
COC(=O)[C@@H](N)Cc1cn(-c2nc(Cl)nc(N3CCCCC3)n2)c2ccccc12,'=',nM,20.0
Clc1nc(OCc2cn(Cc3ccccc3)nn2)nc(N2CCOCC2)n1,'=',nM,100.0
COC(=O)[C@H](Cc1ccc(O)cc1)n1cc(COc2nc(Cl)nc(N3CCCC3)n2)nn1,'=',nM,4000.0
COc1ccc(-n2nc(CCC(=O)N(C)O)cc2-c2ccc(Cl)cc2)cc1,'=',nM,2850.0
COC(=O)[C@H](C)NC(=O)[C@@H]1CCCN1C(=O)CNC(=O)[C@H](C)N,'=',nM,600.0
O=C(NCCc1c[nH]c2ccccc12)c1cc2ccccc2cc1O,'=',nM,39210.0
CCCCCCCCCCCCCC1=CC(=O)C=C(OC)C1=O,'=',nM,880.0
Cc1cc(C)c2c(=O)n(CN(C)CCNc3ccccc3)sc2n1,'=',nM,494300.0
CC(C)S(=O)(=O)c1c(O)n(Cc2ccc(F)c(F)c2)c(=O)c2ccccc12,'=',nM,200.0
COc1ccc(/C=N/NC(=O)c2cnn(-c3ccc(S(N)(=O)=O)cc3)c2N)cc1,'=',nM,150.0
COc1cc(/C=C2\N=C(c3ccccc3)N(c3ccc(C(=O)O)cc3)C2=O)ccc1OC(=O)c1ccccc1,'=',nM,92.0
COC(=O)CNC(=O)[C@@H](NC(=O)OCc1ccccc1)C(C)C,'=',nM,75000.0
COc1cc2c(cc1O)CCc1cc(O)cc(OC)c1-2,'=',nM,5800.0
Cc1ccc(C(=O)c2ccc(CC(=O)O)n2C)cc1,'=',nM,820.0
COc1ccc(-c2nc3cc(NC(=O)c4cccc(C)c4)ccc3o2)cc1OC,'=',nM,1560.0
COc1ccc(-c2nc3cc(NC(=O)c4ccccc4Cl)ccc3o2)cc1OC,'=',nM,40.0
CCCCCCNC(=O)Oc1cccc(-c2ccc(C(C)C(=O)O)cc2N)c1,'=',nM,12100.0
COC(=O)COc1ccc(/C=C/c2ccc([N+](=O)[O-])cc2)cc1,'=',nM,7461.0
COc1ccc(/C=C/c2c(CC=C(C)C)c(O)cc(O)c2CC=C(C)C)cc1,'=',nM,4700.0
NS(=O)(=O)c1ccc(-n2nc(C(F)(F)F)cc2-c2ccncc2)cc1,'=',nM,64700.0
O=C1COCCN1c1ccc(Nc2nc(Cl)nc(NCc3ccccc3)n2)cc1,'=',nM,60000.0
N#Cc1cc(S(=O)(=O)Nc2ncns2)ccc1Oc1ccc(-c2cccc(C(F)(F)F)c2)cc1-c1ccnc(CNCCC2CCNCC2)c1,'=',nM,3650.0
CC(C)(C)c1cc(/C=N/NC(=O)c2ccncc2)c(O)c(C(C)(C)C)c1,'=',nM,7110.0
CS(=O)(=O)c1ccc(-c2csc(N/N=C/c3cccc(O)c3)n2)cc1,'=',nM,140.0
C/C(=N\NC(N)=O)c1nnn(-c2ccc(S(N)(=O)=O)cc2)c1C,'=',nM,420.0
CS(=O)(=O)c1ccc(-n2c(-c3ccc(O[11CH3])c(F)c3)cnc2Cl)cc1,'=',nM,5.0
CS(=O)(=O)c1ccc(-c2cc(O[11CH3])nc(NCc3cccs3)n2)cc1,'=',nM,1.0
COc1ccccc1/C=C/C1=NNC(=O)CC1,'=',nM,103.17
O=C(c1sc(N(c2ccccc2)c2ccccc2)nc1-c1ccc([N+](=O)[O-])cc1)c1cccc2ccccc12,'=',nM,70.0
N=C1/C(=N\Nc2ccc(S(N)(=O)=O)cc2)C(N)=NN1c1ccccc1C(=O)O,'=',nM,1120.0
CC1=NN(c2ccc(S(N)(=O)=O)cc2)C(=O)/C1=N/Nc1ccc(S(N)(=O)=O)cc1,'=',nM,660.0
CC1=CCCC2C1(C)CCC(C)C2(C)CCC1=CC(=O)OC1O,'=',nM,10.34
CC(=O)N1NC(c2ccccc2)=CC1c1nnc2n(Cc3ccccc3)c(=O)c3c4c(sc3n12)CCCC4,'=',nM,540.0
COc1cc(/C=c2\c(=O)[nH]n3c(=O)c4ccccc4nc23)cc(OC)c1OC,'=',nM,47.0
COc1ccc(/C=C/c2cc(OC)cc(OC)c2)cc1,'=',nM,1667.0
COc1ccc(-n2c(-c3ccc(S(C)(=O)=O)cc3)cc(CC(=O)OCCO[N+](=O)[O-])c2C)cc1,'=',nM,170.0
Cc1c(CCOCCO[N+](=O)[O-])cc(-c2ccc(S(C)(=O)=O)cc2)n1-c1ccccc1,'=',nM,17.0
CCOC(=O)[C@H](O)[C@@H](OCc1cnnn1[C@@H](Cc1ccccc1)C(=O)OC)C(=O)OCC,'=',nM,32000.0
COc1ccc(-c2ncn(CC(=O)O)c2-c2ccc(OC)cc2)cc1,'=',nM,12570.0
COc1ccc2c(c1)c(CC(=O)NCCCO)c(C)n2C(=O)c1ccc(Cl)cc1,'=',nM,1800.0
Oc1ccc(-n2cc(-c3ccc(O)cc3Cl)nc2-c2ccc(O)cc2Cl)cc1,'=',nM,9400.0
NS(=O)(=O)c1ccc(-n2nc(C(=O)OCCOc3cc(=O)oc4ccccc34)cc2-c2ccccc2)cc1,'=',nM,540.0
COc1cccc(-c2cc(C(=O)OCCOc3cc(=O)oc4ccccc34)nn2-c2ccc(S(N)(=O)=O)cc2)c1,'=',nM,430.0
O=C(CNc1ncnc2sc3c(c12)CCCC3)NN=Cc1ccc([N+](=O)[O-])cc1,'=',nM,530.0
c1ccc2c(c1)Nc1ccccc1S2,'=',nM,532.0
CC(C)(C)c1cc(/C=C2\SC(=O)NC2=O)cc(C(C)(C)C)c1O,'=',nM,4700.0
COc1ccc2ccc(F)c(CC(=O)N/N=C/c3ccc(C(F)(F)F)cc3)c2n1,'=',nM,130.0
CC1=CC/C(=N/N=C(\C)c2cc3ccccc3oc2=O)N1C,'=',nM,310.0
COC(=O)[C@H](Cc1c[nH]c2ccccc12)n1nncc1COc1ccc2ccccc2c1-c1c(OCc2cnnn2[C@@H](Cc2c[nH]c3ccccc23)C(=O)OC)ccc2ccccc12,'=',nM,2800.0
CS(=O)(=O)c1ccc(C(=O)/C=C/c2ccc(F)c(F)c2)cc1,'=',nM,180.0
CCOc1ccc(-c2cc(-c3ccc(Cl)cc3)n(-c3ccc(S(N)(=O)=O)cc3)n2)cc1,'=',nM,43.0
CCCCNc1cc(-c2n[nH]c(=S)n2-c2ccccc2)cc(S(N)(=O)=O)c1Oc1ccccc1,'=',nM,280.0
C=CCc1ccc(-n2c(-c3cc(NCCCC)c(Oc4ccccc4)c(S(N)(=O)=O)c3)n[nH]c2=S)cc1,'=',nM,4590.0
CCOc1cc(/C=C2\C(=O)N(c3ccc(S(N)(=O)=O)cc3)N=C2C)ccc1O,'=',nM,150.0
COc1cc(/C=C2\N=C(c3ccccc3)N(c3ccc(S(N)(=O)=O)cc3)C2=O)ccc1OC(=O)c1ccccc1,'=',nM,87.0
O=C1CS/C(=N/c2nnc(-c3ccccc3O)s2)N1,'=',nM,190.0
O=C1CS/C(=N/c2nnc(-c3ccc(O)cc3)s2)N1,'=',nM,190.0
Cc1nnc(/N=C2\NC(=O)/C(=C/c3ccc(C(C)C)cc3)S2)s1,'=',nM,100.0
Cc1nnc(/N=C2\NC(=O)/C(=C/c3ccc(O)cc3)S2)s1,'=',nM,100.0
Cc1nnc(/N=C2\NC(=O)/C(=C/c3ccc(N(C)C)cc3)S2)s1,'=',nM,100.0
Cc1nnc(/N=C2\NC(=O)/C(=C/c3ccc(Br)cc3)S2)s1,'=',nM,100.0
Cc1nnc(/N=C2\NC(=O)/C(=C/c3ccc(F)cc3)S2)s1,'=',nM,100.0
Cc1nnc(/N=C2\NC(=O)/C(=C/c3cccnc3)S2)s1,'=',nM,250.0
COC1CC(C2OC3CC(CCC4CC(O)CC(O)C4)CCC3OC2CO)CC(OC)C1O,'=',nM,9900.0
Cc1ccc(NC(=S)NNC(=O)Nc2ccc(S(C)(=O)=O)cc2)cc1,'=',nM,2150.0
Cc1cccc(C)c1NC(=S)NNC(=O)Nc1ccc(S(C)(=O)=O)cc1,'=',nM,3140.0
CS(=O)(=O)c1ccc(NC(=O)NNC(=S)Nc2ccc(F)cc2)cc1,'=',nM,12490.0
CS(=O)(=O)c1ccc(NC(=O)NNC(=S)Nc2ccc(Cl)cc2)cc1,'=',nM,5320.0
CS(=O)(=O)c1ccc(C2=C(c3ccccc3)C(=O)OC2O)cc1,'=',nM,8700.0
COc1cc(/C=C/C(=O)O)cc(OC)c1O,'=',nM,28000.0
O=c1[nH]n2c(=O)c3ccccc3nc2/c1=C/c1ccc(Cl)cc1,'=',nM,47.0
N#Cc1ccc(-c2nc(N(c3ccccc3)c3ccccc3)sc2C(=O)c2cccs2)cc1,'=',nM,90.0
CCOP(=O)(OCC)C(NC(=O)c1cc(-c2cccc3ccccc23)n(-c2ccccc2F)n1)c1ccccc1,'=',nM,220.0
CCOP(=O)(OCC)C(NC(=O)c1cc(-c2cccc3ccccc23)n(-c2ccccc2F)n1)c1ccc(Cl)cc1,'=',nM,220.0
CCOP(=O)(OCC)C(NC(=O)c1cc(-c2cccc3ccccc23)n(-c2ccc(Br)cc2)n1)c1ccc(Cl)cc1,'=',nM,220.0
CCOP(=O)(OCC)C(NC(=O)c1cc(-c2cccc3ccccc23)n(-c2ccc(Br)cc2)n1)c1ccccc1OC,'=',nM,220.0
CCOP(=O)(OCC)C(NC(=O)c1cc(-c2cccs2)n(-c2ccc(S(N)(=O)=O)cc2)n1)c1ccccc1OC,'=',nM,220.0
COc1cc(/C=C/C(=O)c2cccc(-n3cnnn3)c2)cc(OC)c1OC,'=',nM,100.0
O=C(/C=C/c1cccnc1)c1cccc(-n2cnnn2)c1,'=',nM,100.0
CCOc1ccc2nc(NC(=O)CSc3nnc(Cc4c[nH]c5ccccc45)o3)sc2c1,'=',nM,37500.0
Cc1c(CC(=O)N[C@H](CO)C(=O)O)cc(-c2ccc(S(C)(=O)=O)cc2)n1-c1ccc(F)cc1,'=',nM,160.0
C=C1C(=O)O[C@H]2[C@H]1CC/C(C)=C/CC[C@@]1(C)O[C@@H]21,'=',nM,800.0
CCCCOc1nnc(CNc2ncnc3sc4c(c23)CCCC4)o1,'=',nM,4780.0
CC1=NN(C(=O)CNc2ncnc3sc4c(c23)CCCC4)C(C)(O)C1,'=',nM,2150.0
CC(C(=O)O)c1ccc(C(=O)c2cccs2)cc1,'=',nM,2750.0
C=CCSS/C=C/C[S+]([O-])CC=C,'=',nM,3400.0
COc1ccc(/C=C/c2cc(O)cc(O)c2)cc1,'=',nM,19600.0
C[C@@H](C(=O)O)c1ccc(-c2ccccc2)c(F)c1,'=',nM,123000.0
O=C(O)c1cc(-c2ccc(C3CCNCC3)cc2)c2ccc(-c3ccc(C(F)(F)F)cc3)cc2c1,'=',nM,8710.0
Cc1cccnc1-c1nc(C(F)(F)F)cn1-c1ccc(S(C)(=O)=O)cc1,'=',nM,5754.4
COc1cc(C(=O)O)cc(O)c1O,'=',nM,23400.0
CC(=O)NCCc1ccc(NC(=O)c2ccc(O)c(O)c2)c(O)c1,'=',nM,6860.0
O=c1c2ccccc2nc2n1CCc1c-2[nH]c2ccccc12,'=',nM,300.0
CSc1cc(N)ccc1/N=N/c1ccc(S(N)(=O)=O)cc1,'=',nM,2040.0
Cc1c(CCOCCO[N+](=O)[O-])cc(-c2ccc(S(C)(=O)=O)cc2)n1-c1cccc(F)c1,'=',nM,28.0
O=C(CNc1ncnc2sc3c(c12)CCCC3)NNC(=O)Nc1ccccc1,'=',nM,7680.0
CC(C)(C)c1cc(/C=C2\SC(N=C(N)N)=NC2=O)cc(C(C)(C)C)c1O,'=',nM,21000.0
COc1c(Br)cc(-c2nc(C(F)(F)F)cn2-c2ccc(S(C)(=O)=O)cc2)cc1Br,'=',nM,90.0
CCCCNc1cc(C(=O)n2nc(C)cc2-c2ccccc2)cc(S(N)(=O)=O)c1Oc1ccccc1,'=',nM,320.0
Cc1nnc(/N=C2\NC(=O)/C(=C/C=C/c3ccccc3)S2)s1,'=',nM,250.0
CCOP(=O)(OCC)C(NC(=O)c1cc(-c2cccc3ccccc23)n(-c2ccc(S(N)(=O)=O)cc2)n1)c1ccccc1,'=',nM,220.0
CCOP(=O)(OCC)C(NC(=O)c1cc(-c2ccsc2)n(-c2ccc(S(N)(=O)=O)cc2)n1)c1ccc(Cl)cc1,'=',nM,220.0
CCOP(=O)(OCC)C(NC(=O)c1cc(-c2cccc(Cl)c2)n(-c2ccc(S(N)(=O)=O)cc2)n1)c1ccc(Br)cc1,'=',nM,280.0
COc1ccc(-c2cc(-c3cccc(-n4cnnn4)c3)no2)cc1,'=',nM,41.0
COc1cc(-c2cc(-c3cccc(-n4cnnn4)c3)no2)cc(OC)c1OC,'=',nM,41.0
O=c1cc(-c2ccc(O)cc2)oc2cc(O)cc(O)c12,'=',nM,8000.0
CCCCCC1C(C)=c2c(OCc3nnc(SCC(=O)N4CCN(c5ccccc5)CC4)o3)nn(C)c(=O)c2=C1C,'=',nM,6800.0
NS(=O)(=O)c1ccc(-c2conc2-c2ccc(F)cc2)cc1,'=',nM,42.0
CS(=O)(=O)c1ccc(C2=C(c3ccc(F)cc3)SC(Br)C2)cc1,'=',nM,1995262.31
C[C@@H]1C[C@H]2O[C@@H]2/C=C\C=C\C(=O)Cc2c(Cl)c(O)cc(O)c2C(=O)O1,'=',nM,27.0
Oc1cc(O)cc(-c2cc3ccc(O)cc3o2)c1,'=',nM,22300.0
CCCCCCCCCCCCCCCC1=CC(=O)C=C(OC)C1=O,'=',nM,8970.0
CCCCNc1cc(C(=O)N/N=c2\scc(-c3ccc(Cl)cc3)n2-c2ccccc2)cc(S(N)(=O)=O)c1Oc1ccccc1,'=',nM,1520.0
O=C1CS/C(=N/c2nnc(-c3ccc(Br)cc3)s2)N1,'=',nM,190.0
NC(=O)N1N=C(c2ccc(Cl)cc2)CC1c1cn(-c2ccccc2)nc1-c1ccc(F)cc1,'=',nM,1090.0
CC1=NN(c2ccc(S(N)(=O)=O)cc2)C(=O)/C1=N/Nc1ccc(C(=O)O)cc1,'=',nM,770.0
CCc1ccc(-c2ccc(-n3cc(CNC(=O)C(=O)c4c[nH]c5ccccc45)nn3)cc2)cc1,'=',nM,120.0
O=C1c2ccccc2C(=O)N1c1nc2cc([N+](=O)[O-])ccc2n1Cc1ccc(-c2ccccc2)cc1,'=',nM,1000.0
CC(=O)N1N=C(C)/C(=N\Nc2cccc(-c3nc4ccccc4[nH]3)c2)C1=O,'=',nM,120.0
O=C1CC(c2ccc(O)cc2O)Oc2cc(O)cc(O)c21,'=',nM,46400.0
COc1ccc(-c2cc(-c3ccc(Cl)cc3)n(-c3ccc(S(N)(=O)=O)cc3)n2)cc1OC,'=',nM,43.0
COc1ccc(-c2cc(-c3ccc(Br)cc3)n(-c3ccc(S(N)(=O)=O)cc3)n2)cc1OC,'=',nM,43.0
NC(=O)N1N=C(c2ccccc2)CC1c1cn(-c2ccccc2)nc1-c1ccc(F)cc1,'=',nM,1090.0
CCCCNc1cc(C(=O)N2N=C(C)CC2=O)cc(S(N)(=O)=O)c1Oc1ccccc1,'=',nM,5110.0
C/C(=N\NC(=O)c1nnn(-c2ccc(S(N)(=O)=O)cc2)c1C)c1nnn(-c2ccc(S(N)(=O)=O)cc2)c1C,'=',nM,2610.0
Cc1nnc(/N=C2\NC(=O)CS2)s1,'=',nM,190.0
CN1C/C(=C\c2cccs2)C2=NN(c3ccccc3)C(c3cccs3)C2C1,'=',nM,2.0
CN1C/C(=C\c2ccc([N+](=O)[O-])s2)C2=NN(c3ccccc3)C(c3ccc([N+](=O)[O-])s3)C2C1,'=',nM,2.0
CCOc1ccc(-c2cc(C(=O)N3CCSCC3)nn2-c2ccc(S(N)(=O)=O)cc2)cc1,'=',nM,970.0
NS(=O)(=O)c1ccc(-n2nc(C(=O)N3CCSCC3)cc2-c2ccc(F)cc2)cc1,'=',nM,210.0
NS(=O)(=O)c1ccc(-n2nc(C(=O)OCCCN3CCOCC3)cc2-c2ccc(Cl)cc2)cc1,'=',nM,5470.0
O=c1cc(-c2ccccc2)oc2cc(O)cc(O)c12,'=',nM,25500.0
COc1ccc(C=NNC(=O)CNc2ncnc3sc4c(c23)CCCC4)cc1,'=',nM,2980.0
O=C(CNc1ncnc2sc3c(c12)CCCC3)NN=C1C(=O)Nc2ccccc21,'=',nM,3860.0
CC(=O)N/C=C/c1ccc2c(c1)O[C@H](c1ccc(O)c(O)c1)[C@H](NC(C)=O)O2,'=',nM,6430.0
N#Cc1c(-c2ccccc2Cl)nc2c(/N=N/c3ccc(O)cc3)c(N)nn2c1N,'=',nM,84830.0
CCCCNc1cc(C(=O)N/N=c2\scc(-c3ccc(C)cc3)n2-c2ccc(Br)cc2)cc(S(N)(=O)=O)c1Oc1ccccc1,'=',nM,1520.0
CN1C/C(=C\c2ccc(Br)s2)C2=NN(c3ccccc3)C(c3ccc(Br)s3)C2C1,'=',nM,2.0
Cc1ccc(-c2nc(N3CCOCC3)sc2C(=O)c2cccs2)cc1,'=',nM,90.0
CCOP(=O)(OCC)C(NC(=O)c1cc(-c2cccc3ccccc23)n(-c2ccc(F)cc2)n1)c1ccc(OC)cc1,'=',nM,220.0
CCOP(=O)(OCC)C(NC(=O)c1cc(-c2cccc3ccccc23)n(-c2ccc(Br)cc2)n1)c1ccc(OC)cc1,'=',nM,220.0
CCOP(=O)(OCC)C(NC(=O)c1cc(-c2ccsc2)n(-c2ccc(S(N)(=O)=O)cc2)n1)c1ccccc1,'=',nM,220.0
CCOP(=O)(OCC)C(NC(=O)c1cc(-c2ccsc2)n(-c2ccc(S(N)(=O)=O)cc2)n1)c1ccc(OC)cc1,'=',nM,220.0
CCOP(=O)(OCC)C(NC(=O)c1cc(-c2ccc(Br)cc2)n(-c2ccc(S(N)(=O)=O)cc2)n1)c1ccccc1,'=',nM,280.0
CCOP(=O)(OCC)C(NC(=O)c1cc(-c2ccc(C)cc2)n(-c2ccc(S(N)(=O)=O)cc2)n1)c1ccc(Br)cc1,'=',nM,280.0
CCOP(=O)(OCC)C(NC(=O)c1cc(-c2cccc(F)c2)n(-c2ccc(S(N)(=O)=O)cc2)n1)c1ccc(Br)cc1,'=',nM,280.0
Fc1ccc(CSc2nnc(-c3cccs3)n2-c2ccc(Cl)cc2)cc1,'=',nM,4260.0
CN(C)c1ccc(/C=C/C(=O)c2cccc(-n3cnnn3)c2)cc1,'=',nM,100.0
O=Cc1ccc(O)c(O)c1,'=',nM,19700.0
O=C(/C=C/c1ccc(O)c(O)c1)OCCc1ccccc1,'=',nM,82000.0
O=C(O)c1ccccc1Nc1cccc(S(F)(F)(F)(F)F)c1,'=',nM,12000.0
Cc1ccc(Sc2ccccc2N2CCNCC2)c(C)c1,'=',nM,3.11
COC(=O)[C@H](Cc1ccccc1)n1cc(COc2nc(Cl)nc(Nc3ccc(Cl)cc3)n2)nn1,'=',nM,8000.0
COc1cc(O)cc(/C=C/c2ccc(O)cc2)c1,'=',nM,250.0
CSc1ccc(-c2nc(C(F)(F)F)cn2-c2ccc(S(C)(=O)=O)cc2)cc1Cl,'=',nM,40.0
CC(=O)N(CN1C(=O)/C(=C\c2nnc(-c3ccc(-c4ccncc4)cc3)s2)c2ccccc21)C1C(c2ccc(O)cc2)=NNC1S,'=',nM,71120.0
COc1ccc2ccc(=O)oc2c1C/C=C(\C)COC(=O)CC(C)C,'=',nM,56400.0
CCC(C)C(C(=O)O)N(C(=O)C(N)CC(C)C)C(C(=O)O)C(C)CC,'=',nM,34600.0
COc1ccc(/C=C/c2cc(O)cc(O)c2)cc1OC,'=',nM,21300.0
CS(=O)(=O)c1ccc(-c2[nH]c(Cl)cc2-c2ccc(F)cc2)cc1,'=',nM,42000.0
CC(C)=CCc1c(O)cc2oc3cc(O)c(O)c(CC=C(C)C)c3c(=O)c2c1O,'=',nM,2000.0
Cc1ccc(C(=O)n2nc(C)c3nnc4cc(Cl)c(F)cc4c32)cc1,'=',nM,12800.0
COc1ccccc1-n1cc(COC(=O)C2CCn3c(C(=O)c4ccccc4)ccc32)nn1,'=',nM,6.0
O=C(O)c1ccc(O)c(O)c1,'=',nM,25400.0
CS(=O)(=O)c1ccc(/C=C(/C(=O)O)c2ccc(F)cc2)cc1,'=',nM,36000.0
Cc1ccncc1-c1nc(C(F)(F)F)cn1-c1ccc(S(C)(=O)=O)cc1,'=',nM,54000.0
O=C(O)CCc1nc(-c2ccccc2)c(-c2ccccc2)o1,'=',nM,110.0
C[C@H](C(=O)N(C)CC(O)(Cn1ccnc1)c1ccc(Cl)cc1)c1ccc(-c2ccccc2)c(F)c1,'=',nM,2290.0
COc1ccc2c(CO)cn(C)c2c1C(=O)NCC(F)(F)F,'=',nM,8700.0
O=C(O)c1cccnc1Nc1cccc(C(F)(F)F)c1,'=',nM,918.0
COc1ccc(/C=C/c2c(CC=C(C)C)c(O)cc3c2CCC(C)(C)O3)cc1O,'=',nM,35500.0
O=C(CSc1nnc(-c2ccncc2)o1)N/N=C/c1ccc(Cl)cc1,'=',nM,69.0
CC(C)(C)c1cc(/C=N/NC(=O)c2ccccc2O)c(O)c(C(C)(C)C)c1,'=',nM,5130.0
CC(C)=CCc1c(O)cc(O)c(CC=C(C)C)c1/C=C/c1ccc(O)cc1,'=',nM,5700.0
COc1ccc2ccc(=O)oc2c1CC=C(C)C,'=',nM,81100.0
O=C(O)/C=C/c1ccc(O)c(O)c1,'=',nM,129700.0
COc1ccc2c(c1)c(CC(=O)OCC(=O)O)c(C)n2C(=O)c1ccc(Cl)cc1,'=',nM,10.0
COc1ccc(/C=C/c2c(CC=C(C)C)c(O)cc(O)c2CC=C(C)C)cc1O,'=',nM,14700.0
Nc1ccc(O)c(C(=O)O)c1,'=',nM,7530.0
Cc1c(Cl)cccc1Nc1ccccc1C(=O)O,'=',nM,880.0
