Molecule ChEMBL ID,Smiles,Standard Relation,Standard Value
CHEMBL70104,CC1(C)OC(=O)C(OC2CCCCC2)=C1c1ccc(S(C)(=O)=O)cc1,'=',40.0
CHEMBL96098,CCc1ccc(-c2ncc(Cl)cc2-c2ccc(S(C)(=O)=O)cc2)cn1,'=',1700.0
CHEMBL97179,CCCCOC(=O)Cc1c(C)n(C(=O)c2ccc(Cl)cc2)c2ccc(OC)cc12,'=',50.0
CHEMBL6,COc1ccc2c(c1)c(CC(=O)O)c(C)n2C(=O)c1ccc(Cl)cc1,'<',200.0
CHEMBL355781,CS(=O)(=O)c1ccc(-c2csc(CC(=O)O)c2-c2ccc(F)cc2)cc1,'>',10000.0
CHEMBL276436,CC(C)CCCC(=O)c1cc(C(C)(C)C)c2c(c1)C(C)(C)CO2,'=',4500.0
CHEMBL95380,COc1ccc2c(c1)c(CC(=O)NCCOC(=O)/C=C/c1ccc(N(C)C)cc1)c(C)n2C(=O)c1ccc(Cl)cc1,'=',190.0
CHEMBL97808,COc1ccc2c(c1)c(CC(=O)Nc1ncc(C)s1)c(C)n2C(=O)c1ccc(Cl)cc1,'=',4000.0
CHEMBL260566,Nc1ccc(NC(=O)c2cccc(C(F)(F)F)c2)cc1,'>',100000.0
CHEMBL111904,CC[C@@]1(C)OC(=O)C(OC(C)C)=C1c1ccc(S(C)(=O)=O)cc1,'=',500.0
CHEMBL222902,COc1cc(OC)cc(OCc2cc(-c3ccccc3)n(-c3ccc(S(C)(=O)=O)cc3)n2)c1,'=',870.0
CHEMBL126303,Cc1cc(=O)c(Oc2ccccc2C)c(-c2ccc(S(C)(=O)=O)cc2)o1,'=',170.02
CHEMBL111597,CS(=O)(=O)c1ccc(C2=C(c3ccc(Cl)c(Cl)c3)CCC2)cc1,'=',10.0
CHEMBL99933,CCCOC(=O)Cc1c(C)n(C(=O)c2ccc(Cl)cc2)c2ccc(OC)cc12,'=',100.0
CHEMBL3289101,C=C(C)[C@@H]1CC[C@]2(C)[C@H](CC=C3[C@@H]4[C@@H](C)[C@H](C)CC[C@]4(C)CC[C@]32C)[C@@]1(C)CCC(=O)O,'>',10000.0
CHEMBL1682201,CC(=O)c1ccc(Nc2cccc(C(=O)O)c2)cc1,'>',100000.0
CHEMBL3323320,CC(C)(C)C1=NN(c2ccc(C(=O)O)cc2)C(c2ccc(O)cc2)C1,'>',100000.0
CHEMBL3976289,CCOc1ccc(C2CC(C(C)(C)C)=NN2c2ccc(C(=O)O)cc2)cc1,'>',100000.0
CHEMBL3265352,c1ccc(-c2nn(-c3ccccc3)cc2-c2nnc(-c3ccncc3)o2)cc1,'=',11100.0
CHEMBL3289097,CC(=O)O[C@@H]1CC[C@]2(C)C3=C(CC[C@H]2C1(C)C)[C@@]1(C)CC[C@@H]([C@H](CCC=C(C)C)C(=O)O)[C@]1(C)CC3,'>',10000.0
CHEMBL3289104,CC(C)[C@@H]1CC[C@]2(C)[C@H](CC=C3[C@@H]4CC(C)(C)CC[C@]4(C)CC[C@]32C)[C@@]1(C)CCC(=O)O,'>',10000.0
CHEMBL56367,CS(=O)(=O)Nc1ccc([N+](=O)[O-])cc1Oc1ccccc1,'=',700.0
CHEMBL229955,COc1ccc2c(c1)CCC(c1ccc(OC)c(OC)c1)=C2,'=',30.0
CHEMBL3264515,CCOC(=O)c1c(C)oc2ccc(Oc3ccccc3C)cc12,'=',6100.0
CHEMBL3264518,CCOC(=O)c1c(-c2ccccc2)oc2ccc(Oc3ccccc3)cc12,'=',18200.0
CHEMBL1631310,Cc1ccc(-c2nn(-c3ccccc3)cc2C2N[C@H](C(N)=O)CS2)cc1,'=',380.0
CHEMBL89578,CC1(C)CC(c2ccc(F)cc2)=C(c2ccc(S(C)(=O)=O)cc2)C1,'=',15.14
CHEMBL111095,COc1ccc(C2=C(c3ccc(S(N)(=O)=O)cc3)CCC2)cc1Cl,'=',8.913
CHEMBL122,CS(=O)(=O)c1ccc(C2=C(c3ccccc3)C(=O)OC2)cc1,'=',3400.0
CHEMBL145647,CCCOCCCSc1ccccc1OC(C)=O,'>',50000.0
CHEMBL111562,COc1ccc(C2=C(c3ccc(S(N)(=O)=O)cc3)CCC2)cc1,'=',1.995
CHEMBL54370,Cc1ccc(-c2cc(F)c(F)cc2-c2ccc(S(N)(=O)=O)cc2)cc1,'=',3.981
CHEMBL282301,NS(=O)(=O)c1ccc(-n2ncc(Cl)c2-c2ccccc2)cc1,'=',48.98
CHEMBL285335,NS(=O)(=O)c1ccc(-n2nc(CF)cc2-c2ccccc2)cc1,'=',199.53
CHEMBL29844,COc1c(C)cc(-c2cc(C(F)(F)F)nn2-c2ccc(S(N)(=O)=O)cc2)cc1Cl,'=',66.07
CHEMBL321016,Cc1cccnc1-c1nc(C(F)(F)F)cn1-c1ccc(S(N)(=O)=O)cc1,'=',1584.89
CHEMBL144658,CCCCSc1ccccc1OC(C)=O,'=',34000.0
CHEMBL183977,COc1ccc(C(=O)c2c(C)[nH]c3cc(S(C)(=O)=O)ccc23)cc1,'=',1090.0
CHEMBL283178,CSc1ccc(-c2cc(C(F)(F)F)nn2-c2ccc(S(N)(=O)=O)cc2)cc1,'=',9.0
CHEMBL430783,NS(=O)(=O)c1ccc(-c2coc(=O)n2-c2ccccc2F)cc1,'=',2197.86
CHEMBL222480,COc1ccc(-n2nc(COc3cc(F)cc(C4(OC)CCOCC4)c3)cc2-c2ccccc2)cc1,'=',300.0
CHEMBL384659,COC1(c2cc(F)cc(OCc3cc(-c4ccccc4)n(-c4ccc(C)cc4)n3)c2)CCOCC1,'=',930.0
CHEMBL227135,O=C1O[C@H](c2ccc(O)c(O)c2)[C@H]2CO[C@H](c3ccc(O)c(O)c3)[C@@H]12,'=',90200.0
CHEMBL4758065,Clc1ccc(COc2nc3ccccc3s2)cc1,'=',770.0
CHEMBL183970,Cc1[nH]c2cc(S(C)(=O)=O)ccc2c1Cc1ccc(F)cc1F,'=',8400.0
CHEMBL70921,NS(=O)(=O)c1ccc(-c2coc(=O)n2-c2ccc(F)cc2)cc1,'=',1499.68
CHEMBL15781,CC(C)(C)c1cc(/C=C2\OC(N=C(N)N)=NC2=O)cc(C(C)(C)C)c1O,'=',5100.0
CHEMBL320784,CC1(C)CC(c2ccc(Cl)cc2)=C(c2ccc(S(C)(=O)=O)cc2)C1,'=',7.0
CHEMBL1632401,CC(=O)N1N=C(c2ccc(S(C)(=O)=O)cc2)CC1c1ccccc1OCc1ccccc1,'=',3200.0
CHEMBL118,Cc1ccc(-c2cc(C(F)(F)F)nn2-c2ccc(S(N)(=O)=O)cc2)cc1,'=',60.0
CHEMBL304054,Cc1cccc(-n2c(-c3ccc(S(N)(=O)=O)cc3)coc2=O)c1,'=',510.5
CHEMBL18498,COC1(C)OC(=O)C(c2ccc(F)cc2)=C1c1ccc(S(C)(=O)=O)cc1,'=',100.0
CHEMBL138191,C[S+]([O-])c1ccc(C(Nc2cccnc2)C(=O)c2ccc(F)cc2)cc1,'=',500.0
CHEMBL127120,CS(=O)(=O)c1ccc(-c2[nH]c(I)cc2-c2ccc(F)cc2)cc1,'=',92300.0
CHEMBL329480,COc1ccc2c(c1)c(CC(=O)Nc1cccnc1)c(C)n2C(=O)c1ccc(Cl)cc1,'=',52.0
CHEMBL1797512,CC(=O)OCO/N=[N+](/[O-])N1CCC[C@@H]1C(=O)OCc1ccc(C2=C(c3ccc(S(C)(=O)=O)cc3)COC2=O)cc1,'=',2400.0
CHEMBL1814713,Cc1ccc(-c2cc(C(C)C(=O)[O-])ccc2CC2CCCC2=O)cc1.[Na+],'=',420000.0
CHEMBL1814722,COc1ccc(-c2cc(CC3CCCC3=O)ccc2C(C)C(=O)[O-])cc1.[Na+],'=',430000.0
CHEMBL95469,COc1ccc2c(c1)c(CC(=O)Nc1ccc(NC(C)=O)cc1)c(C)n2C(=O)c1ccc(Cl)cc1,'=',120.0
CHEMBL3104549,Cc1c(C(N)C(=O)NCCO[N+](=O)[O-])cc(-c2ccc(S(C)(=O)=O)cc2)n1-c1cccc(F)c1,'=',21000.0
CHEMBL118335,CCNC(=O)c1cc(C(C)(C)C)c2c(c1)C(C)(C)CO2,'=',6000.0
CHEMBL173724,CN1C(O)=C(C(=O)Nc2ccc(Br)cc2Br)c2cc(Cl)ccc2S1(=O)=O,'=',7.0
CHEMBL24363,COc1ccc2c(c1)c(CC(=O)N[C@@H](CO)Cc1ccccc1)c(C)n2C(=O)c1ccc(Cl)cc1,'=',220.0
CHEMBL365267,COc1ccc2c(-c3ccc(S(N)(=O)=O)cc3)c(-c3ccc(F)cc3)nn2n1,'=',26.0
CHEMBL184613,Cc1ccc2c(-c3ccc(S(C)(=O)=O)cc3)c(-c3ccccc3)nn2n1,'<',31.0
CHEMBL434520,CS(=O)(=O)c1ccc(-c2c(-c3ccc(F)cc3)nn3nc(S(C)(=O)=O)ccc23)cc1,'=',370.0
CHEMBL261321,Nc1ccc(C(=O)Nc2ccccc2C(F)(F)F)cc1,'>',100000.0
CHEMBL406515,Nc1cccc(C(=O)Nc2ccc(C(F)(F)F)cc2)c1,'>',100000.0
CHEMBL258656,Nc1ccnc(NC(=O)c2cccc(C(F)(F)F)c2)c1,'>',100000.0
CHEMBL184281,COc1ccc(Sc2c(C)[nH]c3cc(S(C)(=O)=O)ccc23)cc1,'=',470.0
CHEMBL184039,COC(=O)c1[nH]c2cc(S(C)(=O)=O)ccc2c1Sc1ccc(F)cc1,'=',1100.0
CHEMBL420351,Cc1cc(=O)c(Oc2ccc(Cl)cc2)c(-c2ccc(S(C)(=O)=O)cc2)o1,'=',320.04
CHEMBL274990,CS(=O)(=O)c1ccc(-n2nc(C(F)(F)F)cc2-c2ccc(F)cc2)cc1,'=',310.0
CHEMBL1092136,CC(C(=O)O)c1cccn(C(F)F)c1=O,'=',5900.0
CHEMBL320273,CC1(C)OC(=O)C(Oc2cnccn2)=C1c1ccc(S(C)(=O)=O)cc1,'=',3800.0
CHEMBL280772,Cc1ccc(C)c(-c2cc(C(F)F)nn2-c2ccc(S(N)(=O)=O)cc2)c1,'>',100000.0
CHEMBL29397,NS(=O)(=O)c1ccc(-n2nc(C(F)(F)F)cc2-c2csc3ccccc23)cc1,'=',350.0
CHEMBL155781,CS(=O)(=O)c1ccc(-c2cnn(CCC3CC3)c(=O)c2-c2ccc(F)cc2)cc1,'=',2900.0
CHEMBL320118,COc1cncc(-c2nc(C(F)(F)F)cn2-c2ccc(S(C)(=O)=O)cc2)c1,'=',37600.0
CHEMBL151658,CC(O)CN1c2ccccc2Sc2ccccc21,'=',5000.0
CHEMBL226109,COc1ccc([C@H]2O[C@@H](CO)C[C@]2(O)c2ccc(OC)cc2)cc1,'<',1000.0
CHEMBL501782,O=C(O)[C@H]1C[C@](O)(c2ccc(Cl)cc2)[C@@H](c2ccc(Cl)cc2)O1,'=',3800.0
CHEMBL108917,CC1(C)OC(=O)C(Oc2ccc(C3CC3)cn2)=C1c1ccc(S(C)(=O)=O)cc1,'=',30.0
CHEMBL290031,Cc1nc(C2CCCCC2)c(-c2ccc(S(N)(=O)=O)cc2)o1,'=',70.0
CHEMBL1171455,C[C@@H]1O[C@@H](O[C@H]2[C@H](O)[C@@H](O)[C@H](OC[C@H]3O[C@@H](OC(=O)[C@]45CCC(C)(C)C[C@H]4C4=CC[C@@H]6[C@@]7(C)CC[C@H](O[C@@H]8OC[C@H](O)[C@H](O)[C@H]8O[C@@H]8O[C@@H](C)[C@H](O)[C@@H](O[C@@H]9OC[C@@H](O[C@@H]%10O[C@H](CO)[C@@H](O[C@@H]%11O[C@H](CO)[C@@H](O)[C@H](O)[C@H]%11O)[C@H](O)[C@H]%10O)[C@@H](O)[C@H]9O)[C@H]8O)[C@@](C)(CO)[C@@H]7CC[C@@]6(C)[C@]4(C)CC5)[C@H](O)[C@@H](O)[C@@H]3O)O[C@@H]2CO)[C@H](O)[C@H](O)[C@H]1O,'>',50000.0
CHEMBL367328,CS(=O)(=O)c1ccc(-c2ccc(N)cc2-c2ccccc2)cc1,'=',254000.0
CHEMBL127267,Cc1cc(=O)c(-c2ccc(S(C)(=O)=O)cc2)c(-c2ccc(F)cc2)o1,'=',9770.12
CHEMBL68866,CS(=O)(=O)c1ccc(-c2occ(Cl)c(=O)c2-c2ccc(F)cc2)cc1,'=',1478427.39
CHEMBL127560,Cc1cc(=O)c(Oc2ccc(OC(F)(F)F)cc2)c(-c2ccc(S(C)(=O)=O)cc2)o1,'=',2449.06
CHEMBL3359453,CC(C(=O)NCCc1c[nH]c2ccc(O)cc12)c1ccc(-c2ccccc2)c(F)c1,'=',8000.0
CHEMBL416363,CC1(O)OC(=O)C(c2cc(F)cc(F)c2)=C1c1ccc(S(C)(=O)=O)cc1,'=',550.0
CHEMBL3397719,CCCC/C(=C\c1cc(OCc2cc3ccccc3s2)ccc1OCc1ccc(C(F)(F)F)cc1)C(=O)O,'>',10000.0
CHEMBL3397720,CCCC/C(=C\c1cc(OCc2csc(-c3ccc(C(F)(F)F)cc3)n2)ccc1OCc1ccc(C(F)(F)F)cc1)C(=O)O,'>',10000.0
CHEMBL315520,COc1c(Cl)cc(C2=C(c3ccc(S(C)(=O)=O)cc3)CC3(CC3)C2)cc1Cl,'=',6.026
CHEMBL254418,Cc1onc(-c2ccccc2)c1-c1ccc(S(=O)(=O)NO)cc1.O,'=',1100.0
CHEMBL325370,CC1(C)OC(=O)C(C(=O)c2ccccc2)=C1c1ccc(S(C)(=O)=O)cc1,'=',600.0
CHEMBL109177,CC1(C)OC(=O)C(Oc2ccccc2)=C1c1ccc(S(C)(=O)=O)cc1,'=',40.0
CHEMBL127203,Cn1c(Br)c(Br)c(-c2ccc(F)cc2)c1-c1ccc(S(C)(=O)=O)cc1,'=',55670.0
CHEMBL127868,Cc1ccc(Oc2c(-c3ccc(S(C)(=O)=O)cc3)oc(C)cc2=O)cc1,'=',209.99
CHEMBL153,Cc1c(C)c2c(c(C)c1O)CCC(C)(C(=O)O)O2,'=',13100.0
CHEMBL108802,CC1(C)OC(=O)C(Cc2ccccc2)=C1c1ccc(S(C)(=O)=O)cc1,'=',300.0
CHEMBL43616,CS(=O)(=O)c1ccc(-n2cc(C(F)(F)F)nc2-c2cccc(Br)c2)cc1,'=',80.0
CHEMBL328146,CS(=O)(=O)c1ccc(C2=C(c3ccc(F)cc3)CC3(CCCCC3)C2)cc1,'>',100000.0
CHEMBL23245,CS(=O)(=O)c1ccc(C2=C(c3cccc(F)c3)C(=O)CC2)cc1,'=',340.0
CHEMBL3127460,COc1cc2occc2c(OC)c1-c1cc(-c2ccc(Cl)cc2)n(-c2ccc(S(N)(=O)=O)cc2)n1,'=',26000.0
CHEMBL3127458,COc1c(-c2cc(-c3cccnc3)nn2-c2ccc(S(N)(=O)=O)cc2)c(O)c(OC)c2occc12,'=',360.0
CHEMBL1080853,O=C(Nc1ccc(-c2ccc(Cl)c(Cl)c2)cc1)C1=C(O)c2cc(O)ccc2S(=O)(=O)N1,'>',100000.0
CHEMBL338347,Cc1cc(=O)c(Oc2ccc(N)cc2)c(-c2ccc(S(C)(=O)=O)cc2)o1,'=',1480.0
CHEMBL558929,CS(=O)(=O)c1ccc(-c2cc(C(F)(F)F)nc(OCC3CCCCCC3)n2)cc1,'=',1034.0
CHEMBL562791,CS(=O)(=O)c1ccc(-c2cc(C(F)(F)F)nc(OC3CCC3)n2)cc1,'<',10.0
CHEMBL540166,Cc1cc(-c2ccc(S(C)(=O)=O)cc2)nc(NC2CCCCC2)n1,'=',1683.0
CHEMBL560013,CS(=O)(=O)c1ccc(-c2cnc(Cc3ccccc3)[n+]([O-])c2-c2ccc(F)cc2)cc1,'=',717.0
CHEMBL865,Cc1onc(-c2ccccc2)c1-c1ccc(S(N)(=O)=O)cc1,'=',208.0
CHEMBL1957877,Fc1ccc(/N=C/c2c[nH]c3ccccc23)cc1,'=',17200.0
CHEMBL1957880,Fc1ccc(/N=C/c2cn(Cc3ccccc3)c3ccccc23)cc1,'=',710.0
CHEMBL90447,CS(=O)(=O)c1ccc(C2=C(c3ccc(F)cc3)CC3(CCC3)C2)cc1,'=',3.981
CHEMBL296384,NS(=O)(=O)c1ccc(-c2cc(F)c(F)cc2-c2ccc(F)cc2)cc1,'=',3.981
CHEMBL1077398,CS(=O)(=O)Nc1ccncc1Nc1ccc(Cl)cc1,'=',5930.0
CHEMBL1956388,CN(C)c1ccc(-c2nnnn2-c2ccc(S(N)(=O)=O)cc2)cc1,'=',7000.0
CHEMBL257491,CCCCCNc1cc(C(F)(F)F)nc(-c2ccc(S(C)(=O)=O)cc2)n1,'>',10000.0
CHEMBL257493,CS(=O)(=O)c1ccc(-c2nc(NCc3ccc4ccccc4c3)cc(C(F)(F)F)n2)cc1,'>',10000.0
CHEMBL561005,CS(=O)(=O)c1ccc(-c2cc(C(F)(F)F)nc(OC3CCCCCC3)n2)cc1,'<',10.0
CHEMBL552081,CS(=O)(=O)c1ccc(-c2cc(C(F)(F)F)nc(OC3CCCCC3)n2)cc1,'<',10.0
CHEMBL564993,Cc1ccc(Oc2nc(-c3ccc(S(C)(=O)=O)cc3)cc(C(F)(F)F)n2)cc1,'<',10.0
CHEMBL550537,CC(C)(C)Oc1nc(-c2ccc(S(C)(=O)=O)cc2)cc(C(F)(F)F)n1,'=',33.0
CHEMBL560284,CS(=O)(=O)c1ccc(-c2cc(OCC(F)(F)F)nc(NC3CCCCC3)n2)cc1,'=',16.0
CHEMBL558728,CCCNc1nc(-c2ccc(S(C)(=O)=O)cc2)cc(C(F)(F)F)n1,'=',5.0
CHEMBL551148,CS(=O)(=O)c1ccc(-c2cc(C(F)(F)F)nc(NCc3ccc(F)cc3)n2)cc1,'=',0.28
CHEMBL416146,Cc1ccc(-c2ncc(Cl)cc2-c2ccc(S(C)(=O)=O)cc2)cn1,'=',554.0
CHEMBL549393,CCCCNc1nc(-c2ccc(S(C)(=O)=O)cc2)cc(C(F)(F)F)n1,'=',70.0
CHEMBL550126,CCCCOc1nc(-c2ccc(S(C)(=O)=O)cc2)cc(C(F)(F)F)n1,'=',158.0
CHEMBL556724,CS(=O)(=O)c1ccc(-c2cnc(Oc3ccccc3)nc2-c2ccc(F)cc2)cc1,'>',4640.0
CHEMBL560088,CS(=O)(=O)c1ccc(-c2cnc(Cc3ccccc3O)nc2-c2ccc(F)cc2)cc1,'=',43.0
CHEMBL257103,CS(=O)(=O)c1ccc(-c2nc(NC3CCCC3)cc(C(F)(F)F)n2)cc1,'=',475.9
CHEMBL270263,NS(=O)(=O)c1ccc(/N=C/c2ccc(O)c(O)c2)cc1,'=',2850.0
CHEMBL429915,Cc1ccc(/C=N/c2ccc(S(N)(=O)=O)cc2)cc1,'=',4940.0
CHEMBL410911,CS(=O)(=O)c1ccc(-c2nc(C(F)(F)F)cc(S(=O)(=O)Cc3ccccc3)n2)cc1,'>',10000.0
CHEMBL271314,CCN(Cc1ccccc1)c1cc(C(F)(F)F)nc(-c2ccc(S(C)(=O)=O)cc2)n1,'>',10000.0
CHEMBL3087871,Cc1ccc2c(c1)oc(=O)n2Cc1cn(-c2ccc(Cl)cc2)nn1,'=',5600.0
CHEMBL297008,Cc1ccc(-c2ccc(S(C)(=O)=O)cc2)n1-c1ccccc1,'=',60.0
CHEMBL282093,NS(=O)(=O)c1ccc(-n2nc(C(F)(F)F)cc2-c2ccc(Cl)cc2)cc1,'=',10.0
CHEMBL43957,CS(=O)(=O)c1ccc(-n2cccc2-c2ccc(F)cc2)cc1,'=',510.0
CHEMBL145598,CCCCCCCCc1ccccc1OC(C)=O,'>',40000.0
CHEMBL507789,CS(=O)(=O)c1ccc(-n2cc(-c3ccc(F)cc3)nn2)cc1,'=',210.0
CHEMBL1957456,CSCC[C@H](NC(=O)[C@H](Cc1ccccc1)NC(=O)c1ccc(F)cc1)C(=O)N[C@@H](CC(=O)O)C(=O)O,'=',450000.0
CHEMBL2096834,Cc1cc(=O)c(Oc2ccc(Cl)cc2F)c(-c2ccc([S@@+](C)[O-])cc2)o1,'=',2470.0
CHEMBL186632,CCOc1ccc(-c2nn3ncccc3c2-c2ccc(S(N)(=O)=O)cc2)cc1,'=',0.44
CHEMBL386992,NS(=O)(=O)c1ccc(/N=N/c2ccc(O)c(O)c2)cc1,'=',12420.0
CHEMBL404476,NS(=O)(=O)c1ccc(/C=N/c2ccc(O)cc2)cc1,'=',5090.0
CHEMBL408865,CN(C)c1ccc(/N=C/c2ccc(S(N)(=O)=O)cc2)cc1,'=',1950.0
CHEMBL1163219,COc1ccc2c(c1)c1c(n2C(=O)c2ccc(Cl)cc2)CCN(CCCOc2cc(F)cc(C3(OC)CCOCC3)c2)C1.Cl,'=',197900.0
CHEMBL116253,Cc1ccncc1-c1c(Cl)ncn1-c1ccc(S(C)(=O)=O)cc1,'=',284.0
CHEMBL40245,Cc1c(Br)cc(-c2ccc(S(C)(=O)=O)cc2)n1-c1ccc(F)cc1,'=',19.95
CHEMBL324823,CS(=O)(=O)c1ccc(-n2cnc(Cl)c2-c2cnccc2O)cc1,'>',1000.0
CHEMBL326335,CS(=O)(=O)c1ccc(-n2cnc(Cl)c2-c2ccc3c(c2)OCO3)cc1,'=',6.0
CHEMBL264503,CS(=O)(=O)Cc1[nH]c2cc(S(C)(=O)=O)ccc2c1Sc1ccccc1Cl,'>',40000.0
CHEMBL273340,CC1(O)OC(=O)C(c2cccc(F)c2)=C1c1ccc(S(C)(=O)=O)cc1,'=',250.0
CHEMBL110660,Cc1cc(-c2nc(C(F)(F)F)cn2-c2ccc(S(N)(=O)=O)cc2)no1,'=',410.0
CHEMBL158509,Cc1nc(-c2ccc(S(C)(=O)=O)cc2)c(-c2ccc(Cl)s2)o1,'=',1200.0
CHEMBL326024,Cc1nc(-c2nc(C(F)(F)F)cn2-c2ccc(S(=O)(=O)N(C)C)cc2)co1,'=',4168.69
CHEMBL313387,NS(=O)(=O)c1ccc(C2=C(c3ccc(Cl)c(Cl)c3)CC3(CC3)C2)cc1,'=',1.0
CHEMBL407368,Cc1ccc(Nc2c(C)cccc2Cl)c(CC(=O)O)c1,'=',60.0
CHEMBL111314,COc1ccc(C2=C(c3ccc(S(C)(=O)=O)cc3)CCC2)cc1F,'=',120.23
CHEMBL110418,CS(=O)(=O)c1ccc(-c2cc3c(cc2-c2ccc(F)cc2)COC3)cc1,'=',83.18
CHEMBL295032,Cc1cc(Cl)cc(-c2nc(C(F)(F)F)cn2-c2ccc(S(C)(=O)=O)cc2)c1,'=',79.43
CHEMBL350940,CS(=O)(=O)c1ccc(-c2oc(-c3ccccc3)nc2C2CCCCC2)cc1,'>',100000.0
CHEMBL333651,COc1ccc(-c2c(Cl)ncn2-c2ccc(S(C)(=O)=O)cc2)cc1,'=',11.0
CHEMBL117862,COc1ccc(-c2c(Cl)ncn2-c2ccc(S(C)(=O)=O)cc2)cc1F,'=',156.0
CHEMBL29472,NS(=O)(=O)c1ccc(-n2nc(C(F)(F)F)cc2-c2ccc(Br)s2)cc1,'=',12.02
CHEMBL42549,CS(=O)(=O)c1ccc(-n2cc(C(F)(F)F)nc2-c2cccc([N+](=O)[O-])c2)cc1,'=',575.44
CHEMBL327900,CS(=O)(=O)c1ccc(C2=C(c3ccc(F)cc3)CC3(CCCC3)C2)cc1,'=',61.66
CHEMBL118936,CS(=O)(=O)c1ccc(-c2cnc(C=O)n2-c2ccc(F)cc2)cc1,'>',1000.0
CHEMBL2111539,CS(=O)(=O)c1ccc(-c2cc(/C=C\CC[N+](=O)[O-])nn2C2CCCCC2)cc1,'=',500.0
CHEMBL97874,COc1ccc(-c2cscc2-c2ccc(S(N)(=O)=O)cc2)cc1F,'=',9.0
CHEMBL195550,CS(=O)(=O)c1ccc(C2=C(c3ccccc3)S(=O)OC2)cc1,'>',100000.0
CHEMBL171417,CS(=O)(=O)c1ccc(-c2cc3ccccc3cc2-c2ccccc2)cc1,'=',41000.0
CHEMBL5430378,Nc1c(C(=O)N/N=C/c2ccc(O)cc2)cnn1-c1ccc(S(N)(=O)=O)cc1,'=',60.0
CHEMBL416394,COc1cc(-c2ccccc2)n(-c2ccc(S(N)(=O)=O)cc2)n1,'>',100000.0
CHEMBL29766,NS(=O)(=O)c1ccc(-n2nc(C(F)(F)F)c(F)c2-c2ccccc2)cc1,'=',1.7
CHEMBL3309451,CS(=O)(=O)c1ccc(N2N=C(C(F)(F)F)CC2c2ccc3c(c2)OCCO3)cc1,'=',240.0
CHEMBL145257,CS(=O)(=O)Nc1cc2c(cc1S(=O)(=O)c1ccc(F)cc1F)C(=O)CC2,'>',10000.0
CHEMBL308682,CC(C)(O)c1cc(-c2ccc(S(N)(=O)=O)cc2)c(-c2ccc(F)cc2)s1,'=',410.0
CHEMBL3325733,Cc1nn(-c2ccccc2)c(N(C)C)c1/C=N/Nc1nc2ccccc2nc1O,'=',400.0
CHEMBL324863,COc1ccc(C2=C(c3ccc(S(C)(=O)=O)cc3)CCC2)cc1Cl,'=',140.0
CHEMBL319766,CCOc1cccc(NC(=O)Cc2c(C)n(C(=O)c3ccc(Cl)cc3)c3ccc(OC)cc23)c1,'=',650.0
CHEMBL5193344,C/C(=C\CC/C(C)=C/CCCC1(O)Oc2ccc(O)cc2C1=O)CO,'=',1380.0
CHEMBL5177548,C/C(=C\CC/C(C)=C/C/C=C(/CC(=O)c1cc(O)ccc1O)C(=O)O)CO,'=',4840.0
CHEMBL3735601,CS(=O)(=O)c1ccc(C2=NN(c3ccc(C(=O)O)cc3)C(c3cccs3)C2)cc1,'=',1160.0
CHEMBL417254,CC(C)(C)c1cc(C(=O)CSCC2CC2)cc2c1OCC2(C)C,'=',400.0
CHEMBL97834,COc1ccc2c(c1)c(CC(=O)N(C)C)c(C)n2C(=O)c1ccc(Cl)cc1,'=',18000.0
CHEMBL95311,COc1ccc2c(c1)c(CC(=O)NCCc1ccccc1)c(C)n2C(=O)c1ccc(Cl)cc1,'=',60.0
CHEMBL110401,CC1(C)OC(=O)C(Oc2ccc(F)c(F)c2)=C1c1ccc(S(C)(=O)=O)cc1,'=',10.0
CHEMBL282242,CS(=O)(=O)c1ccc(C2=C(c3cc(Br)ccn3)C(=O)CC2)cc1,'=',630.0
CHEMBL407577,Nc1cccnc1NC(=O)c1cccc(C(F)(F)F)c1,'>',100000.0
CHEMBL185420,CS(=O)(=O)c1ccc(-c2ccc(F)c(F)c2-c2ccc(F)c(Cl)c2)cc1,'=',10.0
CHEMBL295068,Cc1ccc(N2CC(c3ccc(S(C)(=O)=O)cc3)=C(c3ccc(F)cc3)C2=O)cc1,'=',1050.0
CHEMBL339221,CS(=O)(=O)c1ccc(-c2[nH]c(Cl)c(Br)c2-c2ccc(F)cc2)cc1,'=',88000.0
CHEMBL319825,COc1ccc2c(c1)c(CC(=O)Oc1ccccc1)c(C)n2C(=O)c1ccc(Cl)cc1,'=',400.0
CHEMBL339222,CC(C)(C)OC(=O)n1c(Br)cc(-c2ccc(F)cc2)c1-c1ccc(S(C)(=O)=O)cc1,'>',300000.0
CHEMBL433756,COc1ccc(Oc2c(C)[nH]c3cc(S(C)(=O)=O)ccc23)cc1,'=',1600.0
CHEMBL359563,Cc1[nH]c2cc(S(C)(=O)=O)ccc2c1Oc1ccc(F)cc1F,'=',4100.0
CHEMBL5078677,COc1ccc(NC(=O)c2ccccc2Nc2ccccc2)cc1,'>',150000.0
CHEMBL283086,Cc1nn(-c2ccc(S(N)(=O)=O)cc2)c(-c2ccccc2)c1Cl,'=',28.0
CHEMBL2018563,CNc1nnc(Cn2nc(Cc3ccccc3)c3onc(C)c3c2=O)s1,'=',21300.0
CHEMBL2018568,CNc1nnc(Cn2nc(Cc3ccc(OC)cc3)c3onc(C)c3c2=O)s1,'=',14700.0
CHEMBL297788,CS(=O)(=O)Nc1ccc(-c2cc(C(F)(F)F)nn2-c2ccc(Br)cc2)cc1,'=',230.0
CHEMBL2386352,COc1ccc2c(c1)c(CC(=O)O)c(C(F)(F)F)n2C(=O)c1ccc(Cl)cc1,'=',388.0
CHEMBL143340,CCCCC#CCOc1ccccc1OC(C)=O,'>',40000.0
CHEMBL144819,CS(=O)(=O)Nc1cc2c(cc1Sc1ccccc1F)C(=O)CC2,'=',100.0
CHEMBL474935,COc1ccc(/C(C)=C/c2cc(O)cc(O)c2)cc1,'=',16000.0
CHEMBL18020,CC(C)S(=O)(=O)c1c(O)n(Cc2ccccc2)c(=O)c2ccc(Cl)cc12,'=',60.0
CHEMBL326639,Cc1nc(-c2nc(C(F)(F)F)cn2-c2ccc(S(C)(=O)=O)cc2)cs1,'=',940.0
CHEMBL298296,CS(=O)(=O)c1ccc(-n2cc(-c3ccccc3)nc2-c2ccc(Cl)cc2)cc1,'=',239.88
CHEMBL320961,Cc1cccc(-c2nc(C(F)(F)F)cn2-c2ccc(S(C)(=O)=O)cc2)n1,'=',2884.03
CHEMBL326365,CC(=O)Nc1cc(C(C)(C)C)c2c(c1)C(C)(C)CO2,'=',3500.0
CHEMBL489899,COc1ccc(-c2ssc(=S)c2-c2ccc(OC)cc2)cc1,'=',20000.0
CHEMBL147580,CS(=O)(=O)Nc1cc2c(cc1Oc1ccc(F)cc1F)C(=O)CC2,'=',21.0
CHEMBL344540,COc1ccc(-c2cc(C(F)(F)F)nn2-c2ccc(S(N)(=O)=O)c(CNC(C)=O)c2)cc1,'=',2800.0
CHEMBL347688,COc1ccc(-n2nc(-c3ccc(Cl)cc3)c3c2CCC(F)C3)cc1,'=',2100.0
CHEMBL2112872,CCC(=O)OCc1cc(-n2nc(C(F)(F)F)cc2-c2ccc(C)cc2)ccc1S(N)(=O)=O,'=',570.0
CHEMBL5174387,COc1ccc(/C=C/C(=O)c2cc(-n3cc(CN4C(=O)C(=O)c5ccccc54)nn3)ccc2O)cc1,'=',37.0
CHEMBL18373,CC(C)S(=O)(=O)c1c(O)n(Cc2ccccc2)c(=O)c2ccccc12,'=',290.0
CHEMBL29575,NC(=O)c1cc(-c2ccc(F)cc2)n(-c2ccc(S(N)(=O)=O)cc2)n1,'>',100000.0
CHEMBL177808,CN1C(=O)/C(=C(/O)Nc2ccc(Cl)cc2Cl)c2cc(Cl)ccc2C1=O,'=',200.0
CHEMBL366121,CS(=O)(=O)c1ccc2c(Sc3ccc(F)cc3)c(C(N)=O)[nH]c2c1,'>',40000.0
CHEMBL69567,CS(=O)(=O)c1ccc(-c2occ(Cl)c(=S)c2-c2ccc(F)cc2)cc1,'=',835795.45
CHEMBL183930,Cc1[nH]c2cc(S(C)(=O)=O)ccc2c1[S+]([O-])c1ccc(F)cc1,'>',40000.0
CHEMBL307233,CS(=O)(=O)c1ccc(-c2coc(=O)n2-c2ccc(C(F)(F)F)cc2)cc1,'=',2000.0
CHEMBL71851,COc1cc2ccc(=O)oc2cc1O,'>',100000.0
CHEMBL460862,COc1cc([C@@H]2OC[C@H]3[C@@H]2CO[C@H]3c2ccc(O)c(OC)c2)ccc1O,'>',100000.0
CHEMBL436990,OC[C@@H]1[C@@H]([C@H](O)c2ccc(O)c(O)c2)CO[C@@H]1c1ccc(O)c(O)c1,'=',73900.0
CHEMBL363102,CS(=O)(=O)c1ccc(-c2c(-c3cccc(F)c3)nn3ncccc23)cc1,'=',34.0
CHEMBL424313,CS(=O)(=O)c1ccc(-c2c(-c3ccccc3)nc3sc4ccccc4n23)cc1,'>',5000.0
CHEMBL325442,CC(C)OC1=C(c2ccc(S(C)(=O)=O)cc2)C(C)(CC(F)(F)F)OC1=O,'=',1300.0
CHEMBL182820,COc1ccc(-c2c(-c3ccc(S(N)(=O)=O)cc3)ccc(F)c2F)cc1F,'=',12.88
CHEMBL185621,Cc1ccc2c(-c3ccc(S(C)(=O)=O)cc3)c(-c3ccc(F)cc3)nn2n1,'=',24.0
CHEMBL181529,COc1cc(/C=C/c2cc(/C=C/c3ccc(O)c(OC)c3)on2)ccc1O,'=',10710.0
CHEMBL170834,CS(=O)(=O)c1ccc(-c2ccccc2-c2ccncc2)cc1,'>',300000.0
CHEMBL110824,CC1(C)OC(=O)C(Oc2ncc(Cl)cc2Cl)=C1c1ccc(S(C)(=O)=O)cc1,'=',40.0
CHEMBL1669027,CS(=O)(=O)c1ccc(-c2cc(Cl)cc3c2OC(C(F)(F)F)C(C(=O)O)=C3)cc1,'=',21300.0
CHEMBL1669030,O=C(O)C1=Cc2cc(Cl)cc(-c3ccc(O)cc3)c2OC1C(F)(F)F,'=',3480.0
CHEMBL1173450,O=S(=O)([O-])Oc1ccc(/C=C/c2cc(O)cc(O)c2)cc1.[K+],'=',8950.0
CHEMBL171147,CS(=O)(=O)c1ccc(-c2ccccc2N2CCCCC2)cc1,'=',14000.0
CHEMBL275601,CCc1nc(-c2ccc(F)cc2)c(-c2ccc(S(C)(=O)=O)cc2)s1,'=',23.0
CHEMBL155676,CS(=O)(=O)c1ccc(-c2cnnc(O)c2-c2ccccc2)cc1,'>',33000.0
CHEMBL154907,Cn1ncc(-c2ccc(S(C)(=O)=O)cc2)c(-c2ccccc2)c1=O,'=',300.0
CHEMBL262744,C[C@H]1C[C@@H]1Cn1ncc(-c2ccc(S(C)(=O)=O)cc2)c(-c2ccc(F)cc2)c1=O,'=',300.0
CHEMBL347441,C[C@H]1C[C@H]1Cn1ncc(-c2ccc(S(C)(=O)=O)cc2)c(-c2ccc(F)cc2)c1=O,'=',50.0
CHEMBL1210073,CC(=O)OC(C)O/N=[N+](/[O-])c1ccc(-c2cc(C(F)(F)F)nn2-c2ccc(S(C)(=O)=O)cc2)cc1,'=',14400.0
CHEMBL110145,Cc1ncccc1-c1nc(C(F)(F)F)cn1-c1ccc(S(N)(=O)=O)cc1,'=',2800.0
CHEMBL1171251,COc1ccc(/C=C/C(=O)O[C@H]2[C@H](O[C@H]3[C@H](O)[C@@H](O)[C@H](O[C@@H]4CO[C@@H](O[C@@H]5[C@@H](O)[C@H](C)O[C@@H](O[C@H]6[C@H](O[C@H]7CC[C@@]8(C)[C@@H](CC[C@]9(C)[C@@H]8CC=C8[C@@H]%10CC(C)(C)CC[C@]%10(C(=O)O[C@@H]%10O[C@H](CO[C@@H]%11O[C@H](CO)[C@@H](O[C@@H]%12O[C@@H](C)[C@H](O)[C@@H](O)[C@H]%12O)[C@H](O)[C@H]%11O)[C@@H](O)[C@H](O)[C@H]%10O)CC[C@]89C)[C@]7(C)CO)OC[C@@H](O)[C@@H]6O)[C@@H]5O)[C@H](O)[C@@H]4O)O[C@@H]3CO)O[C@H](CO)[C@@H](O)[C@@H]2O[C@@H]2O[C@H](CO[C@@H]3O[C@@H](C)[C@H](O)[C@@H](O)[C@H]3O[C@@H]3O[C@H](CO)[C@@H](O)[C@H](O)[C@H]3O)[C@@H](O)[C@H](O)[C@H]2O)cc1O,'=',6700.0
CHEMBL1171253,COc1ccc(/C=C/C(=O)O[C@@H]2[C@@H](O)[C@H](O[C@H]3[C@H](O)[C@@H](O)[C@H](O[C@@H]4CO[C@@H](O[C@@H]5[C@@H](O)[C@H](C)O[C@@H](O[C@H]6[C@H](O[C@H]7CC[C@@]8(C)[C@@H](CC[C@]9(C)[C@@H]8CC=C8[C@@H]%10CC(C)(C)CC[C@]%10(C(=O)O[C@@H]%10O[C@H](CO[C@@H]%11O[C@H](CO)[C@@H](O[C@@H]%12O[C@@H](C)[C@H](O)[C@@H](O)[C@H]%12O)[C@H](O)[C@H]%11O)[C@@H](O)[C@H](O)[C@H]%10O)CC[C@]89C)[C@]7(C)CO)OC[C@@H](O)[C@@H]6O)[C@@H]5O)[C@H](O)[C@@H]4O)O[C@@H]3CO)O[C@H](CO)[C@H]2O)cc1O,'=',7800.0
CHEMBL1171257,COc1ccc(/C=C/C(=O)O[C@@H]2[C@@H](O)[C@H](O[C@H]3[C@H](O)[C@@H](O)[C@H](O[C@@H]4CO[C@@H](O[C@@H]5[C@@H](O)[C@H](C)O[C@@H](O[C@H]6[C@H](O[C@H]7CC[C@]8(C)[C@H]9CC=C%10[C@@H]%11CC(C)(C)CC[C@]%11(C(=O)O[C@@H]%11O[C@H](CO[C@@H]%12O[C@H](CO)[C@@H](O[C@@H]%13O[C@@H](C)[C@H](O)[C@@H](O)[C@H]%13O)[C@H](O)[C@H]%12O)[C@@H](O)[C@H](O)[C@H]%11O)CC[C@@]%10(C)[C@]9(C)CC[C@H]8C7(C)C)OC[C@H](O)[C@@H]6O)[C@@H]5O)[C@H](O)[C@@H]4O)O[C@@H]3CO)O[C@H](CO)[C@H]2O)cc1O,'=',7600.0
CHEMBL1171445,COc1ccc(/C=C/C(=O)O[C@H]2[C@H](O[C@H]3[C@H](O)[C@@H](O)[C@H](O[C@@H]4CO[C@@H](O[C@@H]5[C@@H](O)[C@H](C)O[C@@H](O[C@H]6[C@H](O[C@H]7CC[C@@]8(C)[C@@H](CC[C@]9(C)[C@@H]8CC=C8[C@@H]%10CC(C)(C)CC[C@]%10(C(=O)O[C@@H]%10O[C@H](CO[C@@H]%11O[C@H](CO)[C@@H](O[C@@H]%12O[C@@H](C)[C@H](O)[C@@H](O)[C@H]%12O)[C@H](O)[C@H]%11O)[C@@H](O)[C@H](O)[C@H]%10O)CC[C@]89C)[C@]7(C)CO)OC[C@H](O)[C@@H]6O)[C@@H]5O)[C@H](O)[C@@H]4O)O[C@@H]3CO)O[C@H](CO)[C@@H](O)[C@@H]2O[C@@H]2O[C@H](CO[C@@H]3O[C@@H](C)[C@H](O)[C@@H](O)[C@H]3O)[C@@H](O)[C@H](O)[C@H]2O)cc1O,'=',9000.0
CHEMBL2023862,COc1ccc(-c2csc(Nc3ccc4c(c3)OCO4)n2)cc1,'=',910.0
CHEMBL1894768,c1ccc(-c2csc(Nc3ccc4c(c3)OCO4)n2)cc1,'=',410.0
CHEMBL2023852,c1ccc(Oc2ccc(Nc3nc(-c4ccccc4)cs3)cc2)cc1,'>',5000.0
CHEMBL393292,C[C@H]1O[C@H](O[C@@H]2[C@@H](O)[C@H](OCCc3ccc(O)c(O)c3)O[C@H](CO[C@H]3OCC(O)(CO)[C@@H]3O)[C@H]2OC(=O)/C=C/c2ccc(O)c(O)c2)[C@@H](O)[C@@H](O)[C@@H]1O,'=',490000.0
CHEMBL270060,C=C1C(=O)O[C@@H]2[C@H]1CC[C@H](C)[C@]1(CCC(=O)O1)[C@@]2(C)O,'=',4600.0
CHEMBL509,Cc1ccc(Cl)c(Nc2ccccc2C(=O)O)c1Cl,'=',40.0
CHEMBL5417525,COc1ccc(/C=C/C(=O)c2nn(-c3ccc(Cl)cc3)c(C)c2C(=O)/C=C/c2ccc(OC)cc2)cc1,'=',300.0
CHEMBL283177,NS(=O)(=O)c1ccc(-n2nc(C(F)(F)F)cc2-c2ccc(Cl)s2)cc1,'=',26.0
CHEMBL29923,Cc1cccc(-c2cc(C(F)(F)F)nn2-c2ccc(S(N)(=O)=O)cc2)c1,'=',110.0
CHEMBL319446,CC1(C)OC(=O)C(Oc2ncnc3ccccc23)=C1c1ccc(S(C)(=O)=O)cc1,'=',2900.0
CHEMBL110514,CC1(C)OC(=O)C(Oc2cccnc2)=C1c1ccc(S(C)(=O)=O)cc1,'=',520.0
CHEMBL36542,COc1cc(-c2oc(C)nc2C2CCCCC2)ccc1S(N)(=O)=O,'>',100000.0
CHEMBL358666,Cc1sc2nc(-c3ccc(S(C)(=O)=O)cc3)c(-c3ccccc3)n2c1C,'>',5000.0
CHEMBL321217,CC1(C)OC(=O)C(c2cccc(F)c2)=C1c1ccc(S(C)(=O)=O)cc1,'=',40.0
CHEMBL286490,CS(=O)(=O)c1ccc(C2=C(c3cncc(Cl)c3)C(=O)CC2)cc1,'=',87.0
CHEMBL120608,Cc1ccnc2c(-c3ccc(F)cc3)c(-c3ccc(S(C)(=O)=O)cc3)nn12,'=',12.0
CHEMBL602676,NS(=O)(=O)c1ccc(-n2nc(C(F)(F)F)cc2C2CCN(CCCCO[N+](=O)[O-])CC2)cc1,'=',16800.0
CHEMBL92154,CS(=O)(=O)c1ccc(C2=C(c3ccc(F)cc3)CC3(CC3)C2)cc1,'=',8.0
CHEMBL278738,CC1(O)OC(=O)C(c2ccc(O)cc2)=C1c1ccc(S(C)(=O)=O)cc1,'>',33000.0
CHEMBL119853,CS(=O)(=O)c1ccc(-c2c(Br)ncn2-c2ccc(F)cc2)cc1,'>',10000.0
CHEMBL97059,NS(=O)(=O)c1ccc(-n2nc(C(F)(F)F)c3c2-c2cc(F)c(F)cc2CS3)cc1,'=',6.0
CHEMBL589167,Cc1c(CC(=O)O)cc(-c2ccc(S(C)(=O)=O)cc2)n1-c1cccc(F)c1,'=',17000.0
CHEMBL106255,CC1(C)OC(=O)C(Oc2ccncc2)=C1c1ccc(S(C)(=O)=O)cc1,'=',270.0
CHEMBL1078557,CCc1ccc(Nc2cnccc2NS(C)(=O)=O)cc1,'=',8150.0
CHEMBL1078860,O=S(=O)(Nc1ccncc1NC1CCCC1)C(F)(F)F,'=',3740.0
CHEMBL289813,Cc1c(C=O)cc(-c2ccc(S(C)(=O)=O)cc2)n1-c1ccc(F)cc1,'=',3230.0
CHEMBL440798,NS(=O)(=O)c1ccc(-n2nc(C(F)F)cc2-c2ccc(C(=O)O)cc2)cc1,'=',46800.0
CHEMBL13980,CCCC(=O)c1cc(C(C)(C)C)c2c(c1)C(C)(C)CO2,'=',95.0
CHEMBL416250,CNc1ccc(-c2nc(C(F)(F)F)cn2-c2ccc(S(C)(=O)=O)cc2)cc1Cl,'=',660.69
CHEMBL55188,CS(=O)(=O)c1ccc(-c2ccccc2-c2ccc(Cl)cc2)cc1,'=',141.25
CHEMBL18312,CC1(O)OC(=O)C(c2ccc3ccccc3c2)=C1c1ccc(S(C)(=O)=O)cc1,'=',450.0
CHEMBL104422,Cc1cc(C)cc(-c2ccc(C(C)C(=O)O)cc2F)c1,'=',19000.0
CHEMBL67721,CS(=O)(=O)c1ccc(-c2nn(CC(=O)Nc3ccccc3)c(C(F)(F)F)c2-c2ccc(F)cc2)cc1,'=',480.0
CHEMBL275664,CC1(O)OC(=O)C(c2ccc(Cl)cc2)=C1c1ccc(S(C)(=O)=O)cc1,'=',110.0
CHEMBL29403,Cc1cc(-c2cc(C(F)(F)F)nn2-c2ccc(S(N)(=O)=O)cc2)cc2c1OCO2,'=',52.0
CHEMBL110392,Cc1cccc(OC2=C(c3ccc(S(C)(=O)=O)cc3)C(C)(C)OC2=O)c1,'=',20.0
CHEMBL497677,CC(C(=O)OCC(CO[N+](=O)[O-])O[N+](=O)[O-])c1ccc(C(=O)c2cccs2)cc1,'=',2700.0
CHEMBL2016598,Cc1noc2c(Cc3ccccc3)nn(Cc3nnc(Nc4ccccc4)s3)c(=O)c12,'=',10900.0
CHEMBL2018567,Cc1noc2c(Cc3ccc([N+](=O)[O-])cc3)nn(Cc3nnc(Nc4ccccc4)s3)c(=O)c12,'>',100000.0
CHEMBL37481,CCc1nc(C2CCCCC2)c(-c2ccc(S(N)(=O)=O)c(F)c2)o1,'=',120.0
CHEMBL7162,CS(=O)(=O)Nc1ccc([N+](=O)[O-])cc1OC1CCCCC1,'=',120.0
CHEMBL28155,COc1ccc2c(c1)c(Cc1nc(-c3csc4ccccc34)cs1)c(C)n2C(=O)c1ccc(Cl)cc1,'=',1.0
CHEMBL92107,CS(=O)(=O)c1ccc(C2=C(c3ccc(F)c(F)c3)CC3(CC3)C2)cc1,'=',3.3
CHEMBL150363,CC(C(=O)O)c1cc(/C=C/S(C)(=O)=O)cc(C(=O)c2ccccc2)c1,'=',9700.0
CHEMBL302266,CCn1nc(-c2ccc(S(N)(=O)=O)cc2)c(-c2ccc(F)cc2)c1C(F)(F)F,'=',33.0
CHEMBL106302,CC1(C)OC(=O)C(Oc2cc(F)cc(F)c2)=C1c1ccc(S(C)(=O)=O)cc1,'=',180.0
CHEMBL44362,Cc1c(C(O)C(F)(F)F)cc(-c2ccc(S(C)(=O)=O)cc2)n1-c1ccc(F)cc1,'=',1440.0
CHEMBL43736,Cc1c(COc2cccc(Cl)c2)cc(-c2ccc(S(C)(=O)=O)cc2)n1-c1ccc(F)cc1,'=',80.0
CHEMBL329999,CS(=O)(=O)c1ccc(C2=C(c3ccc(C(F)(F)F)cc3)CC3(CC3)C2)cc1,'=',2.0
CHEMBL1079333,O=S(=O)(Nc1ccncc1Nc1ccc(Cl)cc1)C(F)(F)F,'=',410.0
CHEMBL1956384,NS(=O)(=O)c1ccc(-n2nnnc2-c2ccc(F)cc2)cc1,'=',56000.0
CHEMBL23556,CS(=O)(=O)c1ccc(C2=C(/C=C/c3ccc(F)cc3)C(=O)CC2)cc1,'=',175.0
CHEMBL43647,Cc1c(C(Oc2cccc(Cl)c2)C(F)(F)F)cc(-c2ccc(S(C)(=O)=O)cc2)n1-c1ccc(F)cc1,'>',100000.0
CHEMBL42085,Cc1ccc(-c2ccc(S(C)(=O)=O)cc2)n1-c1ccc(C(F)(F)F)cc1,'=',80.0
CHEMBL405623,CS(=O)(=O)c1ccc(C2=C(c3ccc4c(c3)OCO4)CCC2)cc1,'=',21.0
CHEMBL315585,COc1ccc(C2=C(c3ccc(S(N)(=O)=O)cc3)CC3(CC3)C2)cc1Cl,'=',1.995
CHEMBL320140,COc1ccc2c(c1)c(CC(=O)O)c(C)n2Cc1ccc(Br)cc1,'=',2500.0
CHEMBL118064,NS(=O)(=O)c1ccc(-n2cnc(Cl)c2-c2ccccc2)cc1,'=',9.0
CHEMBL173186,COC(=O)c1ccc(-c2ccccc2)c(-c2ccc(S(C)(=O)=O)cc2)c1,'=',48000.0
CHEMBL15039,CCCCC(=O)c1cc(C(C)(C)C)c2c(c1)C(C)(C)CCN2C,'=',300.0
CHEMBL1950009,Cc1ccnc(C(=O)c2[nH]c3cc(F)ccc3c2CC(=O)O)c1,'=',9.81
CHEMBL1950016,Cc1ccnc(C(=O)c2[nH]c3cc(Cl)c(F)cc3c2CC(=O)O)c1,'=',6.77
CHEMBL553088,CS(=O)(=O)c1ccc(-c2cc(N)sc2-c2ccc(F)cc2)cc1.Cl,'=',3000.0
CHEMBL42561,Cc1ccc(-c2nc(C(F)(F)F)cn2-c2ccc(S(C)(=O)=O)cc2)cc1,'=',160.0
CHEMBL149775,COCCNC(=O)c1ccccc1Nc1c(Cl)ccc(C)c1Cl,'=',3000.0
CHEMBL1916956,Cc1ccc(S(=O)(=O)NC(=O)c2cncc(C(=O)NS(=O)(=O)c3ccc(C)cc3)c2)cc1,'=',8500.0
CHEMBL264300,COc1ccc(-c2nc(C(F)(F)F)cn2-c2ccc(S(C)(=O)=O)cc2)cc1,'=',570.0
CHEMBL28881,CN(C)c1ccc(-c2cc(C(F)(F)F)nn2-c2ccc(S(N)(=O)=O)cc2)cc1,'=',4.677
CHEMBL288570,CS(=O)(=O)c1cccc(-n2cccc2-c2ccc(F)cc2)c1,'>',100000.0
CHEMBL1388,Oc1ccc(OCc2ccccc2)cc1,'=',3726.0
CHEMBL49394,CS(=O)(=O)c1ccc(-c2cc(C(F)(F)F)cnc2N2CCCC(CO)C2)cc1,'<',200.0
CHEMBL1950013,CCc1ccc2[nH]c(C(=O)c3cc(C)ccn3)c(CC(=O)O)c2c1,'=',1600.0
CHEMBL145493,CCCCCCC[S+]([O-])c1ccccc1OC(C)=O,'>',40000.0
CHEMBL344960,CC(=O)Oc1ccccc1SCCCCC(=O)O,'>',50000.0
CHEMBL421417,CS(=O)(=O)c1ccc(-n2cc(C(F)(F)F)nc2-c2cccs2)cc1,'=',467.74
CHEMBL1087267,O=C(Nc1ccc(-c2ccc(Cl)c(Cl)c2)cc1)C1=C(O)c2ccccc2S(=O)(=O)N1,'=',263000.0
CHEMBL324826,CS(=O)(=O)c1ccc(-n2cnc(Cl)c2-c2cccc(Cl)c2Cl)cc1,'=',6.0
CHEMBL4176892,COc1ccc2c(c1)c1c(n2S(=O)(=O)c2ccc(Cl)cc2)CC(C)(C)CC1=O,'=',880.0
CHEMBL1632397,CC(=O)N1N=C(c2ccc(S(C)(=O)=O)cc2)CC1c1ccc(F)cc1,'=',19630.0
CHEMBL4071983,CCOC(=O)C1=C(N)n2c(=O)c3ncccc3c(=O)n2C1c1ccccc1O,'=',20.1
CHEMBL404107,COc1ccc2c(c1)c(CCOC(=O)c1ccc(Cl)cc1)c(C)n2Cc1ccc(Br)cc1,'=',50.0
CHEMBL2018565,CNc1nnc(Cn2nc(Cc3ccc([N+](=O)[O-])cc3)c3onc(C)c3c2=O)s1,'=',6000.0
CHEMBL2018668,CCn1c(Cn2nc(Cc3ccccc3)c3onc(C)c3c2=O)n[nH]c1=S,'=',6100.0
CHEMBL3926786,COc1ccc(C2CC(c3ccc(OC)c(OC)c3)=NN2c2ccc(C(=O)O)cc2)cc1,'>',100000.0
CHEMBL3918115,CC(C)(C)C1=NN(c2ccc(C(=O)O)cc2)C(c2ccccc2)C1,'>',100000.0
CHEMBL1957450,N[C@@H](Cc1c[nH]c2ccccc12)C(=O)N[C@@H](CS)C(=O)N[C@@H](CO)C(=O)O,'=',21000.0
CHEMBL314225,NS(=O)(=O)c1ccc(C2=C(c3ccc(F)c(F)c3)CC3(CC3)C2)cc1,'=',3.02
CHEMBL1916950,O=C(NS(=O)(=O)c1ccc(Br)cc1)c1cccnc1,'=',4900.0
CHEMBL42119,COc1c(F)cc(-c2nc(C(F)(F)F)cn2-c2ccc(S(C)(=O)=O)cc2)cc1F,'=',169.82
CHEMBL461883,CCCCC(Sc1nc(OCCc2ccccc2)cc(OCCc2ccccc2)n1)C(=O)O,'>',40000.0
CHEMBL5084005,CCOC(=O)[C@H](O)[C@@H](OCc1cnnn1[C@@H](Cc1ccc(O)cc1)C(=O)OC)C(=O)OCC,'=',35000.0
CHEMBL5089355,O=C1NC(=O)C(=Cc2cn(C[C@H](O)COc3cc(O)c4c(=O)cc(-c5ccccc5)oc4c3)c3ccccc23)C(=O)N1,'=',1.0
CHEMBL69557,NS(=O)(=O)c1ccc(-c2coc(=O)n2-c2ccc(F)cc2F)cc1,'=',2300.0
CHEMBL1077,Nc1c(CC(=O)O)cccc1C(=O)c1ccc(Br)cc1,'=',4.803
CHEMBL29533,NS(=O)(=O)c1ccc(-n2nc(C(F)(F)F)cc2-c2ccccc2Cl)cc1,'=',56.0
CHEMBL283038,Cc1ccc(-c2cc(C(F)(F)F)nn2-c2ccc(S(N)(=O)=O)cc2)c(C)c1,'=',120.0
CHEMBL1316,CC(C(=O)O)c1ccc2c(c1)[nH]c1ccc(Cl)cc12,'=',38000.0
CHEMBL522624,COc1ccc(-c2sncc2-c2ccc(Cl)cc2)cc1,'>',50000.0
CHEMBL171646,CS(=O)(=O)c1ccc(-c2sncc2-c2ccc(F)cc2)cc1,'=',9000.0
CHEMBL489701,CS(=O)(=O)c1ccc(-c2ssc(=S)c2-c2ccccc2)cc1,'>',50000.0
CHEMBL112,CC(=O)Nc1ccc(O)cc1,'=',141253.75
CHEMBL518038,CCCCCCC(Sc1nc(Cl)cc(Nc2cccc(C)c2C)n1)C(=O)O,'>',10.0
CHEMBL1632399,CC(=O)N1N=C(c2ccc(S(C)(=O)=O)cc2)CC1c1ccc(C(F)(F)F)cc1,'=',19830.0
CHEMBL139,O=C(O)Cc1ccccc1Nc1c(Cl)cccc1Cl,'=',70.0
CHEMBL4786755,CC(=O)c1nnn(-c2ccc(S(N)(=O)=O)cc2)c1C,'=',110.0
CHEMBL466815,COc1ccc(Nc2c(-c3ccc(S(C)(=O)=O)cc3)nc3ccccn23)cc1,'=',2800.0
CHEMBL4067079,c1cc(-c2ccc(Nc3nc(N4CCOCC4)nc(N4CCOCC4)n3)cc2)[nH]n1,'=',1720.0
CHEMBL4078762,CN(C)/C=C/C(=O)c1ccc(Nc2nc(N3CCCCC3)nc(N3CCCCC3)n2)cc1,'=',1760.0
CHEMBL347147,CS(=O)(=O)c1ccc(-c2cnn(C3CC3)c(=O)c2-c2ccc(F)cc2)cc1,'>',33000.0
CHEMBL361494,CCOc1ccc(-c2nn3nc(S(C)(=O)=O)ccc3c2-c2ccc(S(N)(=O)=O)cc2)cc1,'=',264.0
CHEMBL3823187,NS(=O)(=O)c1ccc(-n2nc(C(=O)N/N=C/c3c(Cl)c4ccccc4oc3=O)cc2-c2ccccc2F)cc1,'=',470.0
CHEMBL3823440,NS(=O)(=O)c1ccc(-n2nc(C(=O)N/N=C/c3c(Cl)c4ccccc4oc3=O)cc2-c2ccc(F)cc2)cc1,'=',170.0
CHEMBL3823115,NS(=O)(=O)c1ccc(-n2nc(C(=O)N/N=C/c3c(Cl)c4ccccc4oc3=O)cc2-c2ccc(C(F)(F)F)cc2)cc1,'=',90.0
CHEMBL344351,CS(=O)(=O)Nc1cc2c(cc1Sc1ccncc1)C(=O)CC2,'=',1000.0
CHEMBL77350,COc1ccc(-c2c(-c3ccc(S(C)(=O)=O)cc3)oc3ccccc23)cc1Cl,'=',100.0
CHEMBL464610,CC(C)=CCC12Oc3cc(O)ccc3C1(O)Oc1cc(O)c([C@H]3C=C(C)C[C@@H](c4ccc(O)cc4O)[C@@H]3C(=O)c3ccc(O)cc3O)c(O)c1C2=O,'=',73000.0
CHEMBL37414,Cc1csc(Sc2cc3c(cc2NS(C)(=O)=O)CCC3=O)n1,'=',30.0
CHEMBL356940,CS(=O)(=O)Nc1cc2c(cc1Sc1ccc(F)cc1)C(=O)CC2,'=',1000.0
CHEMBL300982,CC1(C)Cc2c(-c3ccccc3)c(-c3ccc(Cl)cc3)c(CC(=O)O)n2C1,'=',370.0
CHEMBL122357,Cc1cnc2c(-c3ccc(F)cc3)c(-c3ccc(S(C)(=O)=O)cc3)nn2c1,'=',267.0
CHEMBL5089124,CCOC(=O)[C@H](OCc1cnnn1[C@@H](CO)C(=O)OC)[C@@H](OCc1cnnn1[C@@H](CO)C(=O)OC)C(=O)OCC,'=',400.0
CHEMBL282752,NS(=O)(=O)c1ccc(-n2nc(C(F)(F)F)c(O)c2-c2ccccc2)cc1,'=',3580.0
CHEMBL426767,CS(=O)(=O)c1ccc(-c2cc(C(=O)O)ccc2-c2ccccc2)cc1,'>',300000.0
CHEMBL150099,COC(=O)c1ccccc1Nc1c(Cl)ccc(C)c1Cl,'=',4000.0
CHEMBL2315016,CC(=O)Oc1ccccc1C(=O)OCCn1c2ccccc2c(=O)c2ccccc21,'=',21200.0
CHEMBL4448607,CC(=O)n1nc(-c2ccc(Cl)cc2)cc1-c1cn(-c2ccccc2)nc1-c1ccc(OCc2ccccc2)cc1,'=',2790.0
CHEMBL26915,COc1ccc(-n2nc(C(F)(F)F)cc2-c2ccc(Cl)cc2)cc1,'>',10000.0
CHEMBL4095906,Cc1cc(S(F)(F)(F)(F)F)cc2c1OC(C(F)(F)F)C(C(=O)O)=C2,'=',26.0
CHEMBL184389,Cc1ccc(-c2c(-c3ccc(S(C)(=O)=O)cc3)ccc(F)c2F)cc1C,'=',22.91
CHEMBL117682,CC(C)(C)c1cc(-c2csc(N=C(N)N)n2)cc2c1OCC2(C)C,'=',9000.0
CHEMBL359787,CS(=O)(=O)c1ccc(-c2c(-c3ccc(F)cc3)nn3ncccc23)cc1,'=',39.0
CHEMBL16891,CC(C)(C)c1cc(-c2nnc(NN)s2)cc(C(C)(C)C)c1O,'=',1300.0
CHEMBL155980,CS(=O)(=O)c1ccc(-c2sc3ncnn3c2-c2cc(F)cc(F)c2)cc1,'=',80.0
CHEMBL4470526,O=C(NCCc1c[nH]c2ccccc12)c1cc(Cl)ccc1O,'>',40000.0
CHEMBL259972,COc1ccc(-c2noc(CC(=O)O)c2-c2ccc(OC)cc2)cc1,'>',50000.0
CHEMBL442036,COc1ccc(Cc2c(C)[nH]c3cc(S(C)(=O)=O)ccc23)cc1,'=',270.0
CHEMBL4175569,O=C1COCCN1c1ccc(Nc2nc(Cl)nc(N3CCOCC3)n2)cc1,'=',100000.0
CHEMBL4162459,COc1ccc(Nc2nc(Cl)nc(Nc3ccc(N4CCOCC4=O)cc3)n2)cc1,'=',6000.0
CHEMBL4169332,[N-]=[N+]=NCCOc1nc(Cl)nc(Nc2ccc(N3CCOCC3=O)cc2)n1,'=',75000.0
CHEMBL4167707,O=C(NCCOc1nc(Cl)nc(Nc2ccc(N3CCOCC3=O)cc2)n1)c1ccccc1F,'=',70000.0
CHEMBL4171075,COC(=O)C(N)Cc1ccc(Oc2nc(Cl)nc(Nc3ccc(N4CCOCC4=O)cc3)n2)cc1,'=',600.0
CHEMBL4213903,COc1ccc(-c2nc3cc(NC(=O)c4ccccc4C)ccc3o2)cc1OC,'=',4840.0
CHEMBL4212341,COc1ccc(-c2nc3cc(NC(=O)c4ccc([N+](=O)[O-])cc4)ccc3o2)cc1OC,'=',160.0
CHEMBL4210463,COc1cc(OC)cc(C(=O)Nc2ccc3oc(-c4ccc(OC)c(OC)c4)nc3c2)c1,'=',440.0
CHEMBL126979,Cc1cc(=O)c(-c2ccc(Cl)cc2F)c(-c2ccc(S(C)(=O)=O)cc2)o1,'=',2050.22
CHEMBL365890,CS(=O)(=O)c1ccc(-c2ccc(F)c(F)c2-c2ccc3c(c2)OCCO3)cc1,'=',338.84
CHEMBL365473,CC(C)Oc1ccc2c(-c3ccc(S(C)(=O)=O)cc3)c(-c3ccc(F)cc3)nn2n1,'=',57.0
CHEMBL4558162,Cc1ccc2c(c1)nc(CCN1C(=O)c3cccc4cccc(c34)C1=O)n2-c1ccncc1,'>',10000.0
CHEMBL4436511,COc1ccc(-c2noc(N)c2-c2ccc(OC)cc2)cc1,'>',50000.0
CHEMBL3948850,Cc1cc(C)c2c(=O)n(CCCC(=O)N3CCN(c4ccccc4)CC3)sc2n1,'=',459000.0
CHEMBL358122,COc1ccc(-c2cc(C(F)(F)F)nn2-c2ccc(S(C)(=O)=O)c(CO)c2)cc1,'=',3200.0
CHEMBL279753,CC(=O)Nc1nc(-c2cc(C(C)(C)C)c(O)c(C(C)(C)C)c2)ns1,'>',20000.0
CHEMBL521,CC(C)Cc1ccc(C(C)C(=O)O)cc1,'=',4300.0
CHEMBL5191384,C/C(=C/CC/C(C)=C/CC[C@]1(C(=O)O)CC(=O)c2cc(O)ccc2O1)C(=O)O,'=',1050.0
CHEMBL5179776,C/C(=C/CC/C(C)=C/CC/C(=C/C(=O)c1cc(O)ccc1O)C(=O)O)CO,'=',3470.0
CHEMBL325755,CS(=O)(=O)c1ccc(-n2cc(C(F)(F)F)nc2-c2cccnc2)cc1,'=',1850.0
CHEMBL598972,O=C(O)Cc1ccccc1-c1ccn(C(F)F)c(=O)c1,'=',860.0
CHEMBL5184826,[2H]C([2H])([18F])Oc1nc(-c2ccc(OC)cc2)n(-c2ccc(OC)cc2)n1,'=',840.0
CHEMBL1204024,CS(=O)(=O)Nc1ccncc1NC1CCCCC1.Cl.O,'=',2440.0
CHEMBL363228,Cc1onc(-c2ccc(Cl)o2)c1-c1ccccc1,'>',100000.0
CHEMBL5094855,CCOC(=O)[C@H](O)[C@@H](OCc1cnnn1[C@@H](CO)C(=O)OC)C(=O)OCC,'=',40000.0
CHEMBL3309450,CS(=O)(=O)c1ccc(N2N=C(C(F)(F)F)CC2c2ccc3ccccc3c2)cc1,'=',17810.0
CHEMBL154253,CC1(Cn2ncc(-c3ccc(S(C)(=O)=O)cc3)c(-c3ccc(F)cc3)c2=O)CC1,'=',200.0
CHEMBL1917088,CS(=O)(=O)c1ccc2c(c1)S(=O)(=O)N=S2c1ccc(Br)cc1,'=',1800.0
CHEMBL69261,Cc1ccccc1-n1c(-c2ccc(S(N)(=O)=O)cc2)coc1=O,'=',9705.1
CHEMBL99727,CCOC(=O)CCc1cc(-c2ccc(S(C)(=O)=O)cc2)c(-c2ccc(F)cc2)s1,'=',130000.0
CHEMBL28599,Cc1ccccc1-c1cc(C(F)(F)F)nn1-c1ccc(S(N)(=O)=O)cc1,'=',69.18
CHEMBL298269,NS(=O)(=O)c1ccc(-n2cc(C(F)(F)F)nc2-c2cccc(Cl)c2)cc1,'=',7.943
CHEMBL3402326,COc1ccc2cc(C(C)c3nc4s/c(=C\c5cccc6ccccc56)c(=O)n4n3)ccc2c1,'=',68200.0
CHEMBL16996,COc1ccc(-c2nc(NCc3ccccc3)sc2-c2ccc(S(N)(=O)=O)cc2)cc1F,'=',59.0
CHEMBL339150,Cc1cc(=O)c(-c2ccccc2)c(-c2ccc(S(N)(=O)=O)cc2)o1,'=',6889.7
CHEMBL70858,NS(=O)(=O)c1ccc(-c2coc(=O)n2-c2ccc(Cl)cc2)cc1,'=',1199.5
CHEMBL183891,CCOc1ccc2c(-c3ccc(S(C)(=O)=O)cc3)c(-c3ccc(F)cc3)nn2n1,'=',43.0
CHEMBL55395,NS(=O)(=O)c1ccc(-c2cc(F)c(F)cc2-c2ccc3c(c2)OCCO3)cc1,'=',32.36
CHEMBL116016,COc1c(Cl)cc(-c2c(Cl)ncn2-c2ccc(S(C)(=O)=O)cc2)cc1Cl,'=',7.0
CHEMBL433428,NS(=O)(=O)c1ccc(-n2nc(C(F)F)cc2-c2ccc(Cl)cc2)cc1,'=',10.0
CHEMBL365436,CC(=O)OCc1[nH]c2cc(S(C)(=O)=O)ccc2c1Sc1ccccc1Cl,'>',40000.0
CHEMBL119001,CS(=O)(=O)c1ccc(-c2cnc(CF)n2-c2ccc(F)cc2)cc1,'>',10000.0
CHEMBL109578,CS(=O)(=O)c1ccc(C2=C(c3ccc(CO)cc3)CCC2)cc1,'=',3235.94
CHEMBL442018,CCCOc1ccc(-c2c(Cl)ncn2-c2ccc(S(C)(=O)=O)cc2)cc1,'=',10000.0
CHEMBL324580,CS(=O)(=O)c1ccc(-n2cnc(Cl)c2-c2cc(F)cc(F)c2)cc1,'=',75.0
CHEMBL44924,CS(=O)(=O)c1ccc(-n2cc(C(F)(F)F)nc2-c2cccc(N)c2)cc1,'=',5888.44
CHEMBL296984,NS(=O)(=O)c1ccc(-n2cc(C(F)(F)F)nc2-c2ccccc2)cc1,'=',39.81
CHEMBL286756,N#CCc1cc(-c2ccc(Cl)cc2)n(-c2ccc(S(N)(=O)=O)cc2)n1,'=',120.23
CHEMBL55348,COc1ccc(-c2cc(F)c(F)cc2-c2ccc(S(N)(=O)=O)cc2)cc1Cl,'=',12.88
CHEMBL54327,Cc1ccc(-c2cc(F)c(F)cc2-c2ccc(S(N)(=O)=O)cc2)cc1Cl,'=',3.02
CHEMBL116252,CS(=O)(=O)c1ccc(-n2cnc(Cl)c2-c2cnccc2Cl)cc1,'=',43.0
CHEMBL42408,COc1c(Cl)cc(-c2nc(C(F)(F)F)cn2-c2ccc(S(C)(=O)=O)cc2)cc1Cl,'=',141.25
CHEMBL347267,O=C(NNc1ccc(Cl)cc1)c1ccccc1,'=',530.0
CHEMBL45387,Cc1cc(-c2ccc(NS(C)(=O)=O)cc2)n(-c2ccc(Cl)cc2)n1,'=',265.0
CHEMBL324841,CS(=O)(=O)c1ccc(-n2cnc(Cl)c2-c2cc3ccccc3o2)cc1,'>',1000.0
CHEMBL111427,COc1ccc(C2=C(c3ccc(S(N)(=O)=O)cc3)CCC2)cc1F,'=',15.85
CHEMBL114783,CS(=O)(=O)c1ccc(-c2cnc(Cl)n2-c2ccc(F)cc2)cc1,'=',14.0
CHEMBL346258,COc1ccc(C(=O)NNc2ccccc2)cc1,'>',10000.0
CHEMBL362137,Cc1ccc(-c2c(-c3ccc(S(C)(=O)=O)cc3)ccc(F)c2F)cc1Cl,'=',12.88
CHEMBL44290,CC(=O)c1cc(-c2ccc(S(C)(=O)=O)cc2)n(-c2ccc(F)cc2)c1C,'=',1621.81
CHEMBL325297,CS(=O)(=O)c1ccc(-n2c(-c3ccc(F)cc3)cnc2C(=O)c2ccccc2)cc1,'>',10000.0
CHEMBL321216,Cc1ccnc(-c2nc(C(F)(F)F)cn2-c2ccc(S(C)(=O)=O)cc2)c1,'=',524.81
CHEMBL347945,Clc1ccc(-c2nn(-c3ccc(Cl)cc3)c3c2CCC3)cc1,'>',10000.0
CHEMBL293771,Cc1ccc(-c2cc(F)c(F)cc2-c2ccc(S(C)(=O)=O)cc2)cc1,'=',7.079
CHEMBL44421,CN(C)S(=O)(=O)c1ccc(-n2cccc2-c2ccc(F)cc2)cc1,'>',100000.0
CHEMBL145354,CC(=O)Oc1ccccc1SCCCc1ccccc1,'>',1000000.0
CHEMBL27784,CC[C@@H](CO)NC(=O)Cc1c(C)n(C(=O)c2ccc(Cl)cc2)c2ccc(OC)cc12,'=',280.0
CHEMBL312822,NS(=O)(=O)c1ccc(C2=C(c3ccc(F)c(Cl)c3)CC3(CC3)C2)cc1,'=',1.514
CHEMBL88493,COc1c(Cl)cc(C2=C(c3ccc(S(N)(=O)=O)cc3)CC3(CC3)C2)cc1Cl,'=',3.981
CHEMBL89429,CS(=O)(=O)c1ccc(C2=CC3(C=C2c2ccc(F)cc2)CC3)cc1,'=',25.7
CHEMBL144840,CCC(=O)Oc1ccccc1SC,'>',1000000.0
CHEMBL119076,CCCCCc1ncn(-c2ccc(S(C)(=O)=O)cc2)c1-c1ccc(F)cc1,'>',10000.0
CHEMBL54412,NS(=O)(=O)c1ccc(-c2ccccc2-c2ccc(F)c(Cl)c2)cc1,'=',16.98
CHEMBL365060,CS(=O)(=O)c1ccc(-c2ccc3c(c2-c2ccc(F)cc2)OCO3)cc1,'=',83.18
CHEMBL185528,Cc1[nH]c2cc(S(C)(=O)=O)ccc2c1Cc1ccc(Cl)cc1,'=',260.0
CHEMBL1290459,O=C(O)C1=Cc2cc(OC(F)(F)F)ccc2OC1C(F)(F)F,'=',29.0
CHEMBL1288564,N#Cc1ccc2c(c1)C=C(C(=O)O)C(C(F)(F)F)O2,'=',110.0
CHEMBL1290682,CCCc1cc(OC(F)(F)F)cc2c1OC(C(F)(F)F)C(C(=O)O)=C2,'=',43.0
CHEMBL111039,CSc1ccc(C2=C(c3ccc(S(C)(=O)=O)cc3)CCC2)cc1,'=',218.78
CHEMBL115752,CS(=O)(=O)c1ccc(-n2cnc(Cl)c2-c2ccc(F)cc2F)cc1,'=',7.0
CHEMBL117947,CCOc1ccc(-c2c(Cl)ncn2-c2ccc(S(N)(=O)=O)cc2)cc1F,'=',20.0
CHEMBL280636,NS(=O)(=O)c1ccc(-n2nc(C(F)(F)F)c(Cl)c2-c2ccc(Cl)cc2)cc1,'=',5.248
CHEMBL116498,CC(=O)Nc1ccc(-c2c(Cl)ncn2-c2ccc(S(C)(=O)=O)cc2)cc1,'>',10000.0
CHEMBL294967,Cc1ccccc1-c1nc(C(F)(F)F)cn1-c1ccc(S(N)(=O)=O)cc1,'=',199.53
CHEMBL361141,COc1cc(/C=C/c2cc(/C=C/c3ccc(O)cc3)[nH]n2)ccc1O,'=',15450.0
CHEMBL321881,Cc1ccc(-c2nc(C(F)(F)F)cn2-c2ccc(S(C)(=O)=O)cc2)nc1,'=',1288.25
CHEMBL4071145,CCCCCCCCCCCC(=O)c1c(O)c(-c2ccc(O)cc2)c[nH]c1=O,'>',10000.0
CHEMBL350549,Cc1nc(-c2ccccc2)c(-c2ccc(S(C)(=O)=O)cc2)o1,'=',90.0
CHEMBL320585,CC1(C)OC(=O)C(Oc2ccc(Cl)cn2)=C1c1ccc(S(C)(=O)=O)cc1,'=',20.0
CHEMBL4084975,Cc1c(C(=O)/C(Cl)=N/O)cnn1-c1ccccc1,'=',2330.0
CHEMBL153767,CS(=O)(=O)c1ccc(-c2cc3c(cc2C(=O)c2cccc(F)c2)OCO3)cc1,'=',1000.0
CHEMBL17307,CC(C)(C)c1cc(-c2nnc(NC#N)s2)cc(C(C)(C)C)c1O,'>',20000.0
CHEMBL1630232,Cc1c(Cl)ccc2c1C=C(C(=O)O)C(C(F)(F)F)O2,'=',120.0
CHEMBL1630246,CC(C)N(c1cc2c(cc1Cl)C=C(C(=O)O)C(C(F)(F)F)O2)C(C)C,'=',100000.0
CHEMBL1630247,CC1CCCC(C)N1Cc1cc2c(cc1Cl)C=C(C(=O)O)C(C(F)(F)F)O2,'=',62200.0
CHEMBL1956383,COc1ccc(-c2nnnn2-c2ccc(S(N)(=O)=O)cc2)cc1,'>',100000.0
CHEMBL1956394,CS(=O)(=O)c1ccc(-n2nnnc2-c2ccc(C(F)(F)F)cc2)cc1,'>',100000.0
CHEMBL3823420,NS(=O)(=O)c1ccc(-n2nc(C(=O)N/N=C/c3c(Cl)c4ccccc4oc3=O)cc2-c2ccccc2O)cc1,'=',7570.0
CHEMBL158310,CC(C)=CCn1ncc(-c2ccc(S(C)(=O)=O)cc2)c(-c2ccc(F)cc2)c1=O,'=',100.0
CHEMBL155247,CC(C1CC1)n1ncc(-c2ccc(S(C)(=O)=O)cc2)c(-c2ccc(F)cc2)c1=O,'=',200.0
CHEMBL210897,Cc1cc(=O)c(Oc2ccc(Cl)cc2F)c(-c2ccc([S+](C)[O-])cc2)o1,'=',670.0
CHEMBL326254,CC1(C)OC(=O)C(Oc2ncccn2)=C1c1ccc(S(C)(=O)=O)cc1,'=',620.0
CHEMBL36722,Cc1nc(C2CCCCC2)c(-c2ccc(S(N)(=O)=O)c(Cl)c2)o1,'>',10000.0
CHEMBL2096836,Cc1cc(=O)c(Oc2ccc(F)cc2F)c(-c2ccc([S@+](C)[O-])cc2)o1,'=',270.0
CHEMBL442767,Cc1cc(=O)c(Oc2ccc(Cl)cc2F)c(-c2ccc(S(C)(=O)=O)cc2)o1,'=',200.0
CHEMBL44468,COc1cccc(-c2nc(C(F)(F)F)cn2-c2ccc(S(C)(=O)=O)cc2)c1,'=',350.0
CHEMBL1171834,CCCCC(Sc1nc(OCCC2CCCCC2)cc(OCCC2CCCCC2)n1)C(=O)O,'=',10900.0
CHEMBL101459,CS(=O)(=O)c1ccc(-c2cc(CC#N)sc2-c2ccc(F)cc2)cc1,'=',49000.0
CHEMBL45197,CSc1ccc(-c2nc(C(F)(F)F)cn2-c2ccc(S(C)(=O)=O)cc2)cc1,'=',160.0
CHEMBL393127,COc1ccc2c(c1)c(CC(=O)NOCCCO)c(C)n2C(=O)c1ccc(Cl)cc1,'=',700.0
CHEMBL129613,Cc1cc(=O)c(-c2ccc(C(F)(F)F)cc2)c(-c2ccc(S(C)(=O)=O)cc2)o1,'=',6920.0
CHEMBL44926,NS(=O)(=O)c1ccc(-n2cc(C(F)(F)F)nc2-c2ccccc2F)cc1,'=',100.0
CHEMBL432335,NS(=O)(=O)c1ccc(-c2coc(=O)n2C2CCCCC2)cc1,'=',18879.91
CHEMBL274473,Cc1nc(-c2ccc(S(C)(=O)=O)cc2)c(-c2ccc(F)cc2)s1,'=',310.0
CHEMBL4068589,CCc1cc(S(F)(F)(F)(F)F)cc2c1OC(C(F)(F)F)C(C(=O)O)=C2,'=',60.0
CHEMBL552145,CS(=O)(=O)c1ccc(-c2cnc(CCc3ccccc3)nc2-c2ccc(F)cc2)cc1,'=',5263.0
CHEMBL47540,C[C@]1(O)CCC[C@H]1Oc1ncc(C(F)(F)F)cc1-c1ccc(S(C)(=O)=O)cc1,'=',1400.0
CHEMBL296370,C[C@H](CO)Sc1ncc(C(F)(F)F)cc1-c1ccc(S(C)(=O)=O)cc1,'<',200.0
CHEMBL95643,COc1ccc2c(c1)c(CC(=O)OCCc1ccccc1)c(C)n2C(=O)c1ccc(Cl)cc1,'=',50.0
CHEMBL388531,OC[C@H]1C[C@](O)(c2ccc(Cl)cc2)[C@@H](c2ccc(Cl)cc2)O1,'=',3000.0
CHEMBL24429,CS(=O)(=O)c1ccc(C2=C(c3cccnc3)C(=O)CC2)cc1,'=',170.0
CHEMBL66435,CS(=O)(=O)c1ccc(-c2cc(CO[N+](=O)[O-])nn2C2CCCCC2)cc1,'=',400.0
CHEMBL237205,Cc1c(CC(=O)NCCCO[N+](=O)[O-])c2cc(OS(N)(=O)=O)ccc2n1C(=O)c1ccc(Cl)cc1,'=',26300.0
CHEMBL349518,Cc1cc(-c2ccccc2)n(-c2ccc(S(C)(=O)=O)cc2)n1,'>',10000.0
CHEMBL117306,NS(=O)(=O)c1ccc(-n2cnc(Cl)c2-c2ccc(Cl)nc2)cc1,'=',42.0
CHEMBL76692,COc1ccc(-c2c(-c3ccc(S(N)(=O)=O)cc3)oc3ccccc23)cc1F,'=',5.0
CHEMBL463453,O=C1c2c(O)cc(O)cc2O[C@H](c2ccc(O)cc2O)[C@H]1O,'>',100000.0
CHEMBL526931,CC(=O)O[C@@]12[C@H](OC(=O)C(=C(C)C)N(C)C)[C@@H](C)[C@]3(O)[C@@H]4C=C(C)C(=O)[C@@H]4CC(CO)=C[C@H]3[C@@H]1C2(C)C,'>',100000.0
CHEMBL3958352,O=C(CCn1sc2ccccc2c1=O)N1CCN(c2cccc(Cl)c2)CC1,'=',129900.0
CHEMBL149134,Cc1ccc(Cl)c(Nc2ccccc2C(=O)NCCc2ccccc2)c1Cl,'=',4000.0
CHEMBL327468,CS(=O)(=O)c1ccc([C@@H](CO)[C@@H](CCC(=O)[O-])c2ccccc2)cc1.[Na+],'>',33000.0
CHEMBL42996,CN(C)c1ccc(-c2nc(C(F)(F)F)cn2-c2ccc(S(C)(=O)=O)cc2)cc1,'=',700.0
CHEMBL42223,COc1cc(-c2nc(C(F)(F)F)cn2-c2ccc(S(C)(=O)=O)cc2)ccc1Cl,'=',250.0
CHEMBL42074,COc1cc(C)c(-c2nc(C(F)(F)F)cn2-c2ccc(S(C)(=O)=O)cc2)cc1C,'=',12200.0
CHEMBL467114,O=C([O-])c1cccc(Cc2cc(Cl)ccc2OCc2ccc(Cl)cc2F)n1.[Na+],'>',100000.0
CHEMBL463571,C=C1C(=O)O[C@H]2[C@H]1[C@H](OC(=O)[C@]1(C)O[C@@H]1C)[C@@H](OC(C)=O)/C(C(=O)O)=C\[C@H]1O[C@H]1[C@]1(C)O[C@H]21,'=',400.0
CHEMBL3935079,COc1ccc(-c2nc(NCC(=O)N3CCN(C)CC3)sc2-c2ccc(OC)cc2)cc1,'=',7950.0
CHEMBL88532,COc1ccc(C2=C(c3ccc(S(N)(=O)=O)cc3)CC3(CC3)C2)cc1F,'=',2.0
CHEMBL290192,Cc1nc(-c2ccc(F)cc2)c(-c2ccc(S(N)(=O)=O)cc2)o1,'=',20.0
CHEMBL4104705,Cc1c(C(=O)N2CCCCC2)nc2ccc(Cl)cc2c1O,'=',3140.0
CHEMBL1221731,CCCCC(=C(c1ccccc1)c1ccccc1)c1ccc(S(C)(=O)=O)cc1,'=',2700.0
CHEMBL514950,COc1ccc(-c2sncc2-c2ccc(C)cc2)cc1,'>',50000.0
CHEMBL3775676,CCCCCCNC(=O)Oc1cccc(-c2ccc(C(C)C(=O)O)cc2O)c1,'=',13000.0
CHEMBL3601276,Cc1ccc(-c2cc(CO[N+](=O)[O-])nn2-c2ccc(S(N)(=O)=O)cc2)cc1,'=',890.0
CHEMBL29899,CN(C)c1ccc(-c2cc(C(F)(F)F)nn2-c2ccc(S(N)(=O)=O)cc2)cc1F,'=',5.7
CHEMBL2018564,CCNc1nnc(Cn2nc(Cc3ccccc3)c3onc(C)c3c2=O)s1,'>',100000.0
CHEMBL42485,CS(=O)(=O)c1ccc(-c2cc(Br)sc2-c2ccc(F)cc2)cc1,'=',40.0
CHEMBL402978,CCCCC[C@H](O)CC(=O)CCc1ccc(O)c(OC)c1,'=',125000.0
CHEMBL319072,CS(=O)(=O)c1ccc(-c2c(Br)sc(Br)c2-c2ccc(F)cc2)cc1,'=',700.0
CHEMBL463145,O=c1cc(-c2ccc(O)cc2O)oc2cc(O)cc(O)c12,'>',100000.0
CHEMBL321597,CC1(C)OC(=O)C(Oc2ccc3ccccc3n2)=C1c1ccc(S(C)(=O)=O)cc1,'=',330.0
CHEMBL16647,CC(C)(C)c1cc(-c2nnc(SCC(F)(F)F)s2)cc(C(C)(C)C)c1O,'>',20000.0
CHEMBL16814,CC(C)(C)c1cc(-c2nnc(NC#N)o2)cc(C(C)(C)C)c1O,'=',11000.0
CHEMBL276916,CC(C)(C)c1cc(-c2nnc(S)o2)cc(C(C)(C)C)c1O,'=',47000.0
CHEMBL463776,CCCCCCC(Sc1nc(Cl)cc(Nc2cc(C)c(-c3ccccc3)cc2OC)n1)C(=O)O,'>',10.0
CHEMBL457204,CCCCCC[C@@H](Sc1nc(Cl)cc(Nc2ccc(-c3ccc(C#N)cc3)cc2)n1)C(=O)O,'>',10.0
CHEMBL459722,CCCCCCC(Sc1nc(Cl)cc(Nc2ccc3ncccc3c2)n1)C(=O)OCC,'>',10.0
CHEMBL459972,CCCCC(Sc1nc(Cl)cc(Nc2cccc(C)c2C)n1)C(=O)O,'>',10.0
CHEMBL4248176,O=C(COc1cc(O)c2c(=O)cc(-c3ccccc3)oc2c1)OCc1cc(-c2ccccc2)n(-c2ccccc2)n1,'=',2200.0
CHEMBL282415,COc1ccc2c(c1)c(Cc1nc(-c3ccc([N+](=O)[O-])cc3)cs1)c(C)n2C(=O)c1ccc(Cl)cc1,'=',12.0
CHEMBL4242144,Cc1cccc(-c2cc(COC(=O)COc3cc(O)c4c(=O)cc(-c5ccccc5)oc4c3)nn2-c2ccccc2)c1,'=',1360.0
CHEMBL4244043,O=C(COc1cc(O)c2c(=O)cc(-c3ccccc3)oc2c1)OCc1cc(-c2cccc([N+](=O)[O-])c2)n(-c2ccccc2)n1,'=',5940.0
CHEMBL4159582,CS(=O)(=O)c1ccc(NC(=O)NNC(=S)Nc2ccccc2)cc1,'=',12800.0
CHEMBL5275436,NC(=O)N1N=C(c2ccccc2)CC1c1cn(-c2ccccc2)nc1-c1ccccc1,'=',1090.0
CHEMBL5274575,CCOP(=O)(OCC)C(NC(=O)c1cc(-c2ccc(OC)cc2)n(-c2ccc(S(N)(=O)=O)cc2)n1)c1ccc(Br)cc1,'=',280.0
CHEMBL126345,CS(=O)(=O)c1ccc(-c2[nH]c(SC#N)cc2-c2ccc(F)cc2)cc1,'=',72000.0
CHEMBL5273958,CCOP(=O)(OCC)C(NC(=O)c1cc(-c2cccs2)n(-c2ccc(S(N)(=O)=O)cc2)n1)c1ccc(Cl)cc1,'=',220.0
CHEMBL5271852,CCOP(=O)(OCC)C(NC(=O)c1cc(-c2ccc(C(F)(F)F)cc2)n(-c2ccc(S(N)(=O)=O)cc2)n1)c1ccc(Br)cc1,'=',280.0
CHEMBL440001,C[C@H]1C(Cn2ncc(-c3ccc(S(C)(=O)=O)cc3)c(-c3ccc(F)cc3)c2=O)[C@@H]1C,'=',700.0
CHEMBL172128,CS(=O)(=O)c1ccc(-c2cc(N)ccc2-c2ccccc2)cc1,'=',194000.0
CHEMBL88549,CS(=O)(=O)c1ccc(C2=C(c3ccc4c(c3)OCO4)CC3(CC3)C2)cc1,'=',2.5
CHEMBL356794,CCCC/C=C/CSc1ccccc1OC(C)=O,'=',11000.0
CHEMBL296447,CS(=O)(=O)c1ccc(-n2cc(C(F)(F)F)nc2-c2ccc3c(c2)OCO3)cc1,'=',280.0
CHEMBL359586,COc1c(Cl)cc(-c2c(-c3ccc(S(N)(=O)=O)cc3)ccc(F)c2F)cc1Cl,'=',20.89
CHEMBL364166,COc1ccc(-c2c(-c3ccc(S(C)(=O)=O)cc3)ccc(F)c2F)cc1OC,'=',338.84
CHEMBL365883,NS(=O)(=O)c1ccc(-c2ccc(F)c(F)c2-c2ccc3c(c2)OCO3)cc1,'=',3.981
CHEMBL154480,CC1(C)CC1Cn1ncc(-c2ccc(S(C)(=O)=O)cc2)c(-c2ccc(F)cc2)c1=O,'=',30.0
CHEMBL224192,CS(=O)(=O)Nc1ccncc1Oc1cccc(Cl)c1,'=',1990.0
CHEMBL347842,CS(=O)(=O)c1ccc(-c2cnn(Cc3ccccc3)c(=O)c2Oc2ccc(Cl)cn2)cc1,'=',900.0
CHEMBL375127,COc1cc(F)cc(OCc2cc(-c3ccccc3)n(-c3ccc(S(C)(=O)=O)cc3)n2)c1,'=',310.0
CHEMBL318464,COc1cc2c(cc1F)-c1c(c(C(F)F)nn1-c1ccc(S(N)(=O)=O)cc1)SC2,'=',32.0
CHEMBL5094539,COc1ccc(NC(=O)c2ccccc2NCc2ccccc2)cc1,'>',150000.0
CHEMBL4172542,c1ccc(-c2cc(-c3ccccc3)c3ncccc3n2)cc1,'>',150000.0
CHEMBL2333734,CCC1CCCCN1C(=O)/C=C/c1c(/C=C/c2ccc(OC)cc2)cc(OC)cc1OC,'=',10280.0
CHEMBL1775103,Clc1ccc(Oc2ccc(OCCN3CCCC3)cc2)cc1,'>',100000.0
CHEMBL1775111,CN(c1ccccc1Oc1ccc(OCCN2CCCC2)cc1)S(C)(=O)=O,'=',92000.0
CHEMBL1775093,CS(=O)(=O)c1ccccc1Oc1ccc(OCCN2CCCC2)cc1,'>',100000.0
CHEMBL1775094,CS(=O)(=O)c1cccc(Oc2ccc(OCCN3CCCC3)cc2)c1,'>',100000.0
CHEMBL88899,COc1ccc(C2=C(c3ccc(S(C)(=O)=O)cc3)CC3(CC3)C2)cc1Cl,'=',16.98
CHEMBL65155,CS(=O)(=O)c1ccc(-c2sc(Br)cc2-c2ccc(F)cc2)cc1,'=',20.0
CHEMBL110612,Cc1ccncc1-c1cc(F)c(F)cc1-c1ccc(S(C)(=O)=O)cc1,'=',169.82
CHEMBL145412,CCCC#CCCSc1ccccc1OC(C)=O,'=',6500.0
CHEMBL155658,Clc1ccc(-c2nn(-c3ccccc3)c3c2CCCCC3)cc1,'=',140.0
CHEMBL154589,Clc1ccc(-c2nn(-c3ccc(Cl)cc3)c3c2CCCCC3)cc1,'=',10000.0
CHEMBL43149,COc1ccc(-c2nc(C(F)(F)F)cn2-c2ccc(S(C)(=O)=O)cc2)cc1Cl,'=',128.82
CHEMBL12532,CSc1nnc(-c2cc(C(C)(C)C)c(O)c(C(C)(C)C)c2)s1,'=',150.0
CHEMBL2283170,CCCC/C(=C(\c1ccccc1)c1cc(C(C)(C)C)c(C(C)=O)c(C(C)(C)C)c1)c1ccc(S(C)(=O)=O)cc1,'>',100000.0
CHEMBL89089,COc1ccc(C2=C(c3ccc(S(C)(=O)=O)cc3)CC3(CC3)C2)cc1,'=',5.012
CHEMBL1775095,CS(=O)(=O)c1ccc(Oc2ccc(OCCN3CCCC3)cc2)cc1,'>',100000.0
CHEMBL1775097,c1cnc(Oc2ccc(OCCN3CCCC3)cc2)cn1,'=',61600.0
CHEMBL1619630,O=C(c1ccccc1)c1ccc2n1CC[C@H]2C(=O)O,'>',100000.0
CHEMBL18883,C[C@@H](C(=O)O)c1ccc(C[C@@H]2CCC[C@H]2O)cc1,'>',33000.0
CHEMBL350662,CS(=O)(=O)c1ccc(-n2nc(-c3ccc(Cl)cc3)c3c2CCCCC3)cc1,'>',10000.0
CHEMBL332251,Cc1ccc(-c2c(Cl)ncn2-c2ccc(S(N)(=O)=O)cc2)cc1,'=',3.0
CHEMBL144806,CCCCCSc1ccccc1OC(C)=O,'=',5000.0
CHEMBL144533,CC(=O)Oc1ccccc1SCCCCCCBr,'=',12000.0
CHEMBL441414,C[C@H](C(=O)O)c1ccc(C[C@H]2CCC[C@@H]2O)cc1,'=',390.0
CHEMBL145071,CC(=O)Oc1ccccc1SCCCCCC(=O)O,'=',50000.0
CHEMBL44516,CS(=O)(=O)c1ccc(-n2cc(C(F)(F)F)nc2-c2ccc(Cl)cc2)cc1,'=',109.65
CHEMBL298476,Cc1ccc(-c2nc(C(F)(F)F)cn2-c2ccc(S(N)(=O)=O)cc2)cc1Cl,'=',3.02
CHEMBL295752,COc1cc(F)cc(-c2nc(C(F)(F)F)cn2-c2ccc(S(C)(=O)=O)cc2)c1,'=',954.99
CHEMBL89263,CS(=O)(=O)c1ccc(C2=C(c3ccc(OC(F)(F)F)cc3)CC3(CC3)C2)cc1,'=',134.9
CHEMBL442164,CS(=O)(=O)c1ccc(-c2cc(F)c(F)cc2-c2ccc(F)cc2)cc1,'=',14.13
CHEMBL107600,CS(=O)(=O)c1ccc(-n2cc(C(F)(F)F)nc2-c2ccccn2)cc1,'=',1513.56
CHEMBL282839,NS(=O)(=O)c1ccc(-n2nc(C(F)(F)F)cc2-c2ccc3c(c2)CCO3)cc1,'=',20.89
CHEMBL5285584,CC(=O)OC[C@@H]1O[C@@H](n2cc(CNC(=O)C(=O)c3cn(S(=O)(=O)c4ccc(C)cc4)c4ccccc34)nn2)[C@H](OC(C)=O)[C@@H](OC(C)=O)[C@H]1OC(C)=O,'=',120.0
CHEMBL5290007,C=C1CCCC2C1(C)CCC(C)C2(C)CCC1=CC(=O)OC1O,'=',8.49
CHEMBL289484,CCOC(=O)c1cn(-c2ccc(S(C)(=O)=O)cc2)c(-c2ccc(Cl)cc2)n1,'=',5754.4
CHEMBL29439,CNc1ccc(-c2cc(C(F)(F)F)nn2-c2ccc(S(N)(=O)=O)cc2)cc1,'=',15.85
CHEMBL324275,CC1Cc2cc(-c3c(Cl)ncn3-c3ccc(S(C)(=O)=O)cc3)ccc2O1,'=',74.0
CHEMBL1946565,CCc1c(CC(=O)O)c2ccccc2n1C(=O)c1ccc(Cl)cc1,'>',400000.0
CHEMBL46667,CNc1cccc(-c2nc(C(F)(F)F)cn2-c2ccc(S(C)(=O)=O)cc2)c1,'=',912.01
CHEMBL54039,COc1ccc(-c2ccccc2-c2ccc(S(N)(=O)=O)cc2)cc1Cl,'=',19.05
CHEMBL109486,COCc1ccc(C2=C(c3ccc(S(C)(=O)=O)cc3)CCC2)cc1,'=',6606.93
CHEMBL110846,NS(=O)(=O)c1ccc(C2=C(c3ccc(C(F)(F)F)c(F)c3)CCC2)cc1,'=',169.82
CHEMBL157016,CS(=O)(=O)c1ccc(-c2cnn(CC3CC3)c(=O)c2-c2ccc(F)cc2)cc1,'=',1700.0
CHEMBL434673,CC(C)Oc1c(-c2ccc(S(C)(=O)=O)cc2)cnn(Cc2ccccc2)c1=O,'=',20.0
CHEMBL298231,CS(=O)(=O)c1ccc(-c2ccc(CCC(=O)O)n2-c2ccc(F)cc2)cc1,'>',100000.0
CHEMBL328864,CCOC(=O)Cc1c(C)n(C(=O)c2ccc(Cl)cc2)c2ccc(OC)cc12,'=',100.0
CHEMBL164393,CCOC(=O)c1cc(-c2ccccc2)n(-c2ccc(S(C)(=O)=O)cc2)n1,'>',10000.0
CHEMBL421570,COc1ccc2c(c1)c(CC(=O)Nc1ccc(F)cc1)c(C)n2C(=O)c1ccc(Cl)cc1,'=',60.0
CHEMBL276526,CCCSc1nnc(-c2cc(C(C)(C)C)c(O)c(C(C)(C)C)c2)o1,'>',20000.0
CHEMBL156053,CC(C)(C)n1ncc(-c2ccc(S(C)(=O)=O)cc2)c(-c2ccccc2)c1=O,'>',33000.0
CHEMBL46623,NS(=O)(=O)c1ccc(-n2cc(C(F)(F)F)nc2-c2ccc(F)cc2)cc1,'=',10.0
CHEMBL144884,Cc1ccc(Sc2cc3c(cc2NS(C)(=O)=O)CCC3=O)cc1,'=',50.0
CHEMBL2315017,O=c1c2ccccc2n(CCOS(=O)(=O)c2ccc(C(F)(F)F)cc2)c2ccccc12,'=',590.0
CHEMBL140167,Fc1ccc(-c2[nH]c(-c3ccc(F)cc3)c3c2C2CCC3CC2)cc1,'=',0.12
CHEMBL298762,CS(=O)(=O)c1ccc(C2=C(c3ccccc3)C(=O)N(c3ccccc3F)C2)cc1,'=',900.0
CHEMBL161793,CNS(=O)(=O)c1ccc(-c2oc(C)nc2C2CCCCC2)cc1,'=',3100.0
CHEMBL35992,CS(=O)(=O)Nc1cc2c(cc1Sc1ccccn1)C(=O)CC2,'=',500.0
CHEMBL43210,CS(=O)(=O)c1ccc(-c2cccn2-c2ccc(F)cc2)cc1,'=',10200.0
CHEMBL43664,COc1ccc(-c2ccc(CCC(=O)O)n2-c2ccc(C(C)=O)cc2)cc1,'=',2400.0
CHEMBL29583,COc1ccc(-n2nc(C(F)(F)F)cc2-c2ccc(S(N)(=O)=O)cc2)cc1,'=',6.7
CHEMBL144218,CCCCCCSc1ccccc1OC(C)=O,'=',3500.0
CHEMBL143962,CCCCCCCCCSc1ccccc1OC(C)=O,'>',40000.0
CHEMBL331148,Cc1ccc(-c2c(Cl)ncn2-c2ccc(S(C)(=O)=O)cc2)cc1,'=',16.0
CHEMBL333084,CC(C)Oc1ccc(-c2c(Cl)ncn2-c2ccc(S(C)(=O)=O)cc2)cc1,'>',10000.0
CHEMBL98489,CSc1ccc(-c2cscc2-c2ccc(S(C)(=O)=O)cc2)cc1,'=',6000.0
CHEMBL43553,CN(C)c1c(Cl)cc(-c2nc(C(F)(F)F)cn2-c2ccc(S(C)(=O)=O)cc2)cc1Cl,'=',141.25
CHEMBL117708,CS(=O)(=O)c1ccc(-n2cnc(Cl)c2-c2ccc(N)cc2)cc1,'=',187.0
CHEMBL147607,NS(=O)(=O)c1ccc(-n2nc(C(F)(F)F)cc2-c2ccc(Br)cc2)cc1CO,'=',592.0
CHEMBL43402,Cc1cnc(Sc2cc3c(cc2NS(C)(=O)=O)CCC3=O)s1,'=',870.0
CHEMBL145710,CSc1ccc(Oc2cc3c(cc2NS(C)(=O)=O)CCC3=O)cc1,'=',100.0
CHEMBL145783,CS(=O)(=O)Nc1cc2c(cc1Sc1ccc(C(=O)O)cc1)C(=O)CC2,'>',10000.0
CHEMBL420628,Cc1ccc(-c2ncc(Cl)cc2-c2ccc(S(N)(=O)=O)cc2)cn1,'=',23.0
CHEMBL52402,NS(=O)(=O)c1ccc(-c2ccccc2-c2ccc(Cl)cc2)cc1,'=',6.0
CHEMBL144441,CS(=O)(=O)Nc1cc2c(cc1OC1CCCC1)C(=O)CC2,'>',1000.0
CHEMBL346288,CS(=O)(=O)c1ccc(-c2sc3nncn3c2-c2ccccc2)cc1,'=',450.0
CHEMBL16827,CC(C)(C)c1cc(-c2nnc(O)s2)cc(C(C)(C)C)c1O,'>',20000.0
CHEMBL287919,CS(=O)(=O)Nc1cc2c(cc1Sc1ccc(F)cc1F)C(=O)CC2,'=',29.0
CHEMBL277006,COc1ccc2c(c1)c(CC(=O)N[C@H](CO)c1ccccc1)c(C)n2C(=O)c1ccc(Cl)cc1,'=',85.0
CHEMBL433427,COc1ccc2c(c1)c(CC(=O)NC(C)(C)CO)c(C)n2C(=O)c1ccc(Cl)cc1,'=',190.0
CHEMBL1939437,O=C(O)/C=C/c1ccc2c(c1)O[C@@H](C(=O)O)[C@@H](c1ccc(O)c(O)c1)O2,'=',52600.0
CHEMBL321407,NS(=O)(=O)c1ccc(-n2cc(C(F)F)nc2-c2cccnc2)cc1,'=',1819.7
CHEMBL55805,Cc1cc(-c2cc(F)c(F)cc2-c2ccc(S(N)(=O)=O)cc2)ccc1Cl,'=',3.02
CHEMBL314297,CS(=O)(=O)c1ccc(C2=C(c3ccc(F)cc3F)CC3(CC3)C2)cc1,'=',21.88
CHEMBL279752,CS(=O)(=O)c1ccc(-c2sc(-c3ccccc3Cl)nc2-c2cccc(F)c2)cc1,'=',16.0
CHEMBL524542,NS(=O)(=O)c1ccc(-c2[nH]c3ccc(Cl)cc3c2-c2cccc(Cl)c2)cc1,'=',3.13
CHEMBL525250,Cc1ccc2[nH]c(-c3ccc(S(C)(=O)=O)cc3)c(-c3ccccc3)c2c1,'=',0.28
CHEMBL525247,Cc1ccc2[nH]c(-c3ccc(S(N)(=O)=O)cc3)c(-c3ccccc3)c2c1,'=',0.02
CHEMBL526720,CS(=O)(=O)c1ccc(-c2[nH]c3ccc(Cl)cc3c2-c2ccc(Cl)cc2)cc1,'=',85.1
CHEMBL524543,Cc1ccc(-c2c(-c3ccc(S(C)(=O)=O)cc3)[nH]c3ccccc23)cc1,'=',0.09
CHEMBL526370,NS(=O)(=O)c1ccc(-c2[nH]c3ccccc3c2-c2ccc(O)cc2)cc1,'=',6.442
CHEMBL502554,CS(=O)(=O)c1ccc(-c2[nH]c3ccccc3c2-c2ccc(Br)cc2)cc1,'=',0.3698
CHEMBL416542,CC(C(=O)O)c1ccc(CC2CCCC2O)cc1,'=',22000.0
CHEMBL5182048,Cn1ccc2ccc(O)c(C(=O)OCC(F)(F)F)c21,'>',380000.0
CHEMBL5191304,Cc1cc2ccn(C)c2c(C(=O)OCC(F)(F)F)c1O,'=',187500.0
CHEMBL5200803,Cn1ccc2c(CCCO)cc(O)c(C(=O)OCC(F)(F)F)c21,'>',380000.0
CHEMBL157629,Cc1ccc(-c2c(-c3ccc(S(C)(=O)=O)cc3)cnn(Cc3ccccc3)c2=O)cc1,'=',20.0
CHEMBL17179,CS(=O)(=O)c1ccc(-c2sc(-c3ccccc3Cl)nc2-c2ccsc2)cc1,'=',79.0
CHEMBL268470,CS(=O)(=O)c1ccc(-c2cc(Cl)cnc2-c2ccc(C(=O)O)nc2)cc1,'=',21000.0
CHEMBL277116,CS(=O)(=O)c1ccc(-c2sc(-c3ccc(Cl)cc3)nc2-c2ccc(F)cc2)cc1,'=',50.0
CHEMBL274587,CC(C(=O)O)c1cc(C(=O)c2ccccc2)ccc1O,'=',300.0
CHEMBL470304,COc1ccc(-c2cn[se]c2-c2ccc(OC)cc2)cc1,'=',8000.0
CHEMBL42180,Cc1ccc(-c2nc(C(F)(F)F)cn2-c2ccc(S(C)(=O)=O)cc2)cc1F,'=',110.0
CHEMBL355263,CS(=O)(=O)c1ccc(-c2cc(C(F)(F)F)nn2-c2ccc(F)cc2)cc1,'=',1200.0
CHEMBL3400659,CCC(C)C(=O)O[C@@]12[C@H](OC(=O)c3ccccc3)[C@@H](C)[C@@]3(O)[C@@H](C=C(CO)C[C@]4(O)C(=O)C(C)=C[C@@H]34)[C@@H]1C2(C)C,'=',8500.0
CHEMBL452744,CS(=O)(=O)c1ccc(-c2[se]ncc2-c2ccc(F)cc2)cc1,'=',600.0
CHEMBL452730,COc1ccc(-c2[se]ncc2-c2ccc(C)cc2)cc1,'=',0.0
CHEMBL3425984,CO[C@@]1(c2ccc(O)c(O)c2)Oc2cc(CCO)ccc2O[C@@H]1O,'=',17800.0
CHEMBL3425978,CCO[C@@]1(c2ccc(O)c(O)c2)Oc2ccc(CCO)cc2O[C@@H]1O,'=',2520.0
CHEMBL298313,COc1ccc(-c2nc(C(F)(F)F)cn2-c2ccc(S(N)(=O)=O)cc2)cc1Cl,'=',20.0
CHEMBL301582,COc1ccc(C2=C(c3ccc(S(C)(=O)=O)cc3)CN(c3cccc(F)c3)C2=O)cc1,'=',280.0
CHEMBL313527,CS(=O)(=O)c1ccc(C2=C(c3ccc(O)cc3)C(=O)OC2)cc1,'=',4800.0
CHEMBL161619,CCCCCCCCCCCCCCCc1cccc(OC)c1CSc1nc2ccccc2o1,'=',2770.0
CHEMBL170591,CS(=O)(=O)c1ccc(-c2ncoc2-c2ccc(F)cc2)cc1,'>',30000.0
CHEMBL339817,Cc1cc(=O)c(-c2ccc3ccccc3c2)c(-c2ccc(S(C)(=O)=O)cc2)o1,'=',2590.0
CHEMBL95988,CCCCC#CCOC(=O)Cc1c(C)n(C(=O)c2ccc(Cl)cc2)c2ccc(OC)cc12,'=',250.0
CHEMBL300047,CS(=O)(=O)c1ccc(C2=C(c3ccc(F)cc3)C(=O)N(c3ccccc3F)C2)cc1,'=',320.0
CHEMBL126364,Cc1cc(=O)c(Cc2ccccc2)c(-c2ccc(S(C)(=O)=O)cc2)o1,'=',6400.0
CHEMBL265071,Cc1cc(=O)c(C2CCCCC2)c(-c2ccc(S(C)(=O)=O)cc2)o1,'=',1470.0
CHEMBL2315018,CC(C)Cc1ccc(C(C)C(=O)n2c3ccccc3c(=O)c3ccccc32)cc1,'=',1800.0
CHEMBL3623737,O=C(O)c1cccc(Nc2ccc(S(F)(F)(F)(F)F)cc2)c1,'>',100000.0
CHEMBL3410364,NS(=O)(=O)c1ccc(N2N=C3c4ccccc4OCC3C2c2c(F)cccc2Cl)cc1,'=',16270.0
CHEMBL421826,Cc1cccc(-c2c(-c3ccc(S(C)(=O)=O)cc3)sc3nc(C(F)(F)F)nn23)c1,'=',3019951.72
CHEMBL157820,CS(=O)(=O)c1ccc(-c2sc3ncnn3c2-c2cccc(F)c2)cc1,'=',21877616.24
CHEMBL3425986,CC(=O)NCCc1ccc2c(c1)O[C@H](NC(C)=O)[C@@H](c1ccc(O)c(O)c1)O2,'=',2600.0
CHEMBL3425983,CCO[C@]1(c2ccc(O)c(O)c2)Oc2cc(CCO)ccc2O[C@H]1O,'=',8600.0
CHEMBL25,CC(=O)Oc1ccccc1C(=O)O,'=',2400.0
CHEMBL28527,NS(=O)(=O)c1ccc(-n2nc(C(F)(F)F)cc2-c2ccc(F)cc2)cc1,'=',41.0
CHEMBL4788232,CC(C)c1ccc(-n2nc(-c3ccco3)cc2N)cc1,'>',100000.0
CHEMBL4758829,O=C(O)c1ccc(-n2nc(-c3ccco3)cc2-n2cc(CNc3ccc([N+](=O)[O-])c4nonc34)nn2)cc1,'>',100000.0
CHEMBL3410352,NS(=O)(=O)c1ccc(N2N=C3c4ccccc4CCC3C2c2ccc(C(F)(F)F)cc2)cc1,'=',18260.0
CHEMBL117146,CS(=O)(=O)c1ccc(-c2cnc(C#N)n2-c2ccc(F)cc2)cc1,'=',51.0
CHEMBL1080852,COc1ccc2c(c1)C(O)=C(C(=O)Nc1ccc(-c3ccc(Cl)c(Cl)c3)cc1)NS2(=O)=O,'>',100000.0
CHEMBL1086610,O=C(Nc1ccc(CCc2ccc(Cl)c(Cl)c2)cc1)C1=C(O)c2ccccc2S(=O)(=O)N1,'>',68000.0
CHEMBL1080552,O=C(Nc1ccc(-c2ccc(Cl)c(Cl)c2)cc1)C1NS(=O)(=O)c2ccccc2C1O,'>',50000.0
CHEMBL4643407,CSc1nc2ccccc2n1-c1csc(NC/C(C)=N/N=c2\scc(-c3ccc(C)cc3)n2-c2ccccc2)n1,'=',54.0
CHEMBL4865464,CCCCOc1nc(OCC(C)(C)O)c(-c2ccc(S(C)(=O)=O)cc2)cc1CO,'=',346.0
CHEMBL4868446,CC(C)(O)COc1nc(OCCC(F)(F)F)c(CO)cc1-c1ccc(S(C)(=O)=O)cc1,'=',877.0
CHEMBL4853361,COc1ccc2cc(/C=N/n3c(=S)[nH]nc(Cc4ccccc4)c3=O)c(O)nc2c1,'=',73.0
CHEMBL157720,CS(=O)(=O)c1ccc(-c2cnn(Cc3nccs3)c(=O)c2-c2ccc(F)cc2)cc1,'=',5900.0
CHEMBL4860909,Cc1cc(-c2ccco2)nn1S(=O)(=O)Oc1ccccc1,'=',31.0
CHEMBL343912,NS(=O)(=O)c1ccc(-n2nc(C(F)(F)F)cc2-c2ccccc2Cl)cc1CO,'=',6300.0
CHEMBL1939675,CSc1ccc(-n2c(-c3ccc(S(C)(=O)=O)cc3)cc(CC(=O)OCCCO[N+](=O)[O-])c2C)cc1,'=',27.0
CHEMBL3905421,Cc1c(CC(=O)OCCCCO[N+](=O)[O-])cc(-c2ccc(S(C)(=O)=O)cc2)n1-c1cccc(F)c1,'=',69.0
CHEMBL3104544,Cc1c(CC(=O)NC(CCO[N+](=O)[O-])C(=O)O)cc(-c2ccc(S(C)(=O)=O)cc2)n1-c1ccc(F)cc1,'=',1600.0
CHEMBL1939516,COc1ccc(-n2c(-c3ccc(S(C)(=O)=O)cc3)cc(CC(=O)OCCO)c2C)cc1,'=',1100.0
CHEMBL154,COc1ccc2cc([C@H](C)C(=O)O)ccc2c1,'=',1010000.0
CHEMBL322305,COc1cncc(-c2nc(C(F)(F)F)cn2-c2ccc(S(N)(=O)=O)cc2)c1,'>',100000.0
CHEMBL3322403,COc1cc(C2=NCCN2c2ccc(S(C)(=O)=O)cc2)ccc1F,'>',10000.0
CHEMBL367885,CC(C)(O)c1scc(-c2ccc(F)cc2)c1-c1ccc(S(C)(=O)=O)cc1,'>',30000.0
CHEMBL160418,CCCCCCCCCCCCCCCc1cccc(OC)c1CSc1nc2cc(OC)ccc2[nH]1,'>',10000.0
CHEMBL4540611,COc1ccc(-c2nn(-c3ccc(S(C)(=O)=O)cc3)cc2/C=C2\SC(=O)NC2=O)cc1,'=',880.0
CHEMBL16850,Cc1nc(-c2ccc(F)cc2)c(-c2ccc(S(C)(=O)=O)cc2)s1,'=',310.0
CHEMBL356283,NS(=O)(=O)c1ccc(-n2nc(C(F)(F)F)cc2-c2ccc(F)cc2)cc1CO,'=',1990.0
CHEMBL274271,CC(C)(C)c1cc(-c2nnc(SCCN)s2)cc(C(C)(C)C)c1O,'=',41000.0
CHEMBL4092847,N#Cc1c(N=Cc2cccs2)c(C(=O)Nc2ccccc2)n2c1CCC2,'=',560.0
CHEMBL52820,NS(=O)(=O)c1ccc(-c2cc(F)c(F)cc2-c2ccc(F)c(Cl)c2)cc1,'=',2.0
CHEMBL279387,CCCOc1nnc(-c2cc(C(C)(C)C)c(O)c(C(C)(C)C)c2)s1,'>',20000.0
CHEMBL16881,COc1nnc(-c2cc(C(C)(C)C)c(O)c(C(C)(C)C)c2)s1,'=',3000.0
CHEMBL48073,CCC(O)(CC)[C@H](C)Oc1ncc(C(F)(F)F)cc1-c1ccc(S(C)(=O)=O)cc1,'<',200.0
CHEMBL4466102,COc1ccccc1/C=C/c1ccc(=O)n(-c2ccccc2)n1,'=',89.8
CHEMBL3289942,CN(C)c1ccc(/C=C2\CCc3ccccc3C2=O)c([N+](=O)[O-])c1,'=',27960.0
CHEMBL3397710,CCCC/C(=C\c1cc(OCc2ccccc2)ccc1OCc1ccc(C(F)(F)F)cc1)C(=O)O,'>',10000.0
CHEMBL3397717,CCCC/C(=C\c1cc(OCc2cc(C(F)(F)F)cc(C(F)(F)F)c2)ccc1OCc1ccc(C(F)(F)F)cc1)C(=O)O,'>',10000.0
CHEMBL3309444,NS(=O)(=O)c1ccc(N2N=C(C(F)(F)F)CC2c2ccc3ccccc3c2)cc1,'=',14580.0
CHEMBL1766299,NS(=O)(=O)c1ccc(-n2nc(CCCNC(=O)Nc3cccc(C(F)(F)F)c3)cc2-c2ccccc2)cc1,'=',700.0
CHEMBL1766300,CS(=O)(=O)c1ccc(-n2nc(CCCNC(=O)Nc3cccc(C(F)(F)F)c3)cc2-c2ccccc2)cc1,'=',3000.0
CHEMBL1766285,NS(=O)(=O)c1ccc(-n2nc(CCCNC(=O)NC3CCCCCC3)cc2-c2ccccc2)cc1,'=',2000.0
CHEMBL3322405,CS(=O)(=O)c1ccc(N2CCN=C2c2ccc(F)c(F)c2)cc1,'>',10000.0
CHEMBL89625,COc1ccc(C2=CC3(C=C2c2ccc(S(C)(=O)=O)cc2)CC3)cc1Cl,'=',27.0
CHEMBL3322409,CC1CN(c2ccc(S(N)(=O)=O)cc2)C(c2ccc(F)cc2)=N1,'=',10000.0
CHEMBL4533150,CS(=O)(=O)c1ccc(C2=C(c3ccc(F)cc3)Cc3ccccc32)cc1,'=',11.0
CHEMBL348115,CC(C)c1nc2sc(-c3ccc(S(C)(=O)=O)cc3)c(-c3ccccc3)n2n1,'=',11.0
CHEMBL4466030,Cc1cc(-n2cc(-c3ccc(N)cc3)nn2)n(-c2ccc(S(C)(=O)=O)cc2)n1,'=',50.0
CHEMBL291338,O=C(Nc1ccc(Cl)c(Cl)c1)c1cc(Cl)cc(Cl)c1O,'=',542.0
CHEMBL447023,Oc1ccc([C@H]2Oc3c(c(O)cc(O)c3[C@H]3c4c(O)cc(O)cc4O[C@H](c4ccc(O)c(O)c4)[C@@H]3O)C[C@H]2O)cc1,'>',100000.0
CHEMBL3402596,CCOC(=O)Cc1cc(-c2ccc(S(N)(=O)=O)cc2)n(-c2cccc(F)c2)c1C,'=',920.0
CHEMBL4848265,CC(C)Oc1nc(OCC(C)(C)O)c(-c2ccc(S(C)(=O)=O)cc2)cc1CO,'=',4100.0
CHEMBL408156,O=C(O)Cc1ccccc1Nc1c(F)cccc1C(F)(F)F,'=',629.0
CHEMBL3949091,CSc1ccc(-n2c(-c3ccc(S(C)(=O)=O)cc3)cc(CC(=O)OCCCCO)c2C)cc1,'=',55.0
CHEMBL2337407,Cc1c(CCOCCO)cc(-c2ccc(S(C)(=O)=O)cc2)n1-c1ccccc1,'=',27.0
CHEMBL2337399,Cc1c(CCOCCCO)cc(-c2ccc(S(C)(=O)=O)cc2)n1-c1ccc(F)cc1,'=',940.0
CHEMBL3104548,Cc1c(CC(=O)NC(CCO)C(=O)O)cc(-c2ccc(S(C)(=O)=O)cc2)n1-c1ccc(F)cc1,'=',86.0
CHEMBL3810231,CC(C)[C@H](NC(=O)OCc1ccccc1)C(=O)NCC(=O)O,'=',55000.0
CHEMBL1916966,O=C(NS(=O)(=O)c1ccccc1)c1cccc(C(=O)NS(=O)(=O)c2ccccc2)n1,'=',3700.0
CHEMBL1916969,O=C(NS(=O)(=O)c1ccc(Br)cc1)c1cccc(C(=O)NS(=O)(=O)c2ccc(Br)cc2)n1,'=',800.0
CHEMBL306716,CCc1ccc(-n2c(-c3ccc(S(C)(=O)=O)cc3)coc2=O)cc1,'=',690.24
CHEMBL347705,CCCCCCCCCCCCCCCc1cccc(O)c1CSc1nc2cc(OC)ccc2[nH]1,'=',1000.0
CHEMBL307602,CC1(C)OC(=O)C(OC2CCCC2)=C1c1ccc(S(C)(=O)=O)cc1,'<',400.0
CHEMBL4129984,CCOC(=O)C1=C(C)N(CC)/C(=N\N=C(/C)c2cc3ccccc3oc2=O)C1,'=',310.0
CHEMBL92793,CS(=O)(=O)c1ccc(-c2cc(Cl)cnc2-c2ccncc2)cc1,'=',101.0
CHEMBL13623,CC(C)(C)c1cc(C(=O)CCCC2CC2)cc2c1OCC2(C)C,'=',220.0
CHEMBL414437,Cc1nn(-c2ccc(S(N)(=O)=O)cc2)c2c1c(O)nc1ccc([N+](=O)[O-])cc12,'=',240.0
CHEMBL276663,CCCCCC(=O)c1cc(C(C)(C)C)c2c(c1)C(C)(C)CO2,'=',90.0
CHEMBL146742,CS(=O)(=O)c1ccc(-c2c(-c3ccccc3)nc3sccn23)cc1,'=',900.0
CHEMBL30236,CCc1cc(-c2cc(C(F)(F)F)nn2-c2ccc(S(N)(=O)=O)cc2)ccc1OC,'=',430.0
CHEMBL406140,NS(=O)(=O)c1ccc(-n2nc(C(F)(F)F)cc2-c2cccnc2)cc1,'=',45000.0
CHEMBL607560,CC(C(=O)O)c1ccc(-c2ccn(C(F)F)c(=O)c2)cc1,'=',2400.0
CHEMBL605161,O=[N+]([O-])c1ccc2c(c1)S(=O)(=O)N=S2c1ccc(Br)cc1,'=',1700.0
CHEMBL2018570,COc1ccc(Cc2nn(Cc3nnc(Nc4ccccc4)s3)c(=O)c3c(C)noc23)cc1,'>',100000.0
CHEMBL2018669,Cc1noc2c(Cc3ccccc3)nn(Cc3n[nH]c(=S)n3-c3ccccc3)c(=O)c12,'>',100000.0
CHEMBL2018674,CCn1c(Cn2nc(Cc3ccc(OC)cc3)c3onc(C)c3c2=O)n[nH]c1=S,'=',2200.0
CHEMBL179204,Cc1ccc(C(=Cc2ccc(S(C)(=O)=O)cc2)c2ccc(C)cc2)cc1,'=',31600.0
CHEMBL2283168,CC/C(=C(\c1ccccc1)c1ccc(S(C)(=O)=O)cc1)c1cc(C(C)(C)C)c(O)c(C(C)(C)C)c1,'=',32000.0
CHEMBL5418745,O=C(O)/C=C\C(=O)NNC(=O)CNc1ncnc2sc3c(c12)CCCC3,'=',450.0
CHEMBL5079967,CCOC(=O)Cn1nncc1CO[C@@H](C(=O)OCC)[C@@H](OCc1cnnn1CC(=O)OCC)C(=O)OCC,'=',100.0
CHEMBL74276,COc1ccc(C(=O)c2ccccc2)cc1C(C)C(=O)O,'=',2800.0
CHEMBL3322402,COc1ccc(C2=NCCN2c2ccc(S(C)(=O)=O)cc2)cc1F,'>',10000.0
CHEMBL3322398,CC1CN(c2ccc(S(C)(=O)=O)cc2)C(c2cccc(Br)c2)=N1,'>',10000.0
CHEMBL3322407,CS(=O)(=O)c1ccc(N2CCN=C2c2ccc(Cl)c(C(F)(F)F)c2)cc1,'=',3600.0
CHEMBL3735352,CS(=O)(=O)c1ccc(C2=NN(c3ccc(S(N)(=O)=O)cc3)C(c3cccs3)C2)cc1,'=',1750.0
CHEMBL356997,CC(C)c1ccc(Sc2cc3c(cc2NS(C)(=O)=O)CCC3=O)cc1,'>',10000.0
CHEMBL4097499,O=C(Oc1ccccc1)c1c(-c2ccccc2)sc2c1CCCC2,'=',330.0
CHEMBL29942,COc1ccccc1-c1cc(C(F)(F)F)nn1-c1ccc(S(N)(=O)=O)cc1,'=',288.4
CHEMBL327384,CS(=O)(=O)c1ccc(C2=C(c3ccc(Cl)cc3)CC3(CC3)C2)cc1,'=',1.0
CHEMBL4740522,COc1ccc2[nH]cc(CCNC(=O)c3ccccc3Nc3ccccc3)c2c1,'=',38640.0
CHEMBL326577,CS(=O)(=O)c1ccc(-n2cnc(Br)c2-c2ccc(F)cc2)cc1,'=',36.0
CHEMBL4871538,Cc1cc(-c2cccc(Cl)c2)nn1S(=O)(=O)Oc1ccccc1,'=',110.0
CHEMBL3322422,NS(=O)(=O)c1ccc(N2CCN=C2c2ccc(Cl)c(C(F)(F)F)c2)cc1,'=',1800.0
CHEMBL3322417,COc1ccc(C2=NCCN2c2ccc(S(N)(=O)=O)cc2)cc1F,'=',9500.0
CHEMBL4743827,O=C(NCCc1c[nH]c2ccccc12)c1ccc(O)cc1O,'>',40000.0
CHEMBL270351,NS(=O)(=O)c1ccc(-c2nc(NCc3csc4ccccc34)cc(C(F)(F)F)n2)cc1,'=',10000.0
CHEMBL146441,CSc1ccccc1OC(=O)CBr,'=',510000.0
CHEMBL2398538,COc1ccc(-c2cn(Cc3ccc(S(N)(=O)=O)cc3)nn2)cc1,'=',13000.0
CHEMBL2398534,NS(=O)(=O)c1ccc(Cn2cc(-c3ccccc3)nn2)cc1,'=',6500.0
CHEMBL18264,CS(=O)(=O)c1ccc(C2=C(c3ccc(F)c(F)c3)C(=O)OC2)cc1,'=',230.0
CHEMBL110382,CS(=O)(=O)c1ccc(-n2cc(C(F)(F)F)nc2-c2cc(Br)cs2)cc1,'=',25.7
CHEMBL116848,CS(=O)(=O)c1ccc(-n2cnc(Cc3ccccc3)c2-c2ccc(F)cc2)cc1,'>',10000.0
CHEMBL333505,CCN(CC)c1ccncc1-c1c(Cl)ncn1-c1ccc(S(C)(=O)=O)cc1,'>',1000.0
CHEMBL294715,NS(=O)(=O)c1ccc(-c2ccccc2-c2ccc(F)cc2)cc1,'=',61.0
CHEMBL160820,CCCCCCCCCCCCCCCc1cccc(OC)c1CSc1nc2ccccc2[nH]1,'>',10000.0
CHEMBL3289926,CCOC(OCC)c1ccc(/C=C2\CNC/C(=C\c3ccc(C(OCC)OCC)cc3)C2=O)cc1,'=',27650.0
CHEMBL3357954,CN(C)c1ccc(/C=C/C(=O)C2CCc3ccccc3C2=O)c([N+](=O)[O-])c1,'=',37660.0
CHEMBL3290196,O=C(/C=C/c1ccc(N2CCCC2)cc1)C1CCc2ccccc2C1=O,'=',61230.0
CHEMBL42094,CS(=O)(=O)c1ccc(-n2cc(C(F)(F)F)nc2-c2cccc(C(F)(F)F)c2)cc1,'=',210.0
CHEMBL126683,Cc1cc(=O)c(Oc2ccc(I)cc2)c(-c2ccc(S(C)(=O)=O)cc2)o1,'=',410.0
CHEMBL125460,Cc1cc(=O)c(Oc2ccc(Br)cc2F)c(-c2ccc(S(C)(=O)=O)cc2)o1,'=',150.0
CHEMBL98514,COc1ccc2c(c1)c(CC(=O)Nc1cncc(Cl)c1)c(C)n2C(=O)c1ccc(Cl)cc1,'=',47.0
CHEMBL3397716,CCCC/C(=C\c1cc(OCc2ccc(Cl)c(Cl)c2)ccc1OCc1ccc(C(F)(F)F)cc1)C(=O)O,'>',10000.0
CHEMBL3309819,CS(=O)(=O)c1ccc(N2N=C(C(F)(F)F)CC2c2cccc3c2OCCO3)cc1,'=',210.0
CHEMBL3309818,CS(=O)(=O)c1ccc(N2N=C(C(F)(F)F)CC2c2ccc3c(c2)OCO3)cc1,'=',140.0
CHEMBL270886,COc1ccc(/N=C/c2ccc(S(N)(=O)=O)cc2)cc1OC,'=',4280.0
CHEMBL416989,CSc1cccc(-c2nc(C(F)(F)F)cn2-c2ccc(S(C)(=O)=O)cc2)c1,'=',350.0
CHEMBL4799379,NS(=O)(=O)c1ccc(-n2nc(C(=O)Nc3ccc(C(F)(F)F)cc3)cc2-c2ccccc2)cc1,'=',2050.0
CHEMBL3322421,NS(=O)(=O)c1ccc(N2CCN=C2c2ccc(Cl)c(Cl)c2)cc1,'=',300.0
CHEMBL67659,CS(=O)(=O)c1ccc(-c2nn(CCc3ccccc3)c(C(F)(F)F)c2-c2ccc(F)cc2)cc1,'=',45.0
CHEMBL4791577,C/C(=N\NC(N)=S)c1nnn(-c2ccc(S(N)(=O)=O)cc2)c1C,'=',50.0
CHEMBL308692,CS(=O)(=O)c1ccc(-c2occ(Cl)c(=O)c2-c2ccc(-c3ccccc3)c(F)c2)cc1,'=',87902.25
CHEMBL279265,COc1ccc2c(c1)c(CC(=O)N[C@H](CO)CC(C)C)c(C)n2C(=O)c1ccc(Cl)cc1,'=',170.0
CHEMBL332169,Cc1nc2c(-c3ccc(F)cc3)c(-c3ccc(S(C)(=O)=O)cc3)nn2c(C)c1C,'=',192.0
CHEMBL456272,O=C(O)[C@H]1C[C@](O)(c2ccccc2Cl)[C@@H](c2ccccc2Cl)O1,'=',3500.0
CHEMBL338097,COc1ccc(-c2cc(C(F)(F)F)nn2-c2ccc(S(N)(=O)=O)c(F)c2)cc1,'=',13500.0
CHEMBL482162,C/C(=C\c1ccc(C(F)(F)F)cc1)c1ccc(O)c(O)c1,'=',1740.0
CHEMBL4243589,Cc1ccc(-c2cc(COC(=O)COc3cc(O)c4c(=O)cc(-c5ccccc5)oc4c3)nn2-c2ccc(C)cc2)cc1,'=',420.0
CHEMBL108512,CC1(C)OC(=O)C(Oc2ccc3sccc3c2)=C1c1ccc(S(C)(=O)=O)cc1,'=',20.0
CHEMBL376246,NS(=O)(=O)c1ccc(-n2cnc(Cl)c2-c2ccc(OCCCO[N+](=O)[O-])c(F)c2)cc1,'=',16000.0
CHEMBL5089985,COc1ccc(NC(=O)c2ccccc2Nc2cccc(Cl)c2C)c(OC)c1,'=',115070.0
CHEMBL148708,CS(=O)(=O)c1ccc(-c2c(-c3ccc(Cl)cc3)nc3sc(Cl)cn23)cc1,'=',16.0
CHEMBL237111,CC(=O)O[C@@H]1CC[C@@]2(C)[C@@H](CC[C@]3(C)[C@@H]2C(=O)C=C2[C@@H]4[C@@H](C)[C@H](C)CC[C@]4(C)CC[C@]23C)[C@@]1(C)C(=O)O,'>',40000.0
CHEMBL276324,NS(=O)(=O)c1ccc(-c2sc(COc3cc(Cl)cc(Cl)c3)nc2-c2ccc(F)cc2)cc1,'=',9.0
CHEMBL5266071,COc1cc(C2CC(c3cccc(-n4cnnn4)c3)=NN2)cc(OC)c1OC,'=',39.0
CHEMBL5283644,COc1ccc(/C=C/C(=O)c2cccc(-n3cnnn3)c2)cc1OC,'=',100.0
CHEMBL5279361,CC(=O)Oc1cc2oc(-c3ccc(C)cc3)cc2cc1-c1c[se]nn1,'=',50.0
CHEMBL5270594,CCCCNc1cc(C(=O)N/N=c2\scc(-c3ccc(OC)cc3)n2-c2ccccc2)cc(S(N)(=O)=O)c1Oc1ccccc1,'=',1520.0
CHEMBL5287239,CCCCNc1cc(C(=O)N/N=c2\scc(-c3ccc(Cl)cc3)n2-c2ccc(Br)cc2)cc(S(N)(=O)=O)c1Oc1ccccc1,'=',1520.0
CHEMBL5288740,CS(=O)(=O)c1ccc(-n2cc(-c3ccc(C(F)(F)F)cc3)nn2)cc1,'=',226.0
CHEMBL3596281,COc1ccc(N2CCN(CC3=NOC(C)(C)CC3c3ccccc3)CC2)cc1,'=',2600.0
CHEMBL1087143,Cc1ccc(-c2ccc(NC(=O)C3=C(O)c4ccccc4S(=O)(=O)N3)cc2)cc1,'>',100000.0
CHEMBL96842,CS(=O)(=O)c1ccc(-c2cccnc2-c2ccccc2)cc1,'=',60.0
CHEMBL5276292,Nc1c(C(=O)N/N=C/c2ccc(Br)cc2)sc2nc(-c3ccc(Cl)cc3)cc(-c3cccs3)c12,'=',104.0
CHEMBL5274992,CCOP(=O)(OCC)C(NC(=O)c1cc(-c2cccc3ccccc23)n(-c2ccc(S(N)(=O)=O)cc2)n1)c1ccccc1OC,'=',220.0
CHEMBL5278337,CCOP(=O)(OCC)C(NC(=O)c1cc(-c2cccc3ccccc23)n(-c2ccc(S(N)(=O)=O)cc2)n1)c1ccc(OC)cc1,'=',220.0
CHEMBL271551,CS(=O)(=O)c1ccc(-c2nc(NCc3ccco3)cc(C(F)(F)F)n2)cc1,'=',140.0
CHEMBL272626,CS(=O)(=O)c1ccc(-c2nc(NCc3ccccn3)cc(C(F)(F)F)n2)cc1,'>',10000.0
CHEMBL271338,CS(=O)(=O)c1ccc(-c2nc(NCc3cccs3)cc(C(F)(F)F)n2)cc1,'=',2.1
CHEMBL404362,CCc1c(NCc2ccc(F)cc2)nc(-c2ccc(S(C)(=O)=O)cc2)nc1C(F)(F)F,'=',102.8
CHEMBL272678,Cc1c(NCc2cccs2)nc(-c2ccc(S(C)(=O)=O)cc2)nc1C(F)(F)F,'=',38.2
CHEMBL271549,COCCOc1cc(NCc2cccs2)nc(-c2ccc(S(C)(=O)=O)cc2)n1,'=',2.4
CHEMBL255378,CC(C)c1cc(NCc2ccccc2)nc(-c2ccc(S(C)(=O)=O)cc2)n1,'=',25.3
CHEMBL408442,CS(=O)(=O)c1ccc(-c2nc(NCCc3cccs3)cc(C(F)(F)F)n2)cc1,'=',1210.0
CHEMBL270723,CS(=O)(=O)c1ccc(-c2nc(SCc3ccccc3)cc(C(F)(F)F)n2)cc1,'=',527.8
CHEMBL5074784,COc1ccc(NC(=O)c2ccccc2Nc2cccc(Cl)c2)cc1,'>',150000.0
CHEMBL3623738,O=C(O)c1ccccc1Nc1ccc(S(F)(F)(F)(F)F)cc1,'>',100000.0
CHEMBL4206988,COc1ccc(/C=C/c2ccc([N+](=O)[O-])cc2)cc1OC,'=',4688.0
CHEMBL5283454,C/C(=C/C(=O)Nc1nccs1)Nc1ccccc1,'=',90.0
CHEMBL5277168,CN1C/C(=C\c2ccc(F)s2)C2=NN(c3ccccc3)C(c3ccc(F)s3)C2C1,'=',2.0
CHEMBL5276070,Cc1csc(/C=C2\CN(C)CC3C2=NN(c2ccccc2)C3c2cc(C)cs2)c1,'=',2.0
CHEMBL5285980,COc1ccc(N/C(C)=C\C(=O)Nc2nccs2)cc1,'=',90.0
CHEMBL5271136,O=C(c1cccs1)c1sc(N2CCOCC2)nc1-c1ccccc1,'=',90.0
CHEMBL182695,Cc1cc(-c2c(-c3ccc(S(C)(=O)=O)cc3)ccc(F)c2F)ccc1Cl,'=',6.026
CHEMBL467905,CC(=O)Oc1ccccc1C(=O)OC(CO[N+](=O)[O-])CO[N+](=O)[O-],'=',7700.0
CHEMBL4062197,COc1cc(-c2cc(C(=O)OCCOc3cc(=O)oc4ccccc34)nn2-c2ccc(S(N)(=O)=O)cc2)cc(OC)c1OC,'=',290.0
CHEMBL4075969,Cc1ccc(-c2cc(C(=O)OCCOc3ccc4ccc(=O)oc4c3)nn2-c2ccc(S(N)(=O)=O)cc2)cc1,'=',400.0
CHEMBL4101763,NS(=O)(=O)c1ccc(-n2nc(C(=O)NCCOc3ccc4ccc(=O)oc4c3)cc2-c2ccccc2)cc1,'=',490.0
CHEMBL185246,CS(=O)(=O)c1ccc2c(Sc3ccc(F)cc3)c(C(=O)O)[nH]c2c1,'>',40000.0
CHEMBL3576978,Cc1ccc(S(=O)(=O)n2cc(C(=O)C(=O)N[C@H](Cc3c[nH]c4ccccc34)C(=O)NCC(=O)O)c3ccccc32)cc1,'=',1000.0
CHEMBL4866615,Cc1cnc(OCC(C)(C)O)c(-c2ccc(S(C)(=O)=O)cc2)c1,'=',6360.0
CHEMBL1626804,Cc1cc[s+](-c2c(C3CCC(S(C)(=O)=O)CC3)occ(Cl)c2=O)c1,'=',736037.6
CHEMBL4779788,NS(=O)(=O)c1ccc(-n2nc(NC(=O)NC3CCCCC3)cc2-c2ccccc2)cc1,'=',2030.0
CHEMBL72352,CS(=O)(=O)c1ccc(-c2occ(Cl)c(=O)c2-c2ccccc2)cc1,'=',1080936.05
CHEMBL67759,CS(=O)(=O)c1ccc(-c2occ(Cl)c(=O)c2-c2ccc(F)cc2F)cc1,'=',1386117.35
CHEMBL4202666,COc1ccc(-c2nc3cc(NC(=O)c4cc([N+](=O)[O-])ccc4Cl)ccc3o2)cc1OC,'=',7400.0
CHEMBL281001,CS(=O)(=O)c1cnn(-c2ccc(S(N)(=O)=O)cc2)c1-c1ccc(Cl)cc1,'=',19800.0
CHEMBL299251,Cc1ccc(-c2cc(F)c(F)cc2-c2ccc(S(C)(=O)=O)cc2)cn1,'=',170.0
CHEMBL563322,CS(=O)(=O)c1ccc(-c2cc(C(F)(F)F)nc(NCC3CCOCC3)n2)cc1,'=',5.0
CHEMBL550473,CS(=O)(=O)c1ccc(-c2cc(C(F)(F)F)nc(NCC3CCCCC3)n2)cc1,'=',29.0
CHEMBL551829,CS(=O)(=O)c1ccc(-c2cc(C(F)(F)F)nc(NCc3ccccc3)n2)cc1,'=',8.0
CHEMBL561888,CS(=O)(=O)c1ccc(-c2cnc(Cc3ccc(F)cc3F)nc2-c2ccc(F)cc2)cc1,'=',114.0
CHEMBL299806,CN(C)c1ccc(-c2cc(F)c(F)cc2-c2ccc(S(C)(=O)=O)cc2)cc1Cl,'=',8.0
CHEMBL151590,NS(=O)(=O)/C=C/c1ccc(C(=O)c2ccccc2)cc1CO,'=',8400.0
CHEMBL274893,CS(=O)(=O)c1ccc(C2=C(c3ccc(F)cc3)CCC2)cc1,'=',2.6
CHEMBL489898,Cc1ccc(-c2c(-c3ccc(Cl)cc3)ssc2=S)cc1,'>',50000.0
CHEMBL490292,COc1ccc(-c2ssc(=O)c2-c2ccc(OC)cc2)cc1,'=',1000.0
CHEMBL24837,COc1ccc2c(c1)c(CC(=O)NCCCCO)c(C)n2C(=O)c1ccc(Cl)cc1,'=',1200.0
CHEMBL237398,Cc1c(CC(=O)NCCCO)c2cc(O)ccc2n1C(=O)c1ccc(Cl)cc1,'=',3000.0
CHEMBL4177013,CS(=O)(=O)c1ccc(NC(=O)NNC(=S)Nc2c(F)cccc2F)cc1,'=',6420.0
CHEMBL517334,C/C(=C\Cc1c(O)ccc(C(=O)/C=C/c2ccc(O)cc2)c1O)COC(=O)/C=C/c1ccc(O)cc1,'=',15000.0
CHEMBL3910569,O=C(CNc1nc(-c2ccccc2)c(-c2ccccc2)s1)N1CCCCC1,'=',15120.0
CHEMBL1288538,C#Cc1ccc2c(c1)C=C(C(=O)O)C(C(F)(F)F)O2,'=',73.0
CHEMBL1288539,CCc1ccc2c(c1)C=C(C(=O)O)C(C(F)(F)F)O2,'=',330.0
CHEMBL1288566,Cc1cc(Cl)c2c(c1)C=C(C(=O)O)C(C(F)(F)F)O2,'=',190.0
CHEMBL1288600,Cc1cc(C)c2c(c1)C=C(C(=O)O)C(C(F)(F)F)O2,'<',240.0
CHEMBL1290683,COc1cc(OC(F)(F)F)cc2c1OC(C(F)(F)F)C(C(=O)O)=C2,'=',680.0
CHEMBL1630249,CCCc1cc2c(cc1Cl)C=C(C(=O)O)[C@H](C(F)(F)F)O2,'=',5.0
CHEMBL3322393,CC1CN(c2ccc(S(C)(=O)=O)cc2)C(c2ccc(Cl)cc2)=N1,'>',10000.0
CHEMBL346743,CS(=O)(=O)c1ccc(-c2cnn(CC(F)(F)F)c(=O)c2-c2ccccc2)cc1,'=',11000.0
CHEMBL72859,Cc1oc(=O)n(-c2ccccc2)c1-c1ccc(S(N)(=O)=O)cc1,'=',1798.87
CHEMBL4781301,Cc1c(-c2nn(-c3ccccc3)cc2/C=N/O)nnn1-c1ccc(C(=O)O)cc1,'=',40.0
CHEMBL4788698,Cc1c(-c2nn(-c3ccccc3)cc2/C=N/O)nnn1-c1ccc(S(N)(=O)=O)cc1,'=',40.0
CHEMBL1290433,NS(=O)(=O)c1ccc(-c2cc(Cl)cc3c2OC(C(F)(F)F)C(C(=O)O)=C3)cc1,'=',760.0
CHEMBL23808,CS(=O)(=O)c1ccc(C2=C(c3ccc(F)c(Cl)c3)C(=O)CC2)cc1,'=',90.0
CHEMBL36815,CC(C)c1nc(C2CCCCC2)c(-c2ccc(S(N)(=O)=O)c(F)c2)o1,'=',600.0
CHEMBL16977,CC(C)(C)c1cc(-c2nnc(O)o2)cc(C(C)(C)C)c1O,'>',20000.0
CHEMBL16522,C[S+]([O-])c1nnc(-c2cc(C(C)(C)C)c(O)c(C(C)(C)C)c2)s1,'>',20000.0
CHEMBL417073,CC(C)(C)c1cc(-c2nnc(N)s2)cc(C(C)(C)C)c1O,'=',3500.0
CHEMBL4080473,Cc1c(C(=O)NCCc2ccc(N(C)C)cc2)nc2ccc(Cl)cc2c1O,'=',1670.0
CHEMBL147327,CS(=O)(=O)Nc1cc2c(cc1Sc1cncs1)C(=O)CC2,'>',10000.0
CHEMBL4749298,Cn1nc(C(F)(F)F)cc1-c1ccn(C(F)F)c(=O)c1,'=',690.0
CHEMBL1258844,COc1ccc2c(c1)c(CC(=O)O)c(C)n2C(=O)c1ccn(C(F)F)c(=O)c1,'>',100000.0
CHEMBL41739,CS(=O)(=O)Nc1cc2c(cc1Sc1ncccc1Cl)C(=O)CC2,'=',520.0
CHEMBL3309949,CN1C/C(=C\c2ccc(N(C)C)cc2[N+](=O)[O-])C(=O)/C(=C/c2ccc(N(C)C)cc2[N+](=O)[O-])C1,'=',9120.0
CHEMBL350815,Cc1nc(C2CCCC2)c(-c2ccc(S(C)(=O)=O)cc2)o1,'=',18000.0
CHEMBL3357106,COc1ccc(C2=C(c3ccc(I)cc3)C(=O)OC2)cc1,'>',5000.0
CHEMBL4213360,O=[N+]([O-])c1ccc(/C=C/c2cc(O)c(O)c(O)c2)cc1,'=',279.0
CHEMBL328906,Cc1ccc2c(c1)CSc1c(C(F)(F)F)nn(-c3ccc(S(N)(=O)=O)cc3)c1-2,'=',22.0
CHEMBL3402317,COc1ccc2cc(C(C)c3nc4s/c(=C\C(C)=C\c5ccccc5)c(=O)n4n3)ccc2c1,'=',24600.0
CHEMBL4787114,Nc1ccc(Oc2nc(/C=C/c3ccccc3)nc3ccccc23)cc1,'>',50000.0
CHEMBL3397715,CCCC/C(=C\c1cc(OCc2ccc(F)cc2)ccc1OCc1ccc(C(F)(F)F)cc1)C(=O)O,'>',10000.0
CHEMBL4763348,Fc1ccc(CNc2nc(Cl)nc3cc(-c4cccs4)ccc23)cc1F,'>',50000.0
CHEMBL4795293,Fc1ccc(CNc2nc(N3CCOCC3)nc3cc(-c4cccs4)ccc23)cc1F,'>',50000.0
CHEMBL1669039,Cc1ccc(-c2cc(Cl)cc3c2OC(C(F)(F)F)C(C(=O)O)=C3)cc1F,'=',66.0
CHEMBL4472170,COc1ccc(-n2cc(COc3ccc(/C=C4\SC(=O)NC4=O)cc3)nn2)cc1,'=',140.0
CHEMBL390317,CS(=O)(=O)Nc1ccncc1Oc1cc(Cl)cc(Cl)c1,'>',100000.0
CHEMBL224193,CS(=O)(=O)Nc1ccncc1Oc1ccc(Br)cc1,'=',7600.0
CHEMBL411894,NS(=O)(=O)c1ccc(-n2nc(C(F)(F)F)c3c2-c2cc(F)ccc2CS3)cc1,'=',21.0
CHEMBL4447565,C#CCOc1ccc(/C=C2\SC(=S)NC2=O)cc1,'=',120.0
CHEMBL49319,CC(C)(O)COc1ncc(C(F)(F)F)cc1-c1ccc(S(C)(=O)=O)cc1,'=',390.0
CHEMBL4848190,CCc1cnc(OCC(C)(C)O)c(-c2ccc(S(C)(=O)=O)cc2)c1,'=',950.0
CHEMBL4866509,COc1nc(OCC(C)(C)O)c(-c2ccc(S(C)(=O)=O)cc2)cc1CO,'>',50000.0
CHEMBL4859571,CC(C)(O)COc1nc(OCCCC(F)(F)F)c(CO)cc1-c1ccc(S(C)(=O)=O)cc1,'=',345.0
CHEMBL271348,CS(=O)(=O)c1ccc(-c2nc(NCc3cccs3)cc(OC3CCCC3)n2)cc1,'=',7.5
CHEMBL271614,CC(C)Nc1cc(NCc2cccs2)nc(-c2ccc(S(C)(=O)=O)cc2)n1,'=',10.3
CHEMBL272208,CC(C)Nc1cc(NCc2ccccc2)nc(-c2ccc(S(C)(=O)=O)cc2)n1,'=',273.8
CHEMBL408216,CCS(=O)(=O)c1cc(NCc2cccs2)nc(-c2ccc(S(C)(=O)=O)cc2)n1,'=',144.5
CHEMBL4798519,Cc1c(-c2nn(-c3ccccc3)cc2/C=N/O)nnn1-c1ccc(F)cc1,'=',50.0
CHEMBL26509,COc1ccc2c(c1)c(CC(=O)N[C@@H](CO)c1ccccc1)c(C)n2C(=O)c1ccc(Cl)cc1,'=',440.0
CHEMBL71052,NS(=O)(=O)c1ccc(-c2coc(=O)n2-c2ccccc2)cc1,'=',2398.83
CHEMBL41405,C=Cc1csc(Sc2cc3c(cc2NS(C)(=O)=O)COC3=O)n1,'=',310.0
CHEMBL307197,NS(=O)(=O)c1ccc(-c2coc(=O)n2-c2cccc(Cl)c2)cc1,'=',1499.68
CHEMBL343889,CC(=O)Nc1cc2c(cc1Sc1ccc(F)cc1F)C(=O)CC2,'>',10000.0
CHEMBL144100,CS(=O)(=O)Nc1cc2c(cc1Sc1cccs1)C(=O)CC2,'=',1000.0
CHEMBL4780636,CS(=O)(=O)c1ccc(-c2csc(N/N=C/c3ccc(O)cc3)n2)cc1,'>',100000.0
CHEMBL77714,NS(=O)(=O)c1ccc(-c2oc3ccccc3c2-c2ccc(F)cc2)cc1,'=',7.0
CHEMBL405123,CS(=O)(=O)c1ccc(-c2nc(NCc3nccs3)cc(C(F)(F)F)n2)cc1,'=',83.6
CHEMBL153829,CS(=O)(=O)c1ccc(-c2cnn(CC3CC3)c(=O)c2-c2ccccc2)cc1,'=',1300.0
CHEMBL402784,CS(=O)(=O)Oc1ccc(CNc2cc(C(F)(F)F)nc(-c3ccc(S(C)(=O)=O)cc3)n2)cc1,'>',10000.0
CHEMBL419777,CS(=O)(=O)c1ccc(-c2[nH]c(C#N)cc2-c2ccc(F)cc2)cc1,'=',64400.0
CHEMBL156399,CCc1nc2sc(-c3ccc(S(C)(=O)=O)cc3)c(-c3ccccc3)n2n1,'=',15.0
CHEMBL321156,NS(=O)(=O)c1ccc(-n2cc(C(F)(F)F)nc2-c2cccs2)cc1,'=',70.0
CHEMBL42801,Cc1c(CN(C)C)cc(-c2ccc(S(C)(=O)=O)cc2)n1-c1ccc(F)cc1,'=',100000.0
CHEMBL143776,Fc1ccc(-c2[nH]c(-c3ccc(F)cc3)c3c2C2CCC3C2)cc1,'=',0.08
CHEMBL4460882,CCCCn1c(C)c2c(c1C)C(=O)N(CN1CCN(S(C)(=O)=O)CC1)C2=O,'=',43000.0
CHEMBL145364,CSc1ccccc1OC(C)=O,'=',250000.0
CHEMBL345108,Cc1nn(-c2ccccc2)c2c1c(O)nc1ccc([N+](=O)[O-])cc12,'=',550.0
CHEMBL18796,CC1(O)OC(=O)C(Oc2ccc(F)c(F)c2)=C1c1ccc(S(C)(=O)=O)cc1,'>',5000.0
CHEMBL105766,Cc1cncc(-c2nc(C(F)(F)F)cn2-c2ccc(S(N)(=O)=O)cc2)c1,'=',510.0
CHEMBL42884,Cc1cc(F)cc(-c2nc(C(F)(F)F)cn2-c2ccc(S(C)(=O)=O)cc2)c1,'=',110.0
CHEMBL111590,NS(=O)(=O)c1ccc(C2=C(c3ccc(Cl)cc3)CCC2)cc1,'=',3.02
CHEMBL170639,CS(=O)(=O)c1ccc(-c2oc(=O)oc2-c2ccccc2)cc1,'>',30000.0
CHEMBL45139,COc1ccccc1-c1nc(C(F)(F)F)cn1-c1ccc(S(C)(=O)=O)cc1,'=',794.33
CHEMBL55072,COc1ccc(-c2cc(F)c(F)cc2-c2ccc(S(N)(=O)=O)cc2)cc1F,'=',12.88
CHEMBL117852,CCCc1ccc(-c2c(Cl)ncn2-c2ccc(S(C)(=O)=O)cc2)cc1,'=',100.0
CHEMBL143339,CCCCCCCSc1ccccc1OC(C)=O,'=',2000.0
CHEMBL4071061,Cc1ccc(NC(=O)c2c(N=Cc3ccco3)c(C#N)c3n2CCC3)cc1,'=',190.0
CHEMBL4468689,CS(=O)(=O)c1ccc(-c2nnnn2-c2ccc(O)cc2)cc1,'>',300000.0
CHEMBL4563498,CS(=O)(=O)c1ccc(Cc2nnnn2-c2ccc(CCO)cc2)cc1,'=',3000.0
CHEMBL371477,NS(=O)(=O)c1ccc(-c2c(-c3ccccc3)noc2CF)cc1,'=',2.0
CHEMBL196041,NS(=O)(=O)c1ccc(-c2c(-c3ccccc3)noc2CCF)cc1,'=',8.0
CHEMBL324048,CN(C)c1ccc(-c2c(Cl)ncn2-c2ccc(S(C)(=O)=O)cc2)cc1Cl,'=',27.0
CHEMBL144850,CCCCCCCCSc1ccccc1OC(C)=O,'>',40000.0
CHEMBL4643613,COC(=O)[C@H](Cc1c[nH]c2ccccc12)n1cc(COc2nc(Cl)nc(N3CCCCC3)n2)nn1,'>',10000.0
CHEMBL116343,Cc1ncc(-c2ccc(S(C)(=O)=O)cc2)n1-c1ccc(F)cc1,'=',51.0
CHEMBL29717,NS(=O)(=O)c1ccc(-n2nc(C(F)(F)F)cc2-c2ccc(Cl)c(Cl)c2)cc1,'=',15.14
CHEMBL324312,CCOc1ccc(-c2c(Cl)ncn2-c2ccc(S(N)(=O)=O)cc2)cc1,'=',27.0
CHEMBL1629743,CS(=O)(=O)c1ccc(C2=NN(C(N)=S)C(c3ccc(Cl)cc3)C2)cc1,'=',9350.0
CHEMBL150773,CC(=O)c1cc(/C=C/S(N)(=O)=O)cc(C(=O)c2ccccc2)c1,'=',20000.0
CHEMBL3596284,Fc1ccc2c(C3CCN(CC4=NO[C@@H]5CCCC[C@@H]5[C@H]4c4ccccc4)CC3)noc2c1,'=',4700.0
CHEMBL4239360,Cc1ccc(-c2cc(COC(=O)COc3cc(O)c4c(=O)cc(-c5ccccc5)oc4c3)nn2-c2ccccc2)cc1,'=',930.0
CHEMBL4250212,Cc1ccc(-n2nc(COC(=O)COc3cc(O)c4c(=O)cc(-c5ccccc5)oc4c3)cc2-c2cccc(C)c2)cc1,'=',1190.0
CHEMBL4241547,O=C(COc1cc(O)c2c(=O)cc(-c3ccccc3)oc2c1)OCc1cc(-c2ccc(C(F)(F)F)cc2)n(-c2ccccc2)n1,'=',4330.0
CHEMBL96011,COc1ccc2c(c1)c(CC(=O)Nc1ccc(SC)cc1)c(C)n2C(=O)c1ccc(Cl)cc1,'=',120.0
CHEMBL97846,COc1ccc(NC(=O)Cc2c(C)n(C(=O)c3ccc(Cl)cc3)c3ccc(OC)cc23)cc1,'=',56.0
CHEMBL111657,CS(=O)(=O)c1ccc(C2=C(c3ccc(F)c(F)c3)CCC2)cc1,'=',51.0
CHEMBL4215506,COc1ccc(-c2nc3cc(NC(=O)c4cccc([N+](=O)[O-])c4)ccc3o2)cc1OC,'=',930.0
CHEMBL368409,CS(=O)(=O)c1ccc(-c2snnc2-c2ccc(F)cc2)cc1,'=',6500.0
CHEMBL5187700,COc1ccc2cc([C@H](C)C(=O)NC(Cn3cncn3)C(=O)c3ccccc3)ccc2c1,'=',1960.0
CHEMBL4074825,Cc1c(C(=O)N2CCN(c3ccccc3)CC2)nc2ccc(Cl)cc2c1O,'=',1130.0
CHEMBL5272969,CCOP(=O)(OCC)C(NC(=O)c1cc(-c2ccc(Cl)cc2)n(-c2ccc(S(N)(=O)=O)cc2)n1)c1ccc(Br)cc1,'=',280.0
CHEMBL5283806,CCOP(=O)(OCC)C(NC(=O)c1cc(-c2cccc(OC)c2)n(-c2ccc(S(N)(=O)=O)cc2)n1)c1ccccc1,'=',280.0
CHEMBL5281497,COc1ccc(-c2cc(-c3ccc(F)cc3)n(-c3ccc(S(N)(=O)=O)cc3)n2)cc1OC,'=',43.0
CHEMBL5289989,NC(=O)N1N=C(c2ccc(Cl)cc2)CC1c1cn(-c2ccccc2)nc1-c1ccccc1,'=',1090.0
CHEMBL5272619,CC(C)=CC[C@H]1C[C@@H]2C[C@@H]3[C@@H](C[C@]4(C)C(C)(C)OC[C@]34C)C(=O)[C@](C(=O)c3ccccc3)(C1=O)C2(C)C,'=',5270.0
CHEMBL5279811,COc1cc(/C=C2\C(=O)N(c3ccc(S(N)(=O)=O)cc3)N=C2C)ccc1OCC#N,'=',150.0
CHEMBL97411,CCCCCCCCOC(=O)Cc1c(C)n(C(=O)c2ccc(Cl)cc2)c2ccc(OC)cc12,'=',90.0
CHEMBL47294,C[C@H](Oc1ncc(C(F)(F)F)cc1-c1ccc(S(C)(=O)=O)cc1)C(C)(C)O,'=',460.0
CHEMBL1080405,CCc1cccc(Nc2cnccc2NS(=O)(=O)C(F)(F)F)c1,'=',240.0
CHEMBL23128,CS(=O)(=O)c1ccc(C2=C(c3ccccn3)C(=O)CC2)cc1,'=',9800.0
CHEMBL55189,CS(=O)(=O)c1ccc(-c2nccnc2-c2ccc(F)cc2)cc1,'>',100000.0
CHEMBL16819,CCSc1nnc(-c2cc(C(C)(C)C)c(O)c(C(C)(C)C)c2)o1,'=',6500.0
CHEMBL16854,CC(C)Oc1nnc(-c2cc(C(C)(C)C)c(O)c(C(C)(C)C)c2)s1,'>',20000.0
CHEMBL423638,COC1(c2cc(F)cc(OCc3cc(-c4ccccc4)n(-c4ccc(S(C)(=O)=O)cc4)n3)c2)CCOCC1,'=',50.0
CHEMBL351436,CCCCCCCCCCCCCCCc1cccc(OCC)c1CSc1nc2ccccc2s1,'>',10000.0
CHEMBL516139,O=C(O)[C@H]1C[C@](O)(c2ccccc2)[C@@H](c2ccccc2)O1,'<',1000.0
CHEMBL5265839,CN1C/C(=C\c2ccc(O)s2)C2=NN(c3ccccc3)C(c3ccc(O)s3)C2C1,'=',2.0
CHEMBL5290253,Cc1sc(/C=C2\CN(C)CC3C2=NN(c2ccccc2)C3c2cc(Br)c(C)s2)cc1Br,'=',2.0
CHEMBL5289112,C/C(=C/C(=O)Nc1nccs1)Nc1ccc(Cl)cc1,'=',90.0
CHEMBL3921251,O=C(Oc1ccc2c(c1)CCC2)N(NS(=O)(=O)c1ccc(Cl)cc1)c1ccccc1,'>',1000.0
CHEMBL5188821,O=C(c1ccc(-c2nc(CSc3nc4ccccc4s3)no2)cc1)N1CCOCC1,'=',5000.0
CHEMBL3952057,COc1ccc(-c2ncn(CC(=O)N3CCN(C)CC3)c2-c2ccc(OC)cc2)cc1,'=',8320.0
CHEMBL3934363,COc1ccc(-c2ncn(CC(=O)N3CCOCC3)c2-c2ccc(OC)cc2)cc1,'=',9120.0
CHEMBL362093,Cc1[nH]c2cc(S(C)(=O)=O)ccc2c1Oc1ccc(F)cc1,'=',2000.0
CHEMBL3885496,Cc1ccc(-c2cc(C(F)(F)F)nn2-c2ccc(S(=O)(=O)NCCCCCCC(=O)NO)cc2)cc1,'=',300.0
CHEMBL3576988,Cc1ccc(S(=O)(=O)n2cc(C(=O)C(=O)N[C@@H](Cc3c[nH]c4ccccc34)C(=O)O)c3ccccc32)cc1,'=',13500.0
CHEMBL3325729,Cc1nn(-c2ccccc2)c(N2CCN(C)CC2)c1/C=N/Nc1nc2ccccc2nc1O,'=',480.0
CHEMBL188739,COc1cc(OC)c(-c2noc(C)c2-c2ccccc2)c(OC)c1Cl,'>',100000.0
CHEMBL16127,C=CCONC1=NC(=O)/C(=C/c2cc(C(C)(C)C)c(O)c(C(C)(C)C)c2)S1,'=',2700.0
CHEMBL431546,NS(=O)(=O)c1ccc(C2=C(c3ccc(F)cc3)C(=O)OC2)cc1,'=',800.0
CHEMBL127190,Cc1cc(=O)c(-c2ccc(Cl)c(Cl)c2)c(-c2ccc(S(C)(=O)=O)cc2)o1,'=',680.0
CHEMBL4862802,CCCOc1nc(OCC(C)(C)O)c(-c2ccc(S(C)(=O)=O)cc2)cc1CO,'>',600.0
CHEMBL4867405,COCCOc1nc(OCC(C)(C)O)c(-c2ccc(S(C)(=O)=O)cc2)cc1CO,'=',2950.0
CHEMBL4879174,CCCCOc1nc(OCC2(O)COC2)c(-c2ccc(S(C)(=O)=O)cc2)cc1CO,'=',1320.0
CHEMBL4857474,CCCCOc1nc(OCC(C)(C)O)c(-c2ccc(S(N)(=O)=O)cn2)cc1CO,'=',450.0
CHEMBL57837,Cc1cc(-c2cc(F)c(F)cc2-c2ccc(S(C)(=O)=O)cc2)ccc1Cl,'=',6.0
CHEMBL416126,CS(=O)(=O)c1ccc(-c2cc(F)c(F)cc2-c2ccc3c(c2)OCO3)cc1,'=',12.0
CHEMBL158236,Cc1ccccc1Cn1ncc(-c2ccc(S(C)(=O)=O)cc2)c(-c2ccccc2)c1=O,'>',33000.0
CHEMBL278040,CCCSc1nnc(-c2cc(C(C)C)c(O)c(C(C)C)c2)s1,'>',20000.0
CHEMBL158495,CCCCCCCCCCCCCCCc1cccc(OC)c1CSc1nc2ccccc2s1,'=',1060.0
CHEMBL1290802,Cc1cc(OC(F)(F)F)cc2c1O[C@H](C(F)(F)F)C(C(=O)O)=C2,'=',14.0
CHEMBL1289129,CCCc1cc(OC(F)(F)F)cc2c1O[C@H](C(F)(F)F)C(C(=O)O)=C2,'=',42.0
CHEMBL28487,Nc1cnn(-c2ccc(S(N)(=O)=O)cc2)c1-c1ccccc1,'=',29700.0
CHEMBL5191146,O=C(NC1CCN(C(=O)C2CCOCC2)CC1)NC12CC3CC(Cl)(CC(C1)c1ccccc13)C2,'>',10000.0
CHEMBL3596287,c1ccc([C@H]2C(Cn3c4ccccc4c4ccccc43)=NO[C@@H]3CCCC[C@H]23)cc1,'=',9900.0
CHEMBL3596289,CC1(C)CC(c2ccc(Cl)cc2)C(Cn2c3ccccc3c3ccccc32)=NO1,'=',3900.0
CHEMBL362138,Cc1[nH]c2cc(S(C)(=O)=O)ccc2c1Cc1ccc(F)cc1,'=',80.0
CHEMBL148568,CCc1ccc(-c2cc(C(F)(F)F)nn2-c2ccc(S(N)(=O)=O)c(CO)c2)cc1,'=',1380.0
CHEMBL4074351,N#Cc1c(N=Cc2cccnc2)c(C(=O)Nc2ccc(Cl)cc2)n2c1CCC2,'=',680.0
CHEMBL148545,Cc1ccc(Cl)c(Nc2ccccc2C(=O)NCCOc2ccccc2)c1Cl,'=',66000.0
CHEMBL568715,CC(=O)OCO/N=[N+](\[O-])N(C)CCOC(=O)Cc1ccc(-c2cc(C(F)(F)F)nn2-c2ccc(S(C)(=O)=O)cc2)cc1,'=',4600.0
CHEMBL284761,Cc1nc(-c2ccc(C)s2)c(-c2ccc(S(N)(=O)=O)c(F)c2)o1,'=',26.0
CHEMBL23170,CS(=O)(=O)c1ccc(C2=C(c3ccccc3)C(=O)CC2)cc1,'=',11.0
CHEMBL95921,COc1ccc2c(c1)c(CC(N)=O)c(C)n2C(=O)c1ccc(Cl)cc1,'=',700.0
CHEMBL330381,COc1ccc2c(c1)c(CC(=O)Nc1cccc(SC)c1)c(C)n2C(=O)c1ccc(Cl)cc1,'=',220.0
CHEMBL3402595,Cc1c(CC(=O)NC(C)C)cc(-c2ccc(S(C)(=O)=O)cc2)n1-c1ccc(F)cc1,'=',4910.0
CHEMBL4126559,CCN1C(C)=CC/C1=N/N=C(\C)c1cc2ccccc2oc1=O,'=',310.0
CHEMBL4129191,C/C(=N\N=C1\CC(C)C(=O)N1C)c1cc2ccccc2oc1=O,'=',390.0
CHEMBL108857,CC1(C)OC(=O)C(Oc2cccc(Cl)n2)=C1c1ccc(S(C)(=O)=O)cc1,'=',3600.0
CHEMBL578389,O=C(O)c1cc(-c2ccn(C(F)F)c(=O)c2)ccc1O,'=',980.0
CHEMBL444805,CC1C(c2ccccc2)=C(c2ccc(S(C)(=O)=O)cc2)ON1C,'=',4.2
CHEMBL184327,COc1ccc(-c2c(-c3ccc(S(N)(=O)=O)cc3)ccc(F)c2F)cc1OC,'=',64.57
CHEMBL183515,CS(=O)(=O)c1ccc(-c2ccc(F)c(F)c2-c2ccc3c(c2)OCO3)cc1,'=',12.02
CHEMBL365622,Cc1ccc(-c2c(-c3ccc(S(C)(=O)=O)cc3)ccc(F)c2F)cc1,'=',6.918
CHEMBL126244,Cc1cc(=O)c(-c2cccc(F)c2)c(-c2ccc(S(C)(=O)=O)cc2)o1,'=',3369.77
CHEMBL396182,O=C(O)Cc1cccn1-c1ccc2c(c1)OCCO2,'=',2200.0
CHEMBL183294,CS(=O)(=O)c1ccc2c(Sc3ccccc3Cl)c(C#N)[nH]c2c1,'=',570.0
CHEMBL363741,CS(=O)(=O)c1ccc2c(Sc3ccc(F)cc3F)c(C(N)=O)[nH]c2c1,'=',2240.0
CHEMBL4640459,Nc1ccc(-c2nc3ccccc3n2-c2ccc(N)cc2)cc1,'=',173000.0
CHEMBL3809163,CC(C)C[C@H](NC(=O)CNC(=O)[C@@H](NC(=O)OCc1ccccc1)C(C)C)C(=O)O,'=',28000.0
CHEMBL223529,NS(=O)(=O)c1ccc(-n2cnc(Cl)c2-c2ccc(OCCO[N+](=O)[O-])c(F)c2)cc1,'=',29000.0
CHEMBL374168,O=S(=O)(Nc1ccncc1Oc1ccc(Br)cc1)C(F)(F)F,'=',13840.0
CHEMBL270078,CS(=O)(=O)c1ccc(-c2nc(Cl)cc(NCc3cccs3)n2)cc1,'=',12.7
CHEMBL3400661,CCC(C)C(=O)O[C@@]12[C@H](O)[C@@H](C)[C@]3(O)[C@@H]4C=C(C)C(=O)[C@@H]4CC(CO)=C[C@H]3[C@@H]1C2(C)C,'>',50000.0
CHEMBL24957,CC[C@H](CO)NC(=O)Cc1c(C)n(C(=O)c2ccc(Cl)cc2)c2ccc(OC)cc12,'=',100.0
CHEMBL115864,CS(=O)(=O)c1ccc(-n2c(CO)nc(Cl)c2-c2ccc(F)cc2)cc1,'>',10000.0
CHEMBL4074153,CCOC(=O)C1=C(N)n2c(=O)ccc(=O)n2C1c1ccccc1O,'=',90.1
CHEMBL419268,Cc1oc(=O)n(-c2ccc(Cl)c(Cl)c2)c1-c1ccc(S(N)(=O)=O)cc1,'=',230.14
CHEMBL451919,CCCCCC1=CC(=O)C=C(OC)C1=O,'=',1900.0
CHEMBL43755,CN(C)S(=O)(=O)c1ccc(-n2c(CCC(=O)O)ccc2-c2ccc(F)cc2)cc1,'=',7500.0
CHEMBL3342574,[3H]C([3H])([3H])c1cc(Br)cc2c1O[C@H](C(F)(F)F)C(C(=O)O)=C2,'=',14.0
CHEMBL117491,CS(=O)(=O)c1ccc(-n2cnc(Cl)c2-c2cccnc2)cc1,'>',10000.0
CHEMBL3745861,COc1cc(C2CC(c3ccco3)=NN2c2ccc(S(N)(=O)=O)cc2)cc(OC)c1OC,'=',1970.0
CHEMBL127674,Cc1ccc(C2=C(c3ccc(S(C)(=O)=O)cc3)CCC2)cc1,'=',3.0
CHEMBL4436095,O=C1NC(=S)S/C1=C\c1ccc(OCc2cn(CC(=O)c3ccc(Cl)cc3)nn2)cc1,'=',150.0
CHEMBL3809842,COC(=O)[C@H](C)NC(=O)[C@H](CC(C)C)NC(=O)CNC(=O)[C@@H](NC(=O)OCc1ccccc1)C(C)C,'=',80.0
CHEMBL3809120,CC(C)C[C@H](NC(=O)[C@H](C)NC(=O)[C@@H](NC(=O)CNC(=O)OCc1ccccc1)C(C)C)C(=O)O,'=',300.0
CHEMBL3809099,COC(=O)[C@H](CC(C)C)NC(=O)[C@H](C)NC(=O)[C@@H](NC(=O)CNC(=O)OCc1ccccc1)C(C)C,'=',19000.0
CHEMBL3810258,CC(C)C[C@H](NC(=O)[C@@H](NC(=O)[C@H](C)NC(=O)CNC(=O)OCc1ccccc1)C(C)C)C(=O)O,'=',8000.0
CHEMBL157730,CS(=O)(=O)c1ccc(-c2cnn(Cc3ccccc3)c(=O)c2Oc2ccc(F)cc2)cc1,'=',20.0
CHEMBL434014,CSc1csc(Sc2cc3c(cc2NS(C)(=O)=O)COC3=O)n1,'=',290.0
CHEMBL4856126,CCCCOc1nc(OCC(C)(C)O)c(-c2ccc(S(C)(=O)=O)cc2)cc1C(C)(C)O,'=',1210.0
CHEMBL3808663,COC(=O)[C@@H](NC(=O)[C@H](C)NC(=O)CN)C(C)C,'=',8000.0
CHEMBL3808627,COC(=O)[C@@H](NC(=O)[C@H](C)NC(=O)CNC(=O)OCc1ccccc1)C(C)C,'=',100.0
CHEMBL98492,CSc1ccc(-c2cscc2-c2ccc(SC)cc2)cc1,'=',101000.0
CHEMBL95402,CCCCCCCCCNC(=O)Cc1c(C)n(C(=O)c2ccc(Cl)cc2)c2ccc(OC)cc12,'=',40.0
CHEMBL49114,CS(=O)(=O)c1ccc(C2=C(c3ccccc3)C(=O)N(c3cccc(Cl)c3)C2)cc1,'=',1000.0
CHEMBL43520,Cc1csc(Sc2cc3c(cc2NS(C)(=O)=O)COC3=O)n1,'=',6900.0
CHEMBL302950,O=Cc1ccc(-c2ccsc2-c2ccc(F)cc2)cc1,'>',30000.0
CHEMBL350039,CS(=O)(=O)c1ccc(-c2cnn(-c3ccccc3)c(=O)c2-c2ccccc2)cc1,'=',80.0
CHEMBL94938,CS(=O)(=O)c1ccc(-c2cc(Cl)cnc2-c2cccnc2)cc1,'=',34.0
CHEMBL43511,NS(=O)(=O)c1ccc(-n2cccc2-c2ccc(F)cc2)cc1,'=',14.0
CHEMBL237207,COc1ccc2c(c1)c(CCNS(=O)(=O)CCCO[N+](=O)[O-])c(C)n2C(=O)c1ccc(Cl)cc1,'=',1200.0
CHEMBL95156,CS(=O)(=O)c1ccc(-c2cc(Cl)cnc2-c2ccc(C3CC3)nc2)cc1,'=',1800.0
CHEMBL270305,CS(=O)(=O)c1ccc(-c2nc(Cl)cc(NCc3ccccc3)n2)cc1,'=',10.9
CHEMBL414005,COc1ccc(CNc2cc(C(F)(F)F)nc(-c3ccc(S(C)(=O)=O)cc3)n2)cc1,'=',272.3
CHEMBL410232,CC(C)c1ccc(CNc2cc(C(F)(F)F)nc(-c3ccc(S(C)(=O)=O)cc3)n2)cc1,'>',10000.0
CHEMBL237022,COc1ccc2c(c1)c(CCNC(=O)NCCCO[N+](=O)[O-])c(C)n2C(=O)c1ccc(Cl)cc1,'=',10000.0
CHEMBL1235806,NS(=O)(=O)c1ccc(-n2nc(C(F)(F)F)cc2-c2ccc(Br)cc2)cc1,'=',50.0
CHEMBL4075294,O=C(O)C1=Cc2cc(S(F)(F)(F)(F)F)cc(Br)c2O[C@H]1C(F)(F)F,'=',340.0
CHEMBL4173681,COc1ccc2ccc(=O)oc2c1C/C=C(\C)COC(=O)C=C(C)C,'=',45300.0
CHEMBL4856711,Cc1ccc(Nc2ccccc2C(=O)NCCc2c[nH]c3ccccc23)cc1,'=',5960.0
CHEMBL44313,Cc1c(C(=O)c2ccccc2)cc(-c2ccc(S(C)(=O)=O)cc2)n1-c1ccc(F)cc1,'=',1020.0
CHEMBL4870569,CCCCOc1nc(OCC2(O)CCC2)c(-c2ccc(S(C)(=O)=O)cc2)cc1CO,'=',146.0
CHEMBL44194,CCc1ccc(-c2ccc(S(C)(=O)=O)cc2)n1-c1ccc(F)cc1,'>',100000.0
CHEMBL4869963,CCCCc1ccc(Nc2ccccc2C(=O)NCCc2c[nH]c3ccccc23)cc1,'>',40000.0
CHEMBL4867315,Cc1cncc(Nc2ccccc2C(=O)NCCc2c[nH]c3ccccc23)c1,'=',17650.0
CHEMBL559613,Cc1ccc(N(C)c2nc(-c3ccc(S(C)(=O)=O)cc3)cc(C(F)(F)F)n2)cc1,'=',3.0
CHEMBL376583,COc1ccccc1C1=Cc2ccccc2C1,'=',62300.0
CHEMBL4535128,O=C1NC(=O)/C(=C/c2ccc(OCc3cn(-c4ccc(C(=O)O)cc4)nn3)cc2)S1,'=',450.0
CHEMBL3576975,Cc1ccc(S(=O)(=O)n2cc(C(=O)C(=O)N[C@H](Cc3cnc[nH]3)C(=O)N[C@H](CCC(=O)O)C(=O)O)c3ccccc32)cc1,'=',21310.0
CHEMBL118962,CCOc1ccncc1-c1c(Cl)ncn1-c1ccc(S(C)(=O)=O)cc1,'=',274.0
CHEMBL111321,NS(=O)(=O)c1ccc(C2=C(c3ccc(Cl)c(Cl)c3)CCC2)cc1,'=',1.995
CHEMBL146005,CC(=O)OCCCCCSc1ccccc1OC(C)=O,'=',50000.0
CHEMBL143113,C#CCSc1ccccc1OC(C)=O,'=',25000.0
CHEMBL294650,CS(=O)(=O)c1ccc(-c2cc3ccccc3cc2-c2ccc(F)cc2)cc1,'>',100000.0
CHEMBL13661,CCCCC(=O)c1cc(C(C)(C)C)c2c(c1)C(C)(C)CO2,'=',40.0
CHEMBL38368,Cc1nc(-c2ccc(C)s2)c(-c2ccc(S(N)(=O)=O)cc2)o1,'=',12.0
CHEMBL595838,NS(=O)(=O)c1ccc(C2=C(c3ccccc3)C(=O)NC2=O)cc1,'=',15620.0
CHEMBL436539,CC(C)(C)C#CC1=C(c2ccc(S(C)(=O)=O)cc2)CCC1=O,'=',5200.0
CHEMBL34913,Cc1nc(C2CCCCC2)c(-c2ccc(S(N)(=O)=O)c(F)c2)o1,'=',85.0
CHEMBL4096849,COc1cc(/C=C/C(=O)c2ccc(Nc3nc(N4CCCCC4)nc(N4CCCCC4)n3)cc2)cc(OC)c1OC,'=',1630.0
CHEMBL432782,C=Cc1cccc(-c2ccc(C(C)C(=O)O)cc2)c1,'=',730.0
CHEMBL63283,C[S+]([O-])c1ccc(-c2ccsc2-c2ccc(F)cc2)cc1,'>',30000.0
CHEMBL1147,NS(=O)(=O)c1ccc(-c2c(-c3ccccc3)noc2CO)cc1,'=',180.0
CHEMBL357044,COc1ccccc1-c1cc(C(F)(F)F)nn1-c1ccc(S(N)(=O)=O)c(CO)c1,'=',28600.0
CHEMBL16251,CC(C)c1cc(/C=C2\SC(N=C(N)N)=NC2=O)cc(C(C)C)c1O,'=',1800.0
CHEMBL358372,NS(=O)(=O)c1ccc(-n2nc(C(F)(F)F)cc2-c2ccccc2)cc1CO,'=',3450.0
CHEMBL88717,NS(=O)(=O)c1ccc(C2=C(c3ccc(Cl)cc3)CC3(CC3)C2)cc1,'=',1.0
CHEMBL281513,COc1ccc2c(c1)c(Cc1nc(-c3ccc(C(=O)O)cc3)cs1)c(C)n2C(=O)c1ccc(Cl)cc1,'=',120.0
CHEMBL260387,Nc1ccc(C(=O)Nc2ccc(C(F)(F)F)cn2)cc1,'>',100000.0
CHEMBL151441,COCCCNC(=O)c1ccccc1Nc1c(Cl)ccc(C)c1Cl,'=',11000.0
CHEMBL3774439,CCCCNC(=O)Oc1cccc(-c2ccc(C(C)C(=O)O)cc2F)c1,'>',100000.0
CHEMBL3410355,Cc1ccccc1C1C2COc3ccccc3C2=NN1c1ccc(S(N)(=O)=O)cc1,'=',460.0
CHEMBL3402325,COc1ccc2cc(C(C)c3nc4s/c(=C\c5ccc(-c6ccccc6)cc5)c(=O)n4n3)ccc2c1,'>',100000.0
CHEMBL3410348,NS(=O)(=O)c1ccc(N2N=C3c4ccccc4CCC3C2c2ccccc2Br)cc1,'=',12680.0
CHEMBL237221,COc1ccc2c(c1)c(CCO[N+](=O)[O-])c(C)n2C(=O)c1ccc(Cl)cc1,'>',10000.0
CHEMBL3289939,CN(C)c1ccc(/C=C/C(=O)/C=C/c2ccc(N(C)C)cc2[N+](=O)[O-])c([N+](=O)[O-])c1,'=',15000.0
CHEMBL46637,CS(=O)(=O)c1ccc(-n2ccnc2-c2ccccc2)cc1,'>',100000.0
CHEMBL126404,Cc1cccc(Oc2c(-c3ccc(S(C)(=O)=O)cc3)oc(C)cc2=O)c1,'=',1350.0
CHEMBL4796545,COC(=O)CC1N(C(=O)Nc2ccccc2)C(=O)c2ccccc2S1(=O)=O,'=',445300.0
CHEMBL4740435,COC(=O)CC1N(C(=O)Nc2nc(C)cs2)C(=O)c2ccccc2S1(=O)=O,'=',19100.0
CHEMBL4103621,CC1(C)Oc2cc(-c3cccc(C(F)(F)F)c3)ccc2-c2[nH]c(-c3c(F)cccc3Cl)nc21,'>',10000.0
CHEMBL416687,CCS(=O)(=O)c1ccc(-c2ccsc2-c2ccc(F)cc2)cc1,'>',30000.0
CHEMBL276506,CONC1=NC(=O)/C(=C/c2cc(C(C)C)c(O)c(C(C)C)c2)S1,'=',570.0
CHEMBL44829,CN(C)c1cccc(-c2nc(C(F)(F)F)cn2-c2ccc(S(C)(=O)=O)cc2)c1,'=',3200.0
CHEMBL4074716,O=C(O)C1=Cc2cc(S(F)(F)(F)(F)F)ccc2O[C@@H]1C(F)(F)F,'=',10.0
CHEMBL96947,Cc1cncc(-c2ncc(Cl)cc2-c2ccc(S(C)(=O)=O)cc2)c1,'=',87.0
CHEMBL52285,CS(=O)(=O)c1ccc(C2=C(c3cccc(F)c3)C(=O)OC2)cc1,'=',1800.0
CHEMBL183101,COC(=O)c1[nH]c2cc(S(C)(=O)=O)ccc2c1Sc1ccc(F)cc1F,'=',380.0
CHEMBL17075,Cc1nc(-c2ccc(S(N)(=O)=O)cc2)c(-c2ccc(Cl)cc2)s1,'=',18.0
CHEMBL129021,COc1ccc(-c2cc(C(F)(F)F)nn2-c2ccc(S(N)(=O)=O)cc2F)cc1,'=',150.0
CHEMBL4073779,Cc1ccc(NC(=O)c2c(N=Cc3cccs3)c(C#N)c3n2CCC3)cc1,'=',110.0
CHEMBL110836,CC1(C)OC(=O)C(Oc2ccc(F)cc2F)=C1c1ccc(S(C)(=O)=O)cc1,'=',20.0
CHEMBL303891,CS(=O)(=O)c1ccc(-c2[nH]ncc2-c2ccc(F)cc2)cc1,'>',100000.0
CHEMBL35783,Cc1nc(C2CCCCC2)c(-c2ccc(S(N)(=O)=O)c(C)c2)o1,'=',2000.0
CHEMBL23241,COc1ccncc1C1=C(c2ccc(S(C)(=O)=O)cc2)CCC1=O,'=',90.0
CHEMBL324876,CC1(C)OC(=O)C(Oc2ccc(F)cc2)=C1c1ccc(S(C)(=O)=O)cc1,'=',50.0
CHEMBL146703,Cc1ccc(Cl)c(Nc2ccccc2C(=O)NCC(=O)O)c1Cl,'=',300.0
CHEMBL363756,Cc1[nH]c2cc(S(C)(=O)=O)ccc2c1Cc1ccccc1Cl,'=',5500.0
CHEMBL291912,CS(=O)(=O)c1ccc(-c2ccccc2-c2ccc(F)cc2)cc1,'=',263.03
CHEMBL184145,CS(=O)(=O)c1ccc(-c2ccc(Cl)c(Cl)c2-c2ccc(F)cc2)cc1,'=',239.88
CHEMBL96057,COc1ccc2c(c1)c(CC(=O)Oc1ccc(SC)cc1)c(C)n2C(=O)c1ccc(Cl)cc1,'=',300.0
CHEMBL23378,CS(=O)(=O)c1ccc(C2=C(c3cc4ccccc4s3)C(=O)CC2)cc1,'=',80.0
CHEMBL466861,CC(=O)OCO/N=[N+](\[O-])N1CCC[C@H]1COC(=O)c1ccccc1OC(C)=O,'=',2200.0
CHEMBL1288618,C=Cc1cc(Cl)cc2c1OC(C(F)(F)F)C(C(=O)O)=C2,'=',18.0
CHEMBL1288619,C#Cc1cc(Cl)cc2c1OC(C(F)(F)F)C(C(=O)O)=C2,'=',43.0
CHEMBL442465,Nc1cccc(C(=O)Nc2ccccc2C(F)(F)F)c1,'>',100000.0
CHEMBL406881,Nc1ccccc1NC(=O)c1ccccc1C(F)(F)F,'>',100000.0
CHEMBL3309443,NS(=O)(=O)c1ccc(N2N=C(C(F)(F)F)CC2c2cccc3ccccc23)cc1,'=',100.0
CHEMBL3309826,O=S(=O)(c1ccccc1)N1N=C(C(F)(F)F)CC1c1cccc2c1OCO2,'=',60980.0
CHEMBL518543,CC(C)=CCc1c(-c2ccc(O)cc2O)oc2c(CC=C(C)C)c(O)cc(O)c2c1=O,'>',100000.0
CHEMBL3322396,CS(=O)(=O)c1ccc(N2CCN=C2c2ccc(Cl)cc2)cc1,'=',7100.0
CHEMBL3322411,CC1CN(c2ccc(S(N)(=O)=O)cc2)C(c2ccc(Cl)cc2)=N1,'>',10000.0
CHEMBL270256,CCOc1cc(/C=N/c2ccc(S(N)(=O)=O)cc2)ccc1O,'=',3690.0
CHEMBL271930,COc1cccc(/C=N/c2ccc(S(N)(=O)=O)cc2)c1,'=',5450.0
CHEMBL270670,NS(=O)(=O)c1ccc(/N=C/c2ccc(O)cc2)cc1,'=',3420.0
CHEMBL490324,C[C@@H]1C[C@@H]2OC(=O)[C@]3(C)[C@H]2[C@@H](OC3(C)O)[C@]2(C)C(=O)C=C[C@@H]12,'=',18000.0
CHEMBL278492,Cc1nc(-c2ccc(Cl)cc2)c(-c2ccc(S(N)(=O)=O)cc2)s1,'=',5.0
CHEMBL4792522,NS(=O)(=O)c1ccc(-n2nc(NC(=O)NCCCC(=O)O)cc2-c2ccccc2)cc1,'=',1990.0
CHEMBL4783386,NS(=O)(=O)c1ccc(-n2nc(NC(=O)Nc3ccc(C(F)(F)F)cc3)cc2-c2ccccc2)cc1,'=',1240.0
CHEMBL390320,COc1cc2oc(=O)ccc2cc1O,'>',100000.0
CHEMBL444002,CS(=O)(=O)Nc1cc2c(cc1Oc1ccc(S(C)(=O)=O)cc1)C(=O)CC2,'>',10000.0
CHEMBL259680,CS(=O)(=O)c1ccc(-c2nc(NCc3cccnc3)cc(C(F)(F)F)n2)cc1,'>',10000.0
CHEMBL407712,NS(=O)(=O)c1ccc(-c2nc(NCc3ccccn3)cc(C(F)(F)F)n2)cc1,'=',3000.0
CHEMBL289262,CS(=O)(=O)Nc1cc2c(cc1Sc1nccs1)C(=O)CC2,'=',320.0
CHEMBL145180,CC(=O)Oc1ccccc1SCCCCCCI,'=',10000.0
CHEMBL116683,COc1cc(-c2c(Cl)ncn2-c2ccc(S(N)(=O)=O)cc2)ccc1F,'=',8.0
CHEMBL111045,CS(=O)(=O)c1ccc(C2=C(c3ccc(F)cc3)CC(C(F)(F)F)(C(F)(F)F)C2)cc1,'=',67.61
CHEMBL320330,CS(=O)(=O)c1ccc(-n2cc(C(F)(F)F)nc2-c2cncc(Br)c2)cc1,'=',954.99
CHEMBL30091,NS(=O)(=O)c1ccc(-n2nc(C(F)(F)F)cc2C2=CCCCC2)cc1,'=',83.18
CHEMBL327078,Cc1ccc(-c2nc(C(F)(F)F)cn2-c2ccc(S(N)(=O)=O)cc2)nc1,'=',730.0
CHEMBL3981625,CN1CCN(C(=O)CNc2nc(-c3ccccc3)c(-c3ccccc3)s2)CC1,'=',11020.0
CHEMBL155994,CS(=O)(=O)c1ccc(-c2cnn(Cc3ccccc3)c(=O)c2-c2ccccc2)cc1,'=',900.0
CHEMBL3920270,COc1ccc(-c2ncn(CC(=O)N3CCCCC3)c2-c2ccc(OC)cc2)cc1,'=',14120.0
CHEMBL3937416,O=C(Cn1cnc(-c2ccccc2)c1-c1ccccc1)N1CCOCC1,'=',11120.0
CHEMBL300710,CC(C)(O)CSc1ncc(C(F)(F)F)cc1-c1ccc(S(C)(=O)=O)cc1,'=',700.0
CHEMBL154422,CS(=O)(=O)c1ccc(-c2cnn(Cc3cccnc3)c(=O)c2-c2ccccc2)cc1,'=',7100.0
CHEMBL45886,COc1ccc(C2=C(c3ccc(S(C)(=O)=O)cc3)CN(c3ccc(F)cc3)C2=O)cc1,'=',300.0
CHEMBL357315,CS(=O)(=O)c1ccc(-c2cc3c(cc2C=C2CCCCCC2)OCO3)cc1,'=',200.0
CHEMBL49775,CS(=O)(=O)c1ccc(C2=C(c3ccccc3)C(=O)N(c3ccccc3)C2)cc1,'=',280.0
CHEMBL155587,Cc1ccc(-c2c(-c3ccc(S(C)(=O)=O)cc3)cnn(Cc3ccccc3)c2=O)cn1,'=',1200.0
CHEMBL3596283,CC1(C)CC(c2ccccc2)C(CN2CCC(c3noc4cc(F)ccc34)CC2)=NO1,'=',10500.0
CHEMBL392569,COc1ccc2c(c1)c(CCOC(=O)NCCCO[N+](=O)[O-])c(C)n2C(=O)c1ccc(Cl)cc1,'>',100000.0
CHEMBL237208,COc1ccc2c(c1)c(CCNS(=O)(=O)CCCO)c(C)n2C(=O)c1ccc(Cl)cc1,'=',1100.0
CHEMBL271339,CS(=O)(=O)c1ccc(-c2nc(NCc3ccccc3)cc(C(F)(F)F)n2)cc1,'=',140.0
CHEMBL322276,CC1(C)OC(=O)C(Oc2ccc3[nH]ccc3c2)=C1c1ccc(S(C)(=O)=O)cc1,'=',240.0
CHEMBL403827,CS(=O)(=O)c1ccc(-c2nc(NCc3ccc(N)cc3)cc(C(F)(F)F)n2)cc1,'=',211.3
CHEMBL272587,Cc1cccc(CNc2cc(C(F)(F)F)nc(-c3ccc(S(C)(=O)=O)cc3)n2)c1,'=',1930.0
CHEMBL4792442,C/C(=N\NC(N)=O)c1nnn(-c2ccc(S(=O)(=O)Nc3nccs3)cc2)c1C,'=',340.0
CHEMBL16659,CC(C)(C)c1cc(-c2nnc(S)s2)cc(C(C)(C)C)c1O,'=',5500.0
CHEMBL172194,CN1CC=C(c2ccccc2-c2ccc(S(C)(=O)=O)cc2)CC1,'>',300000.0
CHEMBL323267,CC1(C)OC(=O)C(Oc2cccc3cnccc23)=C1c1ccc(S(C)(=O)=O)cc1,'=',260.0
CHEMBL275120,CC(C)(C)c1cc(C(=O)c2ccccc2)cc2c1OCC2(C)C,'=',7.0
CHEMBL426571,COC1(c2cc(F)cc(OCc3cc(-c4ccccc4)n(-c4ccc(Cl)c(Cl)c4)n3)c2)CCOCC1,'=',700.0
CHEMBL375308,COC1(c2cc(F)cc(OCc3cc(-c4ccccc4)n(-c4ccc(F)cc4)n3)c2)CCOCC1,'=',960.0
CHEMBL376711,CS(=O)(=O)c1ccc(-n2nc(COc3cc(F)cc(C#N)c3)cc2-c2ccccc2)cc1,'=',570.0
CHEMBL223691,COC1(c2cc(F)cc(OCc3cc(-c4ccccc4)n(-c4ccccc4)n3)c2)CCOCC1,'=',610.0
CHEMBL279268,CC1(O)OC(=O)C(c2ccc(F)c(Cl)c2)=C1c1ccc(S(C)(=O)=O)cc1,'=',110.0
CHEMBL261598,Nc1ccc(C(=O)Nc2ccc(C(F)(F)F)cc2)cc1,'>',100000.0
CHEMBL259539,Nc1ccccc1NC(=O)c1ccc(C(F)(F)F)cc1,'>',100000.0
CHEMBL222146,COC1(c2cc(F)cc(OCc3cc(-c4ccccc4)n(-c4ccc(Cl)cc4)n3)c2)CCOCC1,'=',930.0
CHEMBL285828,COc1ccc2c(c1)c(CC(=O)N[C@@H](CO)C(C)C)c(C)n2C(=O)c1ccc(Cl)cc1,'=',110.0
CHEMBL348348,Cc1nc(-c2ccc(S(C)(=O)=O)cc2)c(-c2ccc(F)cc2)o1,'=',2100.0
CHEMBL325790,Cc1ccc(-c2nc(C(F)(F)F)cn2-c2ccc(S(C)(=O)=O)cc2)cn1,'=',1800.0
CHEMBL229304,C1=C(c2ccc3c(c2)OCO3)CCc2ccccc21,'>',100000.0
CHEMBL3823276,COc1cc(-c2cc(C(=O)N/N=C/c3c(Cl)c4ccccc4oc3=O)nn2-c2ccc(S(N)(=O)=O)cc2)cc(OC)c1OC,'=',21930.0
CHEMBL107088,Cc1ccc(OC2=C(c3ccc(S(C)(=O)=O)cc3)C(C)(C)OC2=O)cc1,'=',20.0
CHEMBL1288533,O=C(O)C1=Cc2c(ccc(Cl)c2Cl)OC1C(F)(F)F,'=',10.0
CHEMBL1630233,CCc1c(Cl)ccc2c1C=C(C(=O)O)C(C(F)(F)F)O2,'=',28800.0
CHEMBL1230348,O=C(O)C1=Cc2cc(Cl)cc(Cl)c2O[C@@H]1C(F)(F)F,'=',10.0
CHEMBL1630230,CC(C)CN(C)c1cc2c(cc1Cl)C=C(C(=O)O)C(C(F)(F)F)O2,'=',70.0
CHEMBL104592,CC(C(=O)O)c1ccc(-c2ccc3[nH]ccc3c2)cc1,'=',190.0
CHEMBL4173747,COc1ccc(-c2noc(CC(=O)NCCCCC(=O)OC[C@H]3OC(O)[C@H](O)[C@@H](O)[C@H]3O)c2-c2ccc(OC)cc2)cc1,'>',50000.0
CHEMBL282924,CS(=O)(=O)c1ccc(C2=C(c3cc(Cl)cc(Cl)c3)C(=O)CC2)cc1,'=',280.0
CHEMBL109047,Cc1ccccc1OC1=C(c2ccc(S(C)(=O)=O)cc2)C(C)(C)OC1=O,'=',100.0
CHEMBL67519,CS(=O)(=O)c1ccc(-c2nn(CCc3ccccc3)cc2-c2ccc(F)cc2)cc1,'=',530.0
CHEMBL3264698,Brc1ccccc1-n1cc(CSc2nc3ccccc3o2)nn1,'=',2750.0
CHEMBL4435643,Cc1cccc(/C=C/C2=NNC(=O)CC2)c1,'=',18.35
CHEMBL4574755,Cc1cccc(/C=C/c2ccc(=O)n(-c3ccc(F)cc3)n2)c1,'=',36.54
CHEMBL2023861,COc1cccc(-c2csc(Nc3ccc4c(c3)OCO4)n2)c1,'=',920.0
CHEMBL2023857,COc1ccc(Nc2nc(-c3ccc(C)c(C)c3)cs2)cc1,'=',1200.0
CHEMBL276762,COc1ccc(-c2nc(-c3ccccc3Cl)sc2-c2ccc(S(N)(=O)=O)cc2)cc1F,'=',2480.0
CHEMBL184022,CS(=O)(=O)c1ccc2c(Sc3ccc(F)cc3)c(CO)[nH]c2c1,'=',420.0
CHEMBL69683,COc1ccc(-c2c(-c3ccc(S(C)(=O)=O)cc3)occ(Cl)c2=O)cc1,'=',6870684.4
CHEMBL189701,Cc1cc(C)c(S(N)(=O)=O)c(C)c1-c1noc(C)c1-c1ccc(S(N)(=O)=O)cc1,'>',100000.0
CHEMBL4520818,NS(=O)(=O)c1ccc(N2C(=O)/C(=C\c3ccccc3Cl)N=C2c2ccc(Cl)cc2)cc1,'=',860.0
CHEMBL28528,Cc1ccc(-c2c(C#N)cnn2-c2ccc(S(N)(=O)=O)cc2)cc1,'=',76.0
CHEMBL151710,N#Cc1cc(/C=C/S(N)(=O)=O)cc(C(=O)c2ccccc2)c1,'=',5600.0
CHEMBL147141,COC(=O)[C@@H](C)NC(=O)c1ccccc1Nc1c(Cl)ccc(C)c1Cl,'=',6000.0
CHEMBL120467,Cc1cn2nc(-c3ccc(S(C)(=O)=O)cc3)c(-c3ccc(F)cc3)c2nc1C,'=',2133.0
CHEMBL104336,C/C=C/c1cncc(-c2ccc(C(C)C(=O)O)cc2)c1,'=',670.0
CHEMBL23175,CS(=O)(=O)c1ccc(C2=C(c3ccc(Cl)c(F)c3)C(=O)CC2)cc1,'=',15.0
CHEMBL270246,NS(=O)(=O)c1ccc(/N=C/c2ccc(C(F)(F)F)cc2)cc1,'=',4600.0
CHEMBL427835,NS(=O)(=O)c1ccc(/N=C/c2ccc(F)cc2)cc1,'=',2220.0
CHEMBL4127794,C/C(=N\N=C1\CCC(=O)N1C)c1cc2ccccc2oc1=O,'=',310.0
CHEMBL272862,Cc1c(NCc2ccccc2)nc(-c2ccc(S(C)(=O)=O)cc2)nc1C(F)(F)F,'=',18.0
CHEMBL406527,CC[S+]([O-])c1cc(NCc2cccs2)nc(-c2ccc(S(C)(=O)=O)cc2)n1,'=',37.6
CHEMBL4077052,NS(=O)(=O)c1ccc(-n2nc(C(=O)OCCOc3cc(=O)oc4ccccc34)cc2-c2ccc(F)cc2)cc1,'=',440.0
CHEMBL4084887,Cc1ccc(-c2cc(C(=O)OCCOc3cc(=O)oc4ccccc34)nn2-c2ccc(S(N)(=O)=O)cc2)cc1,'=',490.0
CHEMBL4070807,NS(=O)(=O)c1ccc(-n2nc(C(=O)OCCOc3cc(=O)oc4ccccc34)cc2-c2cccc(F)c2)cc1,'=',300.0
CHEMBL4092434,NS(=O)(=O)c1ccc(-n2nc(C(=O)OCCOc3cc(=O)oc4ccccc34)cc2-c2ccc([N+](=O)[O-])cc2)cc1,'=',330.0
CHEMBL4097207,NS(=O)(=O)c1ccc(-n2nc(C(=O)OCCOc3ccc4ccc(=O)oc4c3)cc2-c2cccc(F)c2)cc1,'=',860.0
CHEMBL255174,COC(=O)c1ccc(/N=C/c2ccc(S(N)(=O)=O)cc2)cc1,'=',3720.0
CHEMBL257489,COc1ccc(/N=C/c2ccc(S(N)(=O)=O)cc2)cc1,'=',4140.0
CHEMBL241970,Cc1ccc(-c2cc(C(F)(F)F)nn2-c2ccc(S(C)(=O)=O)cc2)cc1,'=',130.0
CHEMBL258738,O=C(O)Cc1ccccc1Nc1c(Cl)cccc1C(F)(F)F,'=',166.0
CHEMBL76084,Cc1cccc(Cl)c1Nc1ccccc1CC(=O)O,'=',20.0
CHEMBL403099,Cc1ccsc1CNc1cc(C(F)(F)F)nc(-c2ccc(S(C)(=O)=O)cc2)n1,'=',527.8
CHEMBL256847,Cc1c(Cl)nc(-c2ccc(S(C)(=O)=O)cc2)nc1NCc1ccc(F)cc1,'=',68.8
CHEMBL4289814,COc1ccc(-c2cc(CSc3nc4ccccc4c(=O)n3-c3ccccc3)on2)cc1OC,'=',1020.0
CHEMBL4288146,COc1ccc(-c2cc(CSc3nc4ccccc4c(=O)n3-c3ccc(OC)cc3)on2)cc1,'=',650.0
CHEMBL292413,Cc1ccc(-c2cc(F)c(F)cc2-c2ccc(S(N)(=O)=O)cc2)cn1,'=',51.0
CHEMBL48671,CS(=O)(=O)c1ccc(-c2cc(C(F)(F)F)cnc2OCC(F)(F)F)cc1,'=',500.0
CHEMBL348825,COC1(c2cc(F)cc(OCc3nc(-c4ccc(F)cc4)c(S(N)(=O)=O)o3)c2)CCOCC1,'<',100.0
CHEMBL442224,Cc1cc(C)c(-c2noc(C)c2-c2ccccc2)c(C)c1,'>',100000.0
CHEMBL298084,CS(=O)(=O)c1ccc(-n2cc(CSc3ccc(Cl)cc3)nc2-c2ccc(Cl)cc2)cc1,'=',50.0
CHEMBL329052,COc1ccc2c(c1)c(CC(=O)OC(C)C)c(C)n2C(=O)c1ccc(Cl)cc1,'=',250.0
CHEMBL17218,CCSc1nnc(-c2nc(C(C)(C)C)c(O)c(C(C)(C)C)n2)s1,'=',2000.0
CHEMBL297177,CS(=O)(=O)c1ccc(C2=C(c3ccccc3)C(=O)N(c3ccc(C(F)(F)F)cc3)C2)cc1,'=',980.0
CHEMBL4066211,Cc1c(C(=O)NC(CO)Cc2ccccc2)nc2ccc(Cl)cc2c1O,'=',2780.0
CHEMBL3265356,Brc1ccc(-c2nn(-c3ccccc3)cc2-c2nnc(-c3ccncc3)o2)cc1,'=',39000.0
CHEMBL347378,COc1cccc(-c2c(-c3ccc(S(C)(=O)=O)cc3)sc3ncnn23)c1,'=',257039578.28
CHEMBL406328,Nc1cccc(NC(=O)c2ccc(C(F)(F)F)cc2)c1,'>',100000.0
CHEMBL260386,Nc1ccc(C(=O)Nc2ccc(C(F)(F)F)cc2)nc1,'>',100000.0
CHEMBL3265357,COc1ccc(-c2nn(-c3ccccc3)cc2-c2nnc(-c3ccncc3)o2)cc1,'=',42000.0
CHEMBL27982,COc1ccc2c(c1)c(Cc1nc(-c3ccc(Br)cc3)cs1)c(C)n2C(=O)c1ccc(Br)cc1,'=',30.0
CHEMBL399878,CS(=O)(=O)c1ccc(C2SCC(=O)N2c2ccccc2)cc1,'=',200.0
CHEMBL4789884,Cc1ccc(Nc2nc(/C=C/c3ccccc3)nc3ccccc23)cc1,'=',43000.0
CHEMBL1275921,CC(C(=O)[O-])c1ccc(CC2CCCC2=O)cc1F.[Na+],'=',14000.0
CHEMBL1242276,Clc1ccc(-c2nn(-c3ccccc3)cc2-c2nnc(-c3ccccc3)o2)cc1,'=',4700.0
CHEMBL3290199,NS(=O)(=O)c1ccc(-n2nc(C(=O)Nc3ccc(Cl)cc3)nc2-c2ccccc2)cc1,'=',470.0
CHEMBL364804,CCOc1ccc(-c2nn3ncccc3c2-c2ccc(S(C)(=O)=O)cc2)cc1,'=',3.0
CHEMBL558340,CS(=O)(=O)c1ccc(C2=C(c3ccc(Cl)c(Cl)c3)CC3(CC3)C2)cc1,'=',3.0
CHEMBL283660,COc1ccc2c(c1)c(Cc1nc(-c3ccc(F)cc3)cs1)c(C)n2C(=O)c1ccc(Cl)cc1,'=',12.0
CHEMBL4446093,Cc1ccc(Nc2c(F)cccc2Cl)c(CNS(=O)(=O)C(F)(F)F)c1,'=',400.0
CHEMBL185547,Cc1ccc(-c2c(-c3ccc(S(N)(=O)=O)cc3)ccc(F)c2F)cc1Cl,'=',3.02
CHEMBL4451436,N#Cc1c(/N=C/c2ccc(Cl)cc2)c(C(=O)Nc2ccc(Br)cc2)n2c1CCC2,'=',7530.0
CHEMBL1830471,Cc1ccc(-c2cc(CCC(=O)N3CCN(Cc4ccc(C(C)(C)C)cc4)CC3)nn2-c2ccc3ccccc3n2)cc1,'>',10000.0
CHEMBL4584799,CCc1ccc(C(=O)/C=C/C2=Cc3ccccc3OC2)cc1,'=',390.0
CHEMBL1630251,CC(C)Cc1cc2c(cc1Cl)C=C(C(=O)O)[C@H](C(F)(F)F)O2,'=',7.0
CHEMBL3425981,CO[C@]1(c2ccc(O)c(O)c2)Oc2ccc(CCO)cc2O[C@H]1O,'=',6020.0
CHEMBL149032,CC(S)CN1c2ccccc2Sc2ccccc21,'=',4000.0
CHEMBL4528653,CCCCn1c(C)c2c(c1C)C(=O)N(CN1CCN(c3ccccc3OC)CC1)C2=O,'=',44500.0
CHEMBL2334133,CCCCCCN(CCCCCC)C(=O)/C=C/c1c(/C=C/c2ccc(OC)cc2)cc(OC)cc1OC,'=',9080.0
CHEMBL2333749,COc1ccc(/C=C/c2cc(OC)cc(OC)c2/C=C/C(=O)NC2CC2)cc1,'=',12960.0
CHEMBL2334142,CCCCCCNC(=O)/C=C/c1c(/C=C/c2ccc(OC)cc2)cc(OC)cc1OC,'=',8990.0
CHEMBL3113240,O=S(=O)(Nc1ccncc1Nc1ccc(F)cc1)C(F)(F)F,'=',300.0
CHEMBL3576983,COC(=O)CC[C@H](NC(=O)[C@H](Cc1cnc[nH]1)NC(=O)C(=O)c1cn(S(=O)(=O)c2ccc(C)cc2)c2ccccc12)C(=O)OC,'=',3630.0
CHEMBL4633930,CSc1nc2ccccc2n1-c1csc(N)n1,'=',230.0
CHEMBL4637840,CSc1nc2ccccc2n1-c1csc(NC(=O)c2ccc(C)cc2)n1,'=',260.0
CHEMBL4635572,O=[N+]([O-])c1ccc(-c2nnc(Cn3c(CN4CCCCC4)nc4ccccc43)o2)cc1,'=',60.0
CHEMBL3264692,Clc1cccc(-n2cc(CSc3nc4ccccc4o3)nn2)c1,'=',4630.0
CHEMBL3264701,CC(C)(C)c1ccc(-n2cc(CSc3nc4ccccc4o3)nn2)cc1,'=',3850.0
CHEMBL4639368,O=C1N/C(=N\c2nnc(-c3ccc(O)cc3)s2)S/C1=C\c1ccc(Cl)c(Cl)c1,'=',70.0
CHEMBL4283447,O=c1c2ccccc2nc(SCc2cc(-c3ccc(Cl)cc3)no2)n1-c1ccc(Br)cc1,'=',560.0
CHEMBL43863,Cc1ccc(-c2ccc(S(C)(=O)=O)cc2)n1C(C)C,'>',100000.0
CHEMBL4637729,O=[N+]([O-])c1ccc(-n2c(-c3ccc(Br)cc3)nc3ccccc32)cc1,'=',102000.0
CHEMBL3410339,Cc1ccccc1C1C2CCc3ccccc3C2=NN1c1ccc(S(N)(=O)=O)cc1,'=',3280.0
CHEMBL3410358,NS(=O)(=O)c1ccc(N2N=C3c4ccccc4OCC3C2c2ccccc2F)cc1,'=',7240.0
CHEMBL66445,CS(=O)(=O)c1ccc(-c2sccc2-c2ccc(F)cc2)cc1,'=',4300.0
CHEMBL126578,Cc1ccc(-c2c(-c3ccc(S(C)(=O)=O)cc3)oc(C)cc2=O)cc1,'=',2180.0
CHEMBL282015,COc1ccc2c(c1)c(Cc1nc(-c3ccc4ccccc4c3)cs1)c(C)n2C(=O)c1ccc(Cl)cc1,'=',7.0
CHEMBL16353,CC(C)Sc1nnc(-c2cc(C(C)C)c(O)c(C(C)C)c2)s1,'>',20000.0
CHEMBL29840,N#Cc1nn(-c2ccc(S(N)(=O)=O)cc2)c(-c2ccc(Cl)cc2)c1Cl,'=',10.0
CHEMBL110822,CC1(C)OC(=O)C(Oc2ccccn2)=C1c1ccc(S(C)(=O)=O)cc1,'=',120.0
CHEMBL361848,CS(=O)(=O)c1ccc(C=C(c2ccc(Cl)cc2)c2ccc(Cl)cc2)cc1,'=',2000.0
CHEMBL2283167,C/C(=C(\c1ccccc1)c1ccc(S(C)(=O)=O)cc1)c1cc(C(C)(C)C)c(O)c(C(C)(C)C)c1,'=',3600.0
CHEMBL1034,O=C([O-])Cc1ccccc1Nc1c(Cl)cccc1Cl.[Na+],'=',840.0
CHEMBL17184,NS(=O)(=O)c1ccc(C2=C(c3ccc(F)cc3)CC3(CC3)C2)cc1,'=',3.0
CHEMBL4450776,N#Cc1cnn(-c2ccc(S(N)(=O)=O)cc2)c1/N=C/c1ccccc1,'=',82.99
CHEMBL95640,COc1ccc2c(c1)c(CC(=O)OCCc1ccccc1)cn2C(=O)c1ccc(Cl)cc1,'>',66000.0
CHEMBL149936,CCOC(=O)c1csc2nc(-c3ccccc3)c(-c3ccc(S(C)(=O)=O)cc3)n12,'=',900.0
CHEMBL126967,CS(=O)(=O)c1ccc(-c2[nH]c(I)c(I)c2-c2ccc(F)cc2)cc1,'>',300000.0
CHEMBL300597,COc1c(Cl)cc(-c2cc(F)c(F)cc2-c2ccc(S(N)(=O)=O)cc2)cc1Cl,'=',21.0
CHEMBL25288,CC[C@H](C)NC(=O)Cc1c(C)n(C(=O)c2ccc(Cl)cc2)c2ccc(OC)cc12,'=',110.0
CHEMBL111057,NS(=O)(=O)c1ccc(C2=C(c3ccc(C(F)(F)F)cc3)CCC2)cc1,'=',150.0
CHEMBL2111594,COC(=O)[C@@H](C)NC(=O)Cc1c(C)n(C(=O)c2ccc(Cl)cc2)c2ccc(OC)cc12,'=',400.0
CHEMBL419561,Cc1nc(-c2nc(C(F)(F)F)cn2-c2ccc(S(C)(=O)=O)cc2)co1,'=',4150.0
CHEMBL52872,CN(C)c1ccc(-c2cc(F)c(F)cc2-c2ccc(S(N)(=O)=O)cc2)cc1Cl,'=',6.0
CHEMBL326005,Cc1ccncc1-c1nc(C(F)(F)F)cn1-c1ccc(S(N)(=O)=O)cc1,'=',51000.0
CHEMBL282643,COC(=O)c1cc2cc(S(C)(=O)=O)ccc2n1Cc1ccc(Br)cc1,'=',3720.0
CHEMBL127210,Cc1cc(=O)c(Oc2ccc(F)c(F)c2)c(-c2ccc(S(C)(=O)=O)cc2)o1,'=',4430.0
CHEMBL3234224,COC(=O)/C(=C/c1ccc(C(F)(F)F)cc1)CSc1nc2ccccc2o1,'=',2950.0
CHEMBL2334132,CCCCCN(CCCCC)C(=O)/C=C/c1c(/C=C/c2ccc(OC)cc2)cc(OC)cc1OC,'=',16430.0
CHEMBL317517,CS(=O)(=O)c1ccc(-c2c(-c3ccccc3)sc3c2CCCC3)cc1,'=',19000.0
CHEMBL2315854,O=C(N[C@@H]1CCC[C@H]1OCc1ccccc1)C1CCN(c2nc3cc(Cl)ccc3o2)CC1,'=',27400.0
CHEMBL277124,CONC1=NC(=O)/C(=C/c2cc(C(C)(C)C)c(O)c(C(C)(C)C)c2)O1,'<',20000.0
CHEMBL5282918,O=C(c1cccs1)c1sc(N(c2ccccc2)c2ccccc2)nc1-c1ccc([N+](=O)[O-])cc1,'=',90.0
CHEMBL5272671,N#Cc1ccc(-c2cs/c(=N\C(=O)c3cccs3)n2-c2ccccc2)cc1,'=',90.0
CHEMBL5273141,CCOP(=O)(OCC)C(NC(=O)c1cc(-c2cccc3ccccc23)n(-c2ccc(F)cc2)n1)c1ccc(Br)cc1,'=',220.0
CHEMBL5281749,CCOP(=O)(OCC)C(NC(=O)c1cc(-c2cccc3ccccc23)n(-c2ccc(Br)cc2)n1)c1ccccc1,'=',220.0
CHEMBL5281666,O=C(/C=C/c1cccs1)c1cccc(-n2cnnn2)c1,'=',100.0
CHEMBL5284867,CC(=O)Oc1cc2oc(-c3ccc(F)cc3)cc2cc1-c1c[se]nn1,'=',50.0
CHEMBL5290356,CC(=O)Oc1cc2oc(-c3cccc(Cl)c3)cc2cc1-c1c[se]nn1,'=',50.0
CHEMBL5277238,CCCCNc1cc(C(=O)N/N=c2\scc(-c3ccc(OC)cc3)n2-c2ccc(Br)cc2)cc(S(N)(=O)=O)c1Oc1ccccc1,'=',1520.0
CHEMBL5278905,O=Cc1cn(-c2ccc(Br)cc2)nc1-c1ccc(Br)cc1,'=',17.0
CHEMBL97088,COc1ccc2c(c1)c(CC(=O)Oc1cccc3ccccc13)c(C)n2C(=O)c1ccc(Cl)cc1,'=',5000.0
CHEMBL5286858,Cc1c(C2=NNC(c3ccccc3)C2)nnn1-c1ccc(S(N)(=O)=O)cc1,'=',2610.0
CHEMBL5269887,C/C(=N\NC(=O)c1nnn(-c2ccc(S(N)(=O)=O)cc2)c1C)c1cc2ccccc2o1,'=',2610.0
CHEMBL5287931,Cc1ccc(-c2nnc(/N=C3\NC(=O)CS3)s2)cc1,'=',190.0
CHEMBL5278348,COc1ccc(-c2nnc(/N=C3\NC(=O)CS3)s2)cc1,'=',190.0
CHEMBL278505,CC(C)S(=O)(=O)c1c(O)n(Cc2ccc(F)c(F)c2)c(=O)c2ccc(Cl)cc12,'=',100.0
CHEMBL44038,Cc1c(CC(F)(F)F)cc(-c2ccc(S(C)(=O)=O)cc2)n1-c1ccc(F)cc1,'=',141.25
CHEMBL274811,CC(C)(C)c1cc(C(=O)C[S+]([O-])CC2CC2)cc2c1OCC2(C)C,'=',4000.0
CHEMBL43090,CS(=O)(=O)c1ccc(-n2cc(CC#N)nc2-c2ccc(Cl)cc2)cc1,'=',1540.0
CHEMBL43217,CS(=O)(=O)Cc1cn(-c2ccc(S(C)(=O)=O)cc2)c(-c2ccc(Cl)cc2)n1,'>',100000.0
CHEMBL276976,Cc1ccncc1C1=C(c2ccc(S(C)(=O)=O)cc2)CCC1=O,'=',440.0
CHEMBL304967,COC1=C(c2ccc(S(C)(=O)=O)cc2)C(C)(C)OC1=O,'=',33000.0
CHEMBL95479,COc1ccc2c(c1)c(CC(=O)OCCC1CCCCC1)c(C)n2C(=O)c1ccc(Cl)cc1,'=',1000.0
CHEMBL339890,CS(=O)(=O)c1ccc(-c2[nH]c([N+](=O)[O-])cc2-c2ccc(F)cc2)cc1,'=',63000.0
CHEMBL129308,Cn1ccc(-c2ccc(F)cc2)c1-c1ccc(S(C)(=O)=O)cc1,'=',20000.0
CHEMBL29562,NS(=O)(=O)c1ccc(-n2nc(C(F)(F)F)cc2-c2cc3ccccc3o2)cc1,'=',890.0
CHEMBL277721,CC(C)(C)c1cc(/C=C2\SC(NO)=NC2=O)cc(C(C)(C)C)c1O,'=',1500.0
CHEMBL158316,CS(=O)(=O)c1ccc(-c2sc3ncnn3c2-c2ccccc2)cc1,'=',2300.0
CHEMBL320006,CCOC(=O)/C=C/c1cc(-c2ccc(S(C)(=O)=O)cc2)c(-c2ccc(F)cc2)s1,'>',300000.0
CHEMBL4462870,COc1ccc(-c2noc(C)c2-c2ccc(OC)cc2)cc1,'=',350.0
CHEMBL348087,Cc1nc2sc(-c3ccc(S(C)(=O)=O)cc3)c(-c3ccccc3)n2n1,'=',20.0
CHEMBL45383,CS(=O)(=O)c1ccc(-n2cc(CO)nc2-c2ccc(Cl)cc2)cc1,'=',8350.0
CHEMBL414162,CS(=O)(=O)c1ccc(-n2cc(C=O)nc2-c2ccc(Cl)cc2)cc1,'=',1600.0
CHEMBL117528,COc1ccc(-c2c(Cl)ncn2-c2ccc(S(C)(=O)=O)cc2)c(F)c1,'=',15.0
CHEMBL4528493,CC(C)(C)OC(=O)N1CCC[C@H]1C(=O)N[C@@H](Cc1ccccc1)C(=O)O,'=',80.0
CHEMBL29083,CCc1c(C(F)(F)F)nn(-c2ccc(S(N)(=O)=O)cc2)c1-c1ccc(Cl)cc1,'=',28.18
CHEMBL4443521,O=C(/C=C/c1cn(-c2ccccc2)nc1-c1ccc(OCc2ccccc2)cc1)c1ccc(Cl)cc1,'=',600.0
CHEMBL4451192,Nc1nc(-c2ccccc2)cc(-c2cn(-c3ccccc3)nc2-c2ccc(OCc3ccccc3)cc2)n1,'=',2800.0
CHEMBL280601,NS(=O)(=O)c1ccc(-n2ncc([N+](=O)[O-])c2-c2ccccc2)cc1,'=',288.4
CHEMBL70681,CCOC1=C(c2ccc(S(C)(=O)=O)cc2)C(C)(C)OC1=O,'=',23000.0
CHEMBL96950,Cc1ncccc1-c1ncc(Cl)cc1-c1ccc(S(C)(=O)=O)cc1,'=',1330.0
CHEMBL2171245,CC(C(=O)O)c1ccc2c3cc(Cl)ccc3n(C(=O)c3ccc(Cl)c(Cl)c3)c2c1,'>',100000.0
CHEMBL2347676,CCS(=O)(=O)c1nc(-c2ccc(Cl)cc2)c(-c2ccc(S(C)(=O)=O)cc2)[nH]1,'=',320.0
CHEMBL2346675,CS(=O)(=O)c1ccc(-c2[nH]c(S(C)(=O)=O)nc2-c2ccc(F)cc2)cc1,'=',280.0
CHEMBL292948,CNS(=O)(=O)c1ccc(-c2ccsc2-c2ccc(F)cc2)cc1,'=',7200.0
CHEMBL97943,CS(=O)(=O)c1ccc(-c2noc(C(F)(F)F)c2-c2ccccc2)cc1,'=',1000.0
CHEMBL338105,CS(=O)(=O)c1ccc(C2=C(c3ccc(C#N)cc3)CCC2)cc1,'=',77900.0
CHEMBL42674,CSc1ccc(-c2nc(C(F)(F)F)cn2-c2ccc(S(N)(=O)=O)cc2)cc1Cl,'=',10.0
CHEMBL109030,CS(=O)(=O)c1ccc(C2=C(c3ccc(C(F)(F)F)cc3)CCC2)cc1,'=',865.0
CHEMBL340573,CS(=O)(=O)c1ccc(C2=C(c3ccc(Cl)cc3)CCC2)cc1,'=',3.0
CHEMBL416902,COc1ccc(-c2nc(C)sc2-c2ccc(S(N)(=O)=O)cc2)cc1F,'=',28.0
CHEMBL2347677,CSc1nc(-c2ccccc2)c(-c2ccc(S(C)(=O)=O)cc2)[nH]1,'=',60.0
CHEMBL3739527,C#Cc1cccc(Nc2ncnc3cc(OCCOC(=O)CC4=C(C)/C(=C/c5ccc([S+](C)[O-])cc5)c5ccc(F)cc54)c(OCCOC(=O)CC4=C(C)/C(=C/c5ccc([S+](C)[O-])cc5)c5ccc(F)cc54)cc23)c1,'>',10000.0
CHEMBL289447,Cc1ccc2c(c1)C1=C(c3ccc(S(C)(=O)=O)cc3)C(=O)OC1CC2,'=',665.0
CHEMBL3739771,C#Cc1cccc(Nc2ncnc3cc(OCCOC(=O)Cc4c(C)n(C(=O)c5ccc(Cl)cc5)c5ccc(OC)cc45)c(OCCOC(=O)Cc4c(C)n(C(=O)c5ccc(Cl)cc5)c5ccc(OC)cc45)cc23)c1,'>',10000.0
CHEMBL322240,CC1C(c2ccc(F)cc2)=C(c2ccc(S(C)(=O)=O)cc2)ON1C,'=',31.6
CHEMBL126991,Cc1cc(=O)c(Oc2ccc(Cl)cc2C)c(-c2ccc(S(C)(=O)=O)cc2)o1,'=',190.0
CHEMBL16272,CCONC1=NC(=O)/C(=C/c2cc(C(C)(C)C)c(O)c(C(C)(C)C)c2)S1,'=',3200.0
CHEMBL66821,CC(=O)c1ccc(-c2ccsc2-c2ccc(F)cc2)cc1,'>',30000.0
CHEMBL3233600,Cc1ccc(C2=C(c3ccc(S(N)(=O)=O)cc3)C(=O)N(C)C2=O)cc1,'=',85.0
CHEMBL3233601,COc1ccc(C2=C(c3ccc(S(N)(=O)=O)cc3)C(=O)N(C)C2=O)cc1,'=',53.0
CHEMBL4574444,CC/C=N/c1c(C#N)c2n(c1C(=O)Nc1ccc(C)cc1)CCC2,'=',10330.0
CHEMBL4437353,CCOC(=O)c1cnn(-c2ccccn2)c1-n1nnc2ccccc2c1=O,'=',20000.0
CHEMBL324670,CC1(C)OC(=O)C(Sc2ccccc2)=C1c1ccc(S(C)(=O)=O)cc1,'=',70.0
CHEMBL145626,CC(=O)Oc1ccccc1SCCCOc1ccccc1,'>',1000000.0
CHEMBL22812,CS(=O)(=O)c1ccc(C2=C(c3ccc(F)cc3)C(=O)CC2)cc1,'=',80.0
CHEMBL3576984,Cc1ccc(S(=O)(=O)n2cc(C(=O)C(=O)N[C@@H](Cc3cnc[nH]3)C(=O)O)c3ccccc32)cc1,'=',970.0
CHEMBL171335,NS(=O)(=O)c1ccc(C2=C(c3ccc(F)cc3)CC3(CCC3)C2)cc1,'=',2.0
CHEMBL67447,NS(=O)(=O)c1ccc(-c2sccc2-c2ccc(F)cc2)cc1,'=',670.0
CHEMBL4279764,O=C(O)c1ccc(-n2cc(CSc3nc4ccccc4c(=O)n3-c3ccc(Cl)cc3)nn2)cc1,'=',110.0
CHEMBL512400,C=C1C(=O)O[C@@H]2C[C@@]3(C)C=CC(=O)C(=C)[C@@H]3C[C@H]12,'=',400.0
CHEMBL2333751,COc1ccc(/C=C/c2cc(OC)cc(OC)c2/C=C/C(=O)NCc2ccco2)cc1,'=',9670.0
CHEMBL2333748,CCC(C)NC(=O)/C=C/c1c(/C=C/c2ccc(OC)cc2)cc(OC)cc1OC,'=',4560.0
CHEMBL2333746,COc1ccc(/C=C/c2cc(OC)cc(OC)c2/C=C/C(=O)NC(C)(C)C)cc1,'=',11120.0
CHEMBL524133,Cc1ccc(-c2cnsc2-c2ccc(Cl)cc2)cc1,'>',50000.0
CHEMBL2283153,CCCCCCC/C(=C(\c1ccccc1)c1ccc(OC(C)=O)cc1)c1ccc(S(C)(=O)=O)cc1,'=',7900.0
CHEMBL3322399,CS(=O)(=O)c1ccc(N2CCN=C2c2cccc(F)c2)cc1,'>',10000.0
CHEMBL147165,O=S(=O)(Nc1ccncc1Oc1ccccc1)C(F)(F)F,'=',620.0
CHEMBL272433,CCSc1cc(NCc2cccs2)nc(-c2ccc(S(C)(=O)=O)cc2)n1,'=',833335724.28
CHEMBL271312,CC(Nc1cc(C(F)(F)F)nc(-c2ccc(S(C)(=O)=O)cc2)n1)c1ccccc1,'=',1916461.06
CHEMBL405564,CS(=O)(=O)c1ccc(-c2nccc(NCc3cccs3)n2)cc1,'=',9.2
CHEMBL272393,CS(=O)(=O)c1ccc(-c2nc(O)cc(NCc3cccs3)n2)cc1,'=',79.4
CHEMBL405071,CC(C)(C)c1cc(NCc2cccs2)nc(-c2ccc(S(C)(=O)=O)cc2)n1,'=',31.1
CHEMBL271103,CC(C)(C)c1cc(NCc2ccccc2)nc(-c2ccc(S(C)(=O)=O)cc2)n1,'=',93.9
CHEMBL2234866,Cn1cccc1CCCNc1cc(C(F)(F)F)nc(-c2ccc(S(C)(=O)=O)cc2)n1,'=',3980.0
CHEMBL270294,CS(=O)(=O)c1ccc(-c2nc(SCc3cccs3)cc(C(F)(F)F)n2)cc1,'=',4.1
CHEMBL257483,CC(C)CNc1cc(C(F)(F)F)nc(-c2ccc(S(C)(=O)=O)cc2)n1,'=',789.8
CHEMBL3410359,NS(=O)(=O)c1ccc(N2N=C3c4ccccc4OCC3C2c2ccccc2Cl)cc1,'=',2280.0
CHEMBL236238,O=C(O)Cc1cccn1-c1ccccc1F,'=',6200.0
CHEMBL1630250,CCCc1cc2c(cc1Cl)C=C(C(=O)O)[C@@H](C(F)(F)F)O2,'=',140.0
CHEMBL1630258,CC(C)CCc1cc2c(cc1Cl)C=C(C(=O)O)[C@@H](C(F)(F)F)O2,'=',1130.0
CHEMBL1682200,O=C(O)c1cccc(Nc2ccc([N+](=O)[O-])cc2)c1,'=',740.0
CHEMBL403720,CN(Cc1ccccc1)c1cc(C(F)(F)F)nc(-c2ccc(S(C)(=O)=O)cc2)n1,'=',454.5
CHEMBL1630231,CCC(CC)COc1cc2c(cc1Cl)C=C(C(=O)O)C(C(F)(F)F)O2,'=',46.0
CHEMBL1630240,CCC(CC)COc1c(Cl)cc2c(c1Cl)OC(C(F)(F)F)C(C(=O)O)=C2,'<',21.0
CHEMBL499347,NS(=O)(=O)c1ccc(-c2[nH]c3ccccc3c2-c2ccc(F)cc2)cc1,'=',5.15
CHEMBL556929,CN(c1ccccc1)c1ncc(-c2ccc(S(C)(=O)=O)cc2)c(-c2ccc(F)cc2)n1,'=',85.0
CHEMBL557128,CS(=O)(=O)c1ccc(-c2cnc(C(O)c3ccccc3)nc2-c2ccc(F)cc2)cc1,'=',57.0
CHEMBL2315326,Cc1ccc(-c2cc(C(F)(F)F)nn2-c2ccc(S(=O)(=O)NCCNS(=O)(=O)c3cccc4c(N(C)C)cccc34)cc2)cc1,'=',1100.0
CHEMBL499070,CS(=O)(=O)c1ccc(-c2[nH]c3ccccc3c2-c2ccccc2)cc1,'=',0.5998
CHEMBL500936,NS(=O)(=O)c1ccc(-c2[nH]c3ccccc3c2-c2ccccc2)cc1,'=',0.08995
CHEMBL463232,CS(=O)(=O)c1ccc(-n2nc(C(F)(F)F)cc2-c2ccnc(Cl)c2)cc1,'=',190.0
CHEMBL491079,C/C(=C\c1ccc(C(F)(F)F)cc1)c1ccc(O)cc1,'=',470.0
CHEMBL558727,CS(=O)(=O)c1ccc(-c2cc(C(F)(F)F)nc(N)n2)cc1,'=',272.0
CHEMBL2158024,COc1ccc(C2CC(c3ccc(Cl)c(Cl)c3)=NN2C2=NC(=O)CS2)cc1,'=',6800.0
CHEMBL2159926,COc1ccc(C2CC(c3ccc(C)c(C)c3)=NN2C2=NC(=O)CS2)cc1,'=',2900.0
CHEMBL1322701,O=C(Nc1ccccc1)Nc1nnc(-c2ccccc2)o1,'=',63.0
CHEMBL1939435,O=C(O)/C=C/c1ccc2c(c1)O[C@H](c1cc(O)cc(O)c1)[C@H](C(=O)O)O2,'=',7500.0
CHEMBL4470659,CS(=O)(=O)c1ccc(-c2noc(N)c2-c2ccc(F)cc2)cc1,'>',50000.0
CHEMBL260564,Nc1cccc(C(=O)Nc2cccc(C(F)(F)F)c2)c1,'>',100000.0
CHEMBL261266,Nc1ccccc1NC(=O)c1cccc(C(F)(F)F)c1,'>',100000.0
CHEMBL4449466,CCCCn1c(C)c2c(c1C)C(=O)N(CN1CCN(c3ccccc3)CC1)C2=O,'=',44500.0
CHEMBL4163044,COc1ccc(-c2noc(CC(=O)OC[C@H]3O[C@@H](O)[C@H](O)[C@@H](O)[C@H]3O)c2-c2ccc(OC)cc2)cc1,'=',3100.0
CHEMBL96954,COc1ccc2c(c1)c(CC(=O)Oc1cccnc1)c(C)n2C(=O)c1ccc(Cl)cc1,'=',50.0
CHEMBL319590,CN1CC(c2ccccc2)=C(c2ccc(F)cc2)O1,'=',4960.0
CHEMBL466447,COc1ccc2c(c1)c(CC(=O)OC(CO[N+](=O)[O-])CO[N+](=O)[O-])c(C)n2C(=O)c1ccc(Cl)cc1,'=',600.0
CHEMBL129861,Cn1c(Br)cc(-c2ccc(F)cc2)c1-c1ccc(S(C)(=O)=O)cc1,'=',35500.0
CHEMBL14266,CN(CC(=O)c1cc(C(C)(C)C)c2c(c1)C(C)(C)CO2)CC1CC1,'=',2500.0
CHEMBL274798,Cc1ccc(F)cc1-c1nc(C(F)(F)F)cn1-c1ccc(S(C)(=O)=O)cc1,'>',100000.0
CHEMBL18040,CC1(O)OC(=O)C(c2ccc(F)cc2)=C1c1ccc(S(C)(=O)=O)cc1,'=',380.0
CHEMBL328009,COc1cc2c(cc1F)-c1c(c(C(F)(F)F)nn1-c1ccc(S(N)(=O)=O)cc1)SC2,'=',9.0
CHEMBL324700,CCS(=O)(=O)c1ccc(-c2c(Cl)ncn2-c2ccc(S(C)(=O)=O)cc2)cc1,'>',10000.0
CHEMBL348390,c1ccc(-c2nn(-c3ccccc3)c3c2CCCCC3)cc1,'=',170.0
CHEMBL184764,CS(=O)(=O)c1ccc2c(Sc3ccc(F)cc3F)c(C#N)[nH]c2c1,'=',940.0
CHEMBL326291,Cc1cc(-c2c(Cl)ncn2-c2ccc(S(C)(=O)=O)cc2)ccc1Cl,'=',11.0
CHEMBL52454,CS(=O)(=O)c1ccc(-c2ccccc2-c2ccc(F)c(Cl)c2)cc1,'=',363.08
CHEMBL300601,Cc1ccc(-c2cc(F)c(F)cc2-c2ccc(S(C)(=O)=O)cc2)cc1C,'=',22.91
CHEMBL277385,CS(=O)(=O)c1ccc(-c2sc(CCc3ccccc3)nc2-c2ccc(F)cc2)cc1,'=',32.0
CHEMBL110331,Cc1cccc(-c2nc(C(F)(F)F)cn2-c2ccc(S(N)(=O)=O)cc2)n1,'=',420.0
CHEMBL2018673,COc1ccc(Cc2nn(Cc3n[nH]c(=S)n3C)c(=O)c3c(C)noc23)cc1,'=',2100.0
CHEMBL2018667,Cc1noc2c(Cc3ccccc3)nn(Cc3n[nH]c(=S)n3C)c(=O)c12,'=',5500.0
CHEMBL1288602,COc1cc(C)cc2c1OC(C(F)(F)F)C(C(=O)O)=C2,'=',3330.0
CHEMBL1288641,CCc1cc(C)c2c(c1)C=C(C(=O)O)C(C(F)(F)F)O2,'=',270.0
CHEMBL1290564,Cc1cc(OC(F)(F)F)cc2c1OC(C(F)(F)F)C(C(=O)O)=C2,'=',16.0
CHEMBL1288730,Cc1cc(Cl)c(C)c2c1OC(C(F)(F)F)C(C(=O)O)=C2,'=',210.0
CHEMBL1290803,CCc1cc(OC(F)(F)F)cc2c1O[C@@H](C(F)(F)F)C(C(=O)O)=C2,'=',860.0
CHEMBL161728,Cc1nc(C2CCCCCC2)c(-c2ccc(S(C)(=O)=O)cc2)o1,'=',280.0
CHEMBL108978,CS(=O)(=O)c1ccc(-n2cc(C(F)(F)F)nc2-c2cc3ccccc3cn2)cc1,'=',1200.0
CHEMBL29839,COc1ccc(-c2cc(C(F)(F)F)nn2-c2ccc(S(N)(=O)=O)cc2)cc1,'=',8.0
CHEMBL2380866,Cc1onc(-c2ccc(Cl)o2)c1-c1ccc(F)cc1,'=',17200.0
CHEMBL1766289,CS(=O)(=O)c1ccc(-n2nc(CNC(=O)NC34CC5CC(CC(C5)C3)C4)cc2-c2ccccc2)cc1,'>',10000.0
CHEMBL1766297,NS(=O)(=O)c1ccc(-n2nc(NC(=O)Nc3cccc(C(F)(F)F)c3)cc2-c2ccccc2)cc1,'=',2000.0
CHEMBL1766298,NS(=O)(=O)c1ccc(-n2nc(CCNC(=O)Nc3cccc(C(F)(F)F)c3)cc2-c2ccccc2)cc1,'=',1000.0
CHEMBL1766288,NS(=O)(=O)c1ccc(-n2nc(CCCNC(=O)Nc3ccc(OC(F)(F)F)cc3)cc2-c2ccccc2)cc1,'=',900.0
CHEMBL423296,COc1ccc2c(c1)c(Cc1nc(-c3ccc(Br)cc3)cs1)c(C)n2C(=O)c1ccc(Cl)cc1,'=',0.3
CHEMBL568719,CC(=O)OCO/N=[N+](\[O-])N(C)CCOC(=O)Cc1ccc(-c2cc(C(F)(F)F)nn2-c2ccc(S(N)(=O)=O)cc2)cc1,'=',3500.0
CHEMBL568723,CC(=O)OCO/N=[N+](\[O-])N1CCC[C@H]1COC(=O)Cc1ccc(-c2cc(C(F)(F)F)nn2-c2ccc(S(C)(=O)=O)cc2)cc1,'=',900.0
CHEMBL459932,CCCCCCC(Sc1nc(Cl)cc(Oc2ccc3ncccc3c2)n1)C(=O)O,'>',10.0
CHEMBL459721,CCCCCCC(Sc1nc(Cl)cc(Nc2ccc3ncccc3c2)n1)C(=O)O,'>',10.0
CHEMBL4758387,COc1cc(/C=N/Nc2nc(-c3ccc(S(C)(=O)=O)cc3)cs2)cc(OC)c1O,'>',100000.0
CHEMBL4800449,Brc1ccc(OCCOc2nc3ccccc3s2)cc1,'=',500.0
CHEMBL293492,O=C/C=C/c1ccccc1,'=',245000.0
CHEMBL463559,C=C1C(=O)O[C@@H]2/C=C(\C)[C@@H]3O[C@@H]3/C=C(/C(=O)OC)[C@H](O)[C@@H](OC(=O)[C@]3(C)O[C@@H]3C)[C@@H]12,'=',1100.0
CHEMBL458470,O=C(O)[C@H]1O[C@@H](Oc2c(-c3cc(O)c(O)c(O)c3)oc3cc(O)cc(O)c3c2=O)[C@H](O)[C@@H](O)[C@@H]1O,'=',8000.0
CHEMBL298208,Cc1ccc(-c2ccc(S(C)(=O)=O)cc2)n1-c1ccc(F)c(F)c1,'=',250.0
CHEMBL4862239,CC1=C(CC(=O)O)c2cc(F)ccc2/C1=C\c1cccc(OCc2ccccc2)c1,'=',286100.0
CHEMBL281910,COC(=O)c1cc2cc(S(C)(=O)=O)ccc2n1C(=O)c1ccc(Br)cc1,'>',20000.0
CHEMBL155675,COc1ccc(-n2nc(-c3ccc(Cl)cc3)c3c2CCCCC3)cc1,'=',1560.0
CHEMBL389485,CCCS(=O)(=O)Nc1ccncc1Oc1ccccc1,'>',100000.0
CHEMBL2171267,CCCCCCN(C)C(=O)n1c2ccc(Cl)cc2c2ccc(C(C)C(=O)O)cc21,'>',100000.0
CHEMBL2171262,CCCCCCNC(=O)n1c2ccc(Cl)cc2c2ccc(C(C)C(=O)O)cc21,'>',100000.0
CHEMBL2171273,CC(C(=O)O)c1ccc2c(c1)[nH]c1ccccc12,'>',100000.0
CHEMBL4290946,NS(=O)(=O)c1ccc(-c2cc(-c3ccccc3)no2)cc1,'=',10790.0
CHEMBL4277907,C[Si](C)(C)c1onc(-c2ccccc2)c1-c1ccc(S(N)(=O)=O)cc1,'=',130.0
CHEMBL4282329,C[Si](C)(C)c1onc(-c2ccc(F)cc2)c1-c1ccc(S(N)(=O)=O)cc1,'=',930.0
CHEMBL4278979,COC(=O)c1onc(-c2ccc(F)cc2)c1-c1ccc(S(C)(=O)=O)cc1,'>',100000.0
CHEMBL4277468,COc1ccc(-n2c(SCc3cn(-c4ccc(Br)cc4)nn3)nc3ccccc3c2=O)cc1,'=',670.0
CHEMBL4277505,COc1ccc(-n2c(SCc3cc(-c4ccc(OC)c(OC)c4)no3)nc3ccccc3c2=O)cc1,'=',770.0
CHEMBL4291556,COc1ccc(-n2c(SCc3cc(-c4ccc(Cl)cc4)no3)nc3ccccc3c2=O)cc1,'=',630.0
CHEMBL374427,COC1(c2cc(F)cc(OCc3cc(-c4ccccc4)n(-c4ccc(S(N)(=O)=O)cc4)n3)c2)CCOCC1,'=',100.0
CHEMBL4170508,CS(=O)(=O)c1ccc(C2C(c3ccccc3)=NOC23COc2ccccc2C3=O)cc1,'=',90.0
CHEMBL2158360,CC(Oc1cc(=O)oc2ccccc12)C(=O)Nc1ccc(C(F)(F)F)cc1C#N,'=',50250.0
CHEMBL405319,Nc1cccnc1NC(=O)c1ccc(C(F)(F)F)cc1,'>',100000.0
CHEMBL2146750,CC1CCN([C@H](c2ccc(F)cc2)c2ccc([C@@H](C)C(=O)O)cc2-c2ccc(C(F)(F)F)cc2)CC1,'=',27000.0
CHEMBL3322397,CS(=O)(=O)c1ccc(N2CCN=C2c2cccc(Br)c2)cc1,'=',6800.0
CHEMBL3322401,Cc1cccc(C2=NCCN2c2ccc(S(C)(=O)=O)cc2)c1,'>',10000.0
CHEMBL500935,NS(=O)(=O)c1ccc(-c2[nH]c3ccc(Cl)cc3c2-c2ccccc2Cl)cc1,'=',100.0
CHEMBL500674,NS(=O)(=O)c1ccc(-c2[nH]c3ccc(Cl)cc3c2-c2ccc(Cl)cc2)cc1,'=',0.5395
CHEMBL3410360,NS(=O)(=O)c1ccc(N2N=C3c4ccccc4OCC3C2c2ccc(Cl)cc2)cc1,'=',8240.0
CHEMBL3410344,NS(=O)(=O)c1ccc(N2N=C3c4ccccc4CCC3C2c2ccccc2F)cc1,'=',11890.0
CHEMBL3410357,COc1ccc(C2C3COc4ccccc4C3=NN2c2ccc(S(N)(=O)=O)cc2)cc1,'=',1020.0
CHEMBL117946,CS(=O)(=O)c1ccc(-n2c(-c3ccc(F)cc3)cnc2Cl)cc1,'>',10000.0
CHEMBL111518,NS(=O)(=O)c1ccc(-n2nc(C(F)(F)F)cc2-c2ccc3c(c2)OCO3)cc1,'=',23.99
CHEMBL296318,C[S+]([O-])c1ccc(-c2nc(C(F)(F)F)cn2-c2ccc(S(C)(=O)=O)cc2)cc1,'>',100000.0
CHEMBL42174,CN(C)c1cc(-c2nc(C(F)(F)F)cn2-c2ccc(S(C)(=O)=O)cc2)ccc1Cl,'=',1040.0
CHEMBL2311577,CC(C)Cc1ccc(C(C)C(=O)OCCNS(=O)(=O)c2cccc3c(N(C)C)cccc23)cc1,'=',9200.0
CHEMBL1682233,CS(=O)(=O)c1ccc(-c2nnnn2-c2ccc(Cl)cc2)cc1,'=',110000.0
CHEMBL320998,Cc1ccc(-c2ccc(S(C)(=O)=O)cc2)n1C1CCC(F)CC1,'=',524.81
CHEMBL119089,CS(=O)(=O)c1ccc(-c2c(Cl)ncn2-c2ccc(F)cc2)cc1,'>',10000.0
CHEMBL117855,CC(C)c1ccc(-c2c(Cl)ncn2-c2ccc(S(C)(=O)=O)cc2)cc1,'=',39.0
CHEMBL324825,C=CCc1ncn(-c2ccc(S(C)(=O)=O)cc2)c1-c1ccc(F)cc1,'>',10000.0
CHEMBL1682202,O=C(O)c1cccc(Nc2ccc(C(F)(F)F)cc2)c1,'>',100000.0
CHEMBL2018671,CCn1c(Cn2nc(Cc3ccc([N+](=O)[O-])cc3)c3onc(C)c3c2=O)n[nH]c1=S,'=',9200.0
CHEMBL2018672,Cc1noc2c(Cc3ccc([N+](=O)[O-])cc3)nn(Cc3n[nH]c(=S)n3-c3ccccc3)c(=O)c12,'>',100000.0
CHEMBL4542774,O=C1NC(=S)S/C1=C\c1ccc(OCc2cn(-c3ccc(Br)cc3)nn2)cc1,'=',110.0
CHEMBL4579799,O=C1NC(=S)S/C1=C\c1ccc(OCc2cn(Cc3ccc(Br)cc3)nn2)cc1,'=',110.0
CHEMBL2347675,CCS(=O)(=O)c1nc(-c2ccc(F)cc2)c(-c2ccc(S(C)(=O)=O)cc2)[nH]1,'=',310.0
CHEMBL4456191,CCO/C=N/c1nnc(-c2ccc(Cl)cc2)o1,'=',100.0
CHEMBL4445036,COc1ccc(-c2c(-c3ccc(F)cc3)noc2N)cc1,'>',50000.0
CHEMBL443791,Cc1cc(-c2cc(F)c(F)cc2-c2ccc(S(C)(=O)=O)cc2)ccc1F,'=',5.0
CHEMBL16698,COC(=O)CCSc1nnc(-c2cc(C(C)(C)C)c(O)c(C(C)(C)C)c2)s1,'>',20000.0
CHEMBL45583,CS(=O)(=O)c1ccc(-c2cc(C(F)(F)F)cnc2OCC2(O)CCCC2)cc1,'<',200.0
CHEMBL4760459,Cc1ccc(Nc2nc(/C=C/c3ccccc3)nc3cc(Br)ccc23)cc1,'>',50000.0
CHEMBL4792690,COc1ccc(Nc2nc(/C=C/c3ccccc3)nc3ccccc23)cc1,'=',37300.0
CHEMBL457145,CC(C)=CCc1cc(/C=C/c2cc(O)cc(O)c2)ccc1O,'=',9500.0
CHEMBL1814707,CC(C(=O)[O-])c1ccc(CC2CCCC2=O)cc1Cl.[Na+],'=',2000.0
CHEMBL1814724,CC(C(=O)[O-])c1ccc(CC2CCCC2=O)cc1-c1ccc(F)cc1.[Na+],'=',36000.0
CHEMBL76154,Cc1cccc(C)c1Nc1ccccc1CC(=O)O,'=',47.0
CHEMBL259218,Cc1ccc(Nc2c(Cl)cccc2Cl)c(CC(=O)O)c1,'=',47.0
CHEMBL4098600,CC(=O)c1cccc(OC(=O)c2c(-c3ccccc3)sc3c2CCCC3)c1,'=',310.0
CHEMBL4069250,CC(=O)Nc1ccc(OC(=O)c2c(-c3ccccc3)sc3c2CCCC3)cc1,'=',1400.0
CHEMBL447148,NS(=O)(=O)c1ccc(C#Cc2ccc(=O)n(C(F)F)c2)cc1,'=',6000.0
CHEMBL521440,CS(=O)(=O)c1ccccc1C#Cc1ccc(=O)n(C(F)F)c1,'=',9400.0
CHEMBL455837,CS(=O)(=O)c1ccc(-n2nncc2-c2ccc(Cl)cc2)cc1,'=',40.0
CHEMBL452660,CS(=O)(=O)c1ccc(-n2cc(-c3ccc(Cl)cc3)nn2)cc1,'=',190.0
CHEMBL458026,COc1ccc(-c2cn(-c3ccc(S(C)(=O)=O)cc3)nn2)cc1,'=',2500.0
CHEMBL2087942,CS(=O)(=O)c1ccc(NN2C(=O)CSC2c2ccc(F)cc2)cc1,'=',45400.0
CHEMBL357002,CSc1ccc(-c2cc(C(F)(F)F)nn2-c2ccc(S(N)(=O)=O)c(CO)c2)cc1,'=',235.0
CHEMBL302771,CS(=O)(=O)c1ccc(-c2coc(=O)n2-c2ccc(F)cc2)cc1,'=',510.5
CHEMBL1164396,COc1ccc2c(c1)c1c(n2C(=O)c2ccc(Br)cc2)CCN(CCCOc2cc(F)cc(C3(OC)CCOCC3)c2)C1.Cl,'=',85400.0
CHEMBL157129,COc1ccc(-n2nc(-c3ccc(Cl)cc3)c3c2CCC(O)C3)cc1,'=',460.0
CHEMBL281653,COc1ccc2c(c1)c(CC(=O)NC[C@@H](C)O)c(C)n2C(=O)c1ccc(Cl)cc1,'=',330.0
CHEMBL119433,CN(C(=O)c1cc(C(C)(C)C)c2c(c1)C(C)(C)CO2)C1CC1,'=',1000.0
CHEMBL119472,CCCCNC(=O)c1cc(C(C)(C)C)c2c(c1)C(C)(C)CO2,'=',220.0
CHEMBL2171252,C[C@@H](C(=O)O)c1ccc2c3cc(Cl)ccc3n(C(=O)c3ccc(Cl)cc3)c2c1,'>',100000.0
CHEMBL2171248,CC(C(=O)O)c1ccc2c3cc(Cl)ccc3n(C(=O)c3cscn3)c2c1,'>',100000.0
CHEMBL2171243,CC(C(=O)O)c1ccc2c3cc(Cl)ccc3n(C(=O)c3cccc(Cl)c3)c2c1,'>',100000.0
CHEMBL329120,Cc1cnc(-c2cccnc2)c(-c2ccc(S(C)(=O)=O)cc2)c1,'=',350.0
CHEMBL2063728,CC(C(=O)O)c1ccc(N[C@H]2CCC[C@@H]2O)cc1F,'=',14000.0
CHEMBL2063854,CC(C(=O)O)c1ccc(Cc2ccoc2)cc1F,'=',4000.0
CHEMBL43737,Cc1ccc(-n2c(C)ccc2-c2ccc(S(C)(=O)=O)cc2)cc1,'=',40.0
CHEMBL44283,Cc1c(Cl)cc(-c2ccc(S(C)(=O)=O)cc2)n1-c1ccc(F)cc1,'=',50.0
CHEMBL333170,CCc1ncn(-c2ccc(S(C)(=O)=O)cc2)c1-c1ccc(F)cc1,'>',10000.0
CHEMBL144787,CS(=O)(=O)Nc1cc2c(cc1SC1CCCCC1)C(=O)CC2,'=',50.0
CHEMBL39013,Cc1nc(Sc2cc3c(cc2NS(C)(=O)=O)CCC3=O)sc1C,'=',1700.0
CHEMBL43645,CS(=O)(=O)c1ccc(-n2cc(C(F)(F)F)nc2-c2ccccc2F)cc1,'=',398.11
CHEMBL119852,CS(=O)(=O)c1ccc(-n2cnc(Cl)c2-c2cccc(F)c2)cc1,'=',65.0
CHEMBL332725,CCOc1ccc(-c2c(Cl)ncn2-c2ccc(S(C)(=O)=O)cc2)cc1F,'=',25.0
CHEMBL27975,NS(=O)(=O)c1ccc(-n2ncc(Br)c2-c2ccc(Cl)cc2)cc1,'=',30.9
CHEMBL144920,CCCC#CCSc1ccccc1OC(C)=O,'=',3000.0
CHEMBL1956386,NS(=O)(=O)c1ccc(-n2nnnc2-c2ccc(C(F)(F)F)cc2)cc1,'>',100000.0
CHEMBL1956393,CS(=O)(=O)c1ccc(-n2nnnc2-c2ccc(Cl)cc2)cc1,'=',32000.0
CHEMBL1939436,O=C(O)/C=C/c1ccc2c(c1)O[C@@H](C(=O)O)[C@@H](c1cc(O)cc(O)c1)O2,'=',25600.0
CHEMBL3809958,CC(C)[C@H](NC(=O)[C@H](C)NC(=O)CN)C(=O)O,'=',200.0
CHEMBL3965233,Cc1cc(C)c2c(=O)n(CN3CCN(C4CCCCC4)CC3)sc2n1,'=',358800.0
CHEMBL3903347,Cc1cc(C)c2c(=O)n(CCC(=O)N3CCN(c4ccccc4)CC3)sc2n1,'=',368200.0
CHEMBL3933250,Cc1cc(C)c2c(OC(C)C(=O)O)nsc2n1,'=',218776.16
CHEMBL3924311,Cc1cc(C)c2c(OCCCC(=O)O)nsc2n1,'=',245470.89
CHEMBL1775089,O=[N+]([O-])c1ccc(Oc2ccc(OCCN3CCCC3)cc2)cc1,'=',35300.0
CHEMBL1950019,CCc1cc(C(=O)c2[nH]c3cc(Cl)ccc3c2CC(=O)O)ncc1Cl,'=',30.7
CHEMBL3099218,CC(C)(C)c1cc(/C=N/NC(=O)c2cccnc2)c(O)c(C(C)(C)C)c1,'=',8800.0
CHEMBL3774876,CCCNC(=O)Oc1cccc(-c2ccc(C(C)C(=O)O)cc2F)c1,'>',100000.0
CHEMBL3775475,CCCCCCNC(=O)Oc1ccc(-c2ccc(C(C)C(=O)O)cc2F)cc1,'>',100000.0
CHEMBL3775770,CCCCCCNC(=O)Oc1cccc(-c2ccc(CC(=O)O)cc2F)c1,'=',240.0
CHEMBL3774686,CCCCCCNC(=O)Oc1cccc(-c2ccc(C(C)C(=O)O)cc2)c1,'=',690.0
CHEMBL3237068,COc1ccc(-n2nc(C(=O)Nc3ccc(Cl)cc3)nc2-c2cc(OC)c(OC)c(OC)c2)cc1,'>',100000.0
CHEMBL3233599,CN1C(=O)C(c2ccccc2)=C(c2ccc(S(N)(=O)=O)cc2)C1=O,'=',36.0
CHEMBL1288640,C#Cc1cc(Cl)c2c(c1)C=C(C(=O)O)C(C(F)(F)F)O2,'=',26.0
CHEMBL4540796,Cc1ccc(C(=O)NCCc2c[nH]c3ccccc23)c(O)c1,'=',16440.0
CHEMBL4762525,Cc1ccc(O)c(C(=O)NCCc2c[nH]c3ccccc23)c1,'>',40000.0
CHEMBL3740105,C#Cc1cccc(Nc2ncnc3cc(OCCOC(=O)c4ccc(C(=O)Nc5ccc6c(c5)C(C)(C)CCC6(C)C)cc4)c(OCCOC(=O)c4ccc(C(=O)Nc5ccc6c(c5)C(C)(C)CCC6(C)C)cc4)cc23)c1,'>',10000.0
CHEMBL2158358,CC(Oc1cc(=O)oc2ccccc12)C(=O)Nc1ccc(F)cc1F,'=',16830.0
CHEMBL3774963,NS(=O)(=O)c1ccc(-c2cc(C(F)(F)F)nc(NCc3ccc(I)cc3)n2)cc1,'=',13000.0
CHEMBL3596282,COc1ccc(N2CCN(CC3=NO[C@@H]4CCCC[C@@H]4[C@H]3c3ccccc3)CC2)cc1,'=',1800.0
CHEMBL436494,CCOc1cccc(OCc2cc(-c3ccccc3)n(-c3ccc(S(C)(=O)=O)cc3)n2)c1,'=',900.0
CHEMBL373514,CS(=O)(=O)c1ccc(-n2nc(COc3cccc(N4CCOCC4)c3)cc2-c2ccccc2)cc1,'=',920.0
CHEMBL5271889,NS(=O)(=O)c1ccc(-n2nc(C(=O)NNC(=O)c3cccc(C(F)(F)F)c3)cc2-c2ccccc2)cc1,'=',520.0
CHEMBL5279631,CCc1cc(OC)c(OC)c(OC)c1,'=',180.0
CHEMBL3809922,COC(=O)[C@H](CC(C)C)NC(=O)CNC(=O)[C@@H](N)C(C)C,'=',10000.0
CHEMBL3809760,CC(C)[C@H](NC(=O)[C@H](C)NC(=O)CNC(=O)OCc1ccccc1)C(=O)O,'=',3000.0
CHEMBL4758581,Cc1c(Nc2ccc(S(=O)(=O)N3CCN(C)CC3)cc2F)nc2ccc(Nc3cnn(C4CC4)c3)cn2c1=O,'=',800.0
CHEMBL3087872,Cc1ccc2c(c1)oc(=O)n2Cc1cn(-c2ccc(F)cc2)nn1,'=',2400.0
CHEMBL3087873,Cc1ccc2oc(=O)n(Cc3cn(-c4ccc(Br)cc4)nn3)c2c1,'=',2780.0
CHEMBL3087875,O=c1oc2ccc(Cl)cc2n1Cc1cn(-c2ccc(Cl)cc2)nn1,'=',2700.0
CHEMBL225463,CS(=O)(=O)c1ccc(-n2nc(COc3ccc4c(c3)OCO4)cc2-c2ccccc2)cc1,'=',450.0
CHEMBL4456497,CCOC(=O)CSc1nnc(-c2ccc(S(C)(=O)=O)cc2)c(-c2ccc(C)cc2)n1,'=',10100.0
CHEMBL1288565,Cc1cc(Cl)cc2c1OC(C(F)(F)F)C(C(=O)O)=C2,'=',51.0
CHEMBL346470,O=C(NNc1ccccc1)c1ccc(Cl)cc1,'=',330.0
CHEMBL327150,CCOc1ccc(-c2c(Cl)ncn2-c2ccc(S(C)(=O)=O)cc2)cc1Cl,'=',7.0
CHEMBL17064,CC(C)(C)c1nc(-c2ccc(F)cc2)c(-c2ccc(S(C)(=O)=O)cc2)s1,'=',110.0
CHEMBL276052,O=c1c2ccccc2c(S(=O)(=O)c2ccccc2)c(O)n1Cc1ccccc1,'=',140.0
CHEMBL3099221,CC(C)(C)c1cc(/C=N/NC(=O)c2ccccc2)c(O)c(C(C)(C)C)c1,'=',6490.0
CHEMBL316455,NS(=O)(=O)c1ccc(-n2nc(C(F)(F)F)c3c2-c2ccc(F)cc2CS3)cc1,'=',40.0
CHEMBL146773,CS(=O)(=O)Nc1cc2c(cc1Nc1ccc(F)cc1F)C(=O)CC2,'=',1000.0
CHEMBL1950017,Cc1ccnc(C(=O)c2[nH]c3ccc(F)cc3c2CC(=O)O)c1,'=',5.68
CHEMBL148157,CS(=O)(=O)Nc1cc2c(cc1Sc1cscn1)C(=O)CC2,'>',10000.0
CHEMBL42121,CCS(=O)(=O)c1ccc(-n2cccc2-c2ccc(F)cc2)cc1,'>',100000.0
CHEMBL30011,COc1ccc(-c2cc(C(F)(F)F)nn2-c2ccc(Cl)cc2)cc1,'=',750.0
CHEMBL70158,CS(=O)(=O)c1ccc(-c2coc(=O)n2-c2ccccc2F)cc1,'=',660.0
CHEMBL304560,NS(=O)(=O)c1ccc(-c2coc(=O)n2-c2ccc(Cl)c(Cl)c2)cc1,'=',399.94
CHEMBL303023,Cc1cccc(-n2c(-c3ccc(S(N)(=O)=O)cc3)c(C)oc2=O)c1,'=',930.0
CHEMBL42409,Cc1c(C(=O)C(F)(F)F)cc(-c2ccc(S(C)(=O)=O)cc2)n1-c1ccc(F)cc1,'=',120.23
CHEMBL28636,COc1ccc(-c2cc(C(F)F)nn2-c2ccc(S(N)(=O)=O)cc2)cc1F,'=',50.12
CHEMBL432945,COc1ccc(C2=C(c3ccc(S(N)(=O)=O)cc3)CC3(CC3)C2)cc1,'=',1.0
CHEMBL45192,NS(=O)(=O)c1ccc(-n2cc(C(F)(F)F)nc2-c2ccc(Cl)cc2)cc1,'=',10.0
CHEMBL5189985,CC(C)=CCC/C(C)=C/CCC1=C[C@]2(OC1=O)c1cc(O)ccc1OC(=O)[C@@]2(CCC=C(C)C)CC(=O)c1cc(O)ccc1O,'=',1290.0
CHEMBL5202074,CC(C)=CCCC1=C[C@]2(OC1=O)c1cc(O)ccc1OC(=O)[C@@]2(CC/C=C(\C)CCC=C(C)C)CC(=O)c1cc(O)ccc1O,'=',1290.0
CHEMBL91258,CS(=O)(=O)c1ccc(C2=C(c3ccc(Cl)cc3Cl)CC3(CC3)C2)cc1,'=',33.11
CHEMBL17069,CS(=O)(=O)c1ccc(-c2sc(-c3ccccc3Cl)nc2-c2cccs2)cc1,'=',57.0
CHEMBL3402600,CCCNC(=O)Cc1cc(-c2ccc(S(N)(=O)=O)cc2)n(-c2cccc(F)c2)c1C,'=',5780.0
CHEMBL49606,COc1ccc(N2CC(c3ccc(S(C)(=O)=O)cc3)=C(c3ccc(F)cc3)C2=O)cc1,'=',1200.0
CHEMBL303870,COC(=O)c1cc(-c2ccc(S(N)(=O)=O)cc2)c(-c2ccc(F)cc2)s1,'=',70.0
CHEMBL563262,O=S1(=O)CCCCCNc2nc(cc(C(F)(F)F)n2)-c2ccc1cc2,'>',10000.0
CHEMBL539663,CCC(C)Nc1nc(-c2ccc(S(C)(=O)=O)cc2)cc(C(F)(F)F)n1,'=',2.0
CHEMBL538418,CCCCNc1nc(-c2ccc(S(N)(=O)=O)cc2)cc(C(F)(F)F)n1,'<',1.4
CHEMBL560887,Cc1ccc(Nc2nc(-c3ccc(S(C)(=O)=O)cc3)cc(C(F)(F)F)n2)cc1,'=',11.0
CHEMBL550069,CS(=O)(=O)c1ccc(-c2cnc(CC3CCCCC3)nc2-c2ccc(F)cc2)cc1,'=',12.0
CHEMBL93372,CC(=O)Oc1ccc(C2=C(c3ccc(S(C)(=O)=O)cc3)COC2=O)cc1,'=',1.26
CHEMBL570773,CS(=O)(=O)c1ccc(-c2cc(C(=O)O)nc(NC3CCCCC3)n2)cc1,'>',10000.0
CHEMBL338705,Cc1cc(=O)c(-c2ccc(F)cc2)c(-c2ccc(S(C)(=O)=O)cc2)o1,'=',1070.0
CHEMBL3264690,CCc1ccc(-n2cc(CSc3nc4ccccc4o3)nn2)cc1,'=',3800.0
CHEMBL1766293,CS(=O)(=O)c1ccc(-n2nc(CNC(=O)Nc3ccc(C(F)(F)F)cc3)cc2-c2ccccc2)cc1,'>',10000.0
CHEMBL1766283,NS(=O)(=O)c1ccc(-n2nc(CCCNC(=O)Nc3ccccc3)cc2-c2ccccc2)cc1,'>',10000.0
CHEMBL471104,CC/C(=C\c1cc(O)cc(O)c1)c1ccc(N(C)C)cc1,'=',14800.0
CHEMBL470938,CC/C(=C\c1ccc(N(C)C)cc1)c1cc(O)cc(O)c1,'=',2200.0
CHEMBL489489,C/C(=C\c1ccc(N(C)C)cc1)c1cc(O)cc(O)c1,'=',1740.0
CHEMBL80405,NS(=O)(=O)c1ccc(C2=C(c3ccc(F)cc3)c3ccccc3C2)cc1,'=',5.0
CHEMBL143781,CS(=O)(=O)Nc1cc2c(cc1Sc1c(F)cccc1F)C(=O)CC2,'=',100.0
CHEMBL3885367,COc1ccc2c(c1)c(CC(=O)NCCCCCCC(=O)NO)c(C)n2C(=O)c1ccc(Cl)cc1,'=',330.0
CHEMBL358295,COc1ccc(Sc2cc3c(cc2NS(C)(=O)=O)CCC3=O)cc1,'=',100.0
CHEMBL4169030,COc1ccc2c(c1)c1c(n2Cc2ccc(Cl)cc2)CC(C)(C)CC1=O,'=',910.0
CHEMBL322132,CC1(C)OC(=O)C(Oc2cccc(F)c2)=C1c1ccc(S(C)(=O)=O)cc1,'=',70.0
CHEMBL421259,Cc1cc(C)n2nc(-c3ccc(S(C)(=O)=O)cc3)c(-c3ccc(F)cc3)c2n1,'=',154.0
CHEMBL489702,CS(=O)(=O)c1ccc(-c2ssc(=S)c2-c2ccc(F)cc2)cc1,'>',50000.0
CHEMBL3735002,COc1cccc(C2CC(c3ccc(S(C)(=O)=O)cc3)=NN2c2ccc(S(N)(=O)=O)cc2)c1,'=',1760.0
CHEMBL345018,CCCCC#CCSc1ccccc1OC(C)=O,'=',800.0
CHEMBL44101,Cc1c(CO)cc(-c2ccc(S(C)(=O)=O)cc2)n1-c1ccc(F)cc1,'=',3880.0
CHEMBL3734939,CS(=O)(=O)c1ccc(C2=NN(c3ccc(C(=O)O)cc3)C(c3ccccc3)C2)cc1,'=',980.0
CHEMBL3736416,COc1ccc(C2CC(c3ccc(S(C)(=O)=O)cc3)=NN2c2ccc(S(N)(=O)=O)cc2)cc1OC,'=',1980.0
CHEMBL43265,CS(=O)(=O)c1ccc(-n2cc(CF)nc2-c2ccc(Cl)cc2)cc1,'=',407.38
CHEMBL115410,CSc1ccc(-c2c(Cl)ncn2-c2ccc(S(C)(=O)=O)cc2)cc1,'=',11.0
CHEMBL31060,COC(=O)c1cc2cc(S(C)(=O)=O)ccc2n1Cc1ccc(OC)cc1,'=',780.0
CHEMBL328003,CS(=O)(=O)c1ccc(C2=C(c3ccccc3)C(=O)C2)cc1,'=',110.0
CHEMBL358246,CS(=O)(=O)c1ccc(-c2cc3c(cc2Cc2ccccc2)OCO3)cc1,'=',10000.0
CHEMBL156401,C[C@@H]1C[C@H]1Cn1ncc(-c2ccc(S(C)(=O)=O)cc2)c(-c2ccc(F)cc2)c1=O,'=',1700.0
CHEMBL110448,Cc1cn(-c2ccc(S(C)(=O)=O)cc2)c(-c2cccnc2)n1,'=',79000.0
CHEMBL4755330,Cc1ccc(OCC(=O)NNC(=O)/C=C/c2ccc(O)c(O)c2)c(C)c1,'=',2100.0
CHEMBL107938,CCSc1cccc(-c2ccc(C(C)C(=O)O)cc2)c1,'=',330.0
CHEMBL104009,CCOc1cccc(-c2ccc(C(C)C(=O)O)cc2F)c1,'=',14.0
CHEMBL227795,COc1c(C)c(OC)c2c(c1O)CCc1c(O)cccc1O2,'>',33100.0
CHEMBL320318,CS(=O)(=O)c1ccc(-n2cc(C#N)nc2-c2cccnc2)cc1,'=',24400.0
CHEMBL117547,CCSc1ccc(-c2c(Cl)ncn2-c2ccc(S(C)(=O)=O)cc2)cc1,'=',53.0
CHEMBL111786,NS(=O)(=O)c1ccc(C2=C(c3ccc(F)c(Cl)c3)CCC2)cc1,'=',10.0
CHEMBL297820,CC(=O)c1ccc(-n2c(C)ccc2-c2ccc(S(C)(=O)=O)cc2)cc1,'=',2870.0
CHEMBL52888,COc1ccc(-c2cc(F)c(F)cc2-c2ccc(S(N)(=O)=O)cc2)cc1OC,'=',65.0
CHEMBL287170,NC(=O)c1nn(-c2ccc(S(N)(=O)=O)cc2)c(-c2ccc(Cl)cc2)c1Cl,'=',1090.0
CHEMBL14735,CC1(C)COc2ccc(C(=O)CCCC3CC3)cc21,'=',8000.0
CHEMBL216986,COc1cccc(Cn2c3ccc(Cl)cc3c3ccc(C(C)C(=O)O)cc32)c1,'>',100000.0
CHEMBL3357095,O=C1OCC(c2ccccc2)=C1c1ccc(F)cc1,'>',5000.0
CHEMBL298356,CS(=O)(=O)c1ccc(C2=C(c3ccc(F)cc3)C(=O)N(c3ccccc3)C2)cc1,'=',310.0
CHEMBL328161,COc1ccc2c(c1)c(CC(=O)Nc1cc(OC)c(OC)c(OC)c1)c(C)n2C(=O)c1ccc(Cl)cc1,'>',1000.0
CHEMBL282177,COC(=O)c1cc2cc(S(C)(=O)=O)ccc2n1C(=O)c1ccc([N+](=O)[O-])cc1,'>',20000.0
CHEMBL323954,Cn1cc(-c2nc(C(F)(F)F)cn2-c2ccc(S(C)(=O)=O)cc2)c2ccccc21,'=',1096.48
CHEMBL54649,COc1ccc(-c2cc(F)c(F)cc2-c2ccc(S(C)(=O)=O)cc2)cc1F,'=',20.89
CHEMBL3355609,[2H]C([2H])([2H])c1cc(Br)cc2c1OC(C(F)(F)F)C(C(=O)O)=C2,'=',39.0
CHEMBL4456822,COc1ccc2[nH]cc(CCNC(=O)c3cc4cc(Cl)ccc4n3Cc3ccc(F)cc3)c2c1,'=',23.3
CHEMBL115979,COc1ccc(-c2c(Cl)ncn2-c2ccc(S(N)(=O)=O)cc2)cc1Cl,'=',5.0
CHEMBL3309953,O=C1/C(=C/c2ccc(N3CCCC3)cc2)CCC/C1=C\c1ccc(N2CCCC2)cc1,'=',54320.0
CHEMBL97562,COc1ccc2c(c1)c(CC(=O)Oc1ccc(NC(C)=O)cc1)c(C)n2C(=O)c1ccc(Cl)cc1,'=',50.0
CHEMBL108975,CS(=O)(=O)c1ccc(C2=C(c3ccc(Cl)cc3Cl)CCC2)cc1,'=',52.48
CHEMBL158493,Cc1nc(-c2ccc(Cl)s2)c(-c2ccc(S(C)(=O)=O)cc2)o1,'=',30.0
CHEMBL3747473,COc1ccc(S(=O)(=O)N(Nc2ccccc2)C(=O)Oc2ccc(OCc3ccccc3)cc2)cc1,'>',1000.0
CHEMBL144547,CCCCC#CCSc1ccccc1OC(=O)CBr,'=',26000.0
CHEMBL3912571,Cc1cc(C)c2c(=O)n(CN3CCN(c4ccccc4F)CC3)sc2n1,'=',1258925.41
CHEMBL349370,COC1(c2cc(F)cc(OCc3cc(-c4ccc(Cl)cc4)n(S(N)(=O)=O)n3)c2)CCOCC1,'<',100.0
CHEMBL338126,CS(=O)(=O)c1ccc(-c2[nH]c(S(C)(=O)=O)cc2-c2ccc(F)cc2)cc1,'=',92300.0
CHEMBL329716,Cc1noc(-c2ccc(S(C)(=O)=O)cc2)c1-c1ccc(F)cc1,'>',100000.0
CHEMBL290739,CS(=O)(=O)Nc1cc2c(cc1Sc1ncc(Cl)cc1Cl)C(=O)CC2,'=',120.0
CHEMBL344959,CS(=O)(=O)Nc1cc2c(cc1OC1CCCCC1)C(=O)CC2,'=',50.0
CHEMBL3775973,CC(C(=O)O)c1ccc(-c2cccc(OC(=O)NCCc3ccccc3)c2)c(F)c1,'>',100000.0
CHEMBL3775653,CCCCCCNC(=O)Nc1cccc(-c2ccc(C(C)C(=O)O)cc2F)c1,'=',560.0
CHEMBL111356,CN(C)c1ccc(C2=C(c3ccc(S(N)(=O)=O)cc3)CCC2)cc1Cl,'=',2.0
CHEMBL281978,NS(=O)(=O)c1ccc(-n2nc(C(F)(F)F)cc2-c2ccc(Cl)cc2Cl)cc1,'=',56.0
CHEMBL29136,N#Cc1cc(-c2ccc(F)cc2)n(-c2ccc(S(N)(=O)=O)cc2)n1,'=',340.0
CHEMBL151535,NS(=O)(=O)/C=C/c1cc(CO)cc(C(=O)c2ccccc2)c1,'=',9700.0
CHEMBL30084,CNc1ccc(-c2cc(C(F)(F)F)nn2-c2ccc(S(N)(=O)=O)cc2)cc1Cl,'=',27.0
CHEMBL88649,NS(=O)(=O)c1ccc(C2=C(c3ccc(OC(F)(F)F)cc3)CC3(CC3)C2)cc1,'=',130.0
CHEMBL3601277,Cc1ccc(-c2c(Cl)c(CCl)nn2-c2ccc(S(N)(=O)=O)cc2)cc1,'=',220.0
CHEMBL303674,CC(C)(O)c1cc(-c2ccc(F)cc2)c(-c2ccc(S(N)(=O)=O)cc2)s1,'=',1600.0
CHEMBL283633,NS(=O)(=O)c1ccc(-n2nc(-c3ccc(Cl)s3)cc2-c2ccc(Cl)cc2)cc1,'=',52.0
CHEMBL3410342,COc1ccccc1C1C2CCc3ccccc3C2=NN1c1ccc(S(N)(=O)=O)cc1,'=',2630.0
CHEMBL129640,Cc1cc(=O)c(Oc2ccc(F)cc2C)c(-c2ccc(S(C)(=O)=O)cc2)o1,'=',180.0
CHEMBL289169,CS(=O)(=O)c1ccc(-n2cc(C(F)(F)F)nc2-c2ccccc2Cl)cc1,'=',900.0
CHEMBL195887,Oc1ccc(-c2nc(-c3ccc(O)cc3Cl)cn2-c2ccc(O)cc2)cc1,'=',11500.0
CHEMBL200812,C[C@@H]1CN(c2c(C#N)c(C(F)F)nn2-c2ccc(S(C)(=O)=O)cn2)C[C@H](C)O1,'=',28.0
CHEMBL3087876,O=c1oc2ccc(Cl)cc2n1Cc1cn(-c2ccccc2F)nn1,'=',3100.0
CHEMBL158733,CCCCCCCCCCCCCCCc1cccc(OCC)c1CSc1nc2cc(C)ccc2[nH]1,'>',10000.0
CHEMBL50198,CS(=O)(=O)c1ccc(C2=C(c3cccnc3)C(=O)OC2)cc1,'>',33000.0
CHEMBL42709,Cc1cc(Cl)cc(-c2nc(C(F)(F)F)cn2-c2ccc(S(N)(=O)=O)cc2)c1,'=',40.0
CHEMBL441236,CS(=O)(=O)c1ccc(-n2cc(COc3ccc(Cl)cc3)nc2-c2ccc(Cl)cc2)cc1,'=',30.0
CHEMBL5402860,COC(=O)c1cc(=O)n2nc(N)c(/N=N/c3ccc(O)cc3)c2[nH]1,'=',67530.0
CHEMBL126392,Cc1cc(=O)c(-c2ccccc2F)c(-c2ccc(S(C)(=O)=O)cc2)o1,'=',1530.0
CHEMBL1077388,O=S(=O)(Nc1ccncc1Nc1cccc(Cl)c1)C(F)(F)F,'=',270.0
CHEMBL5202840,CC1=NN(c2cccc(Cl)c2)C(=O)/C1=C\c1cn(-c2nc(N3CCOCC3)nc(N3CCOCC3)n2)c2ccccc12,'=',3000000.0
CHEMBL183178,COc1ccc(Oc2c(C)[nH]c3cccc(S(C)(=O)=O)c23)cc1,'=',1600.0
CHEMBL361055,Cc1[nH]c2cc(S(C)(=O)=O)ccc2c1C(=O)c1ccc(F)cc1,'=',660.0
CHEMBL326362,CC(C)(C)c1cc(/C=C2/SC(N)=NC2=O)cc2c1OCC2(C)C,'=',3000.0
CHEMBL1086611,O=C(Nc1ccc(-c2ccc(Cl)cc2)cc1)C1=C(O)c2ccccc2S(=O)(=O)N1,'=',33700.0
CHEMBL108201,COc1ccc(C2=C(c3ccc(S(C)(=O)=O)cc3)CCC2)cc1,'=',5.0
CHEMBL343853,CS(=O)(=O)Nc1cc2c(cc1Cc1ccc(F)cc1F)C(=O)CC2,'>',200.0
CHEMBL224401,CN(c1ccccc1)c1cnccc1NS(=O)(=O)C(F)(F)F,'=',47620.0
CHEMBL224400,O=S(=O)(Nc1ccncc1Nc1ccccc1)C(F)(F)F,'=',90.0
CHEMBL3233602,CN1C(=O)C(c2ccc(Cl)cc2)=C(c2ccc(S(N)(=O)=O)cc2)C1=O,'=',6.0
CHEMBL66552,CC(C(=O)[O-])c1ccc(CC2CCCC2=O)cc1.[Na+],'=',10100.0
CHEMBL2398536,NS(=O)(=O)c1ccc(Cn2cc(-c3ccc(Cl)cc3)nn2)cc1,'=',28000.0
CHEMBL1916955,O=C(NS(=O)(=O)c1ccc(Br)cc1)c1cncc(C(=O)NS(=O)(=O)c2ccc(Br)cc2)c1,'=',2800.0
CHEMBL330516,CC1(C)C(c2ccc(S(C)(=O)=O)cc2)=C(c2ccccc2)/C1=N/O,'=',61.0
CHEMBL157886,Cc1ccc(-n2nc(-c3ccc(Cl)cc3)c3c2CCCCC3)cc1,'=',640.0
CHEMBL2105528,Cc1c(NCc2c(C(C)C)c(=O)n(-c3ccccc3)n2C)c(=O)n(-c2ccccc2)n1C,'=',1000.0
CHEMBL3289103,CC(C)[C@@H]1CC[C@]2(C)[C@H](C(=O)C=C3[C@@H]4[C@@H](C)[C@H](C)CC[C@]4(C)CC[C@]32C)[C@@]1(C)CCC(=O)O,'>',10000.0
CHEMBL3289105,C=C(C)[C@@H]1CC[C@]2(C)CC[C@]3(C)[C@H](CC[C@@H]4[C@@]5(C)CC[C@H](O)[C@](C)(C(=O)O)[C@@H]5CC[C@]43C)[C@@H]12,'>',10000.0
CHEMBL3289106,C=C(C)[C@@H]1CC[C@]2(C)CC[C@]3(C)[C@H](CC[C@@H]4[C@@]5(C)CC[C@H](OC(C)=O)[C@](C)(C(=O)O)[C@@H]5CC[C@]43C)[C@@H]12,'>',10000.0
CHEMBL304810,NS(=O)(=O)c1ccc(-c2coc(=O)n2-c2ccc(C(F)(F)F)cc2)cc1,'=',1999.86
CHEMBL109143,Cc1nc(-c2nc(C(F)(F)F)cn2-c2ccc(S(N)(=O)=O)cc2)cs1,'=',520.0
CHEMBL5290910,C=C1c2nc3ccccc3n2CC(c2ccc(S(C)(=O)=O)cc2)N1c1ccc(C)cc1,'=',70.0
CHEMBL5282220,NS(=O)(=O)c1ccc(N/N=C/c2cn(-c3ccc(S(N)(=O)=O)cc3)nc2-c2ccc(Cl)cc2)cc1,'=',390.0
CHEMBL5272130,N=C1/C(=N\Nc2ccc(S(N)(=O)=O)cc2)C(N)=NN1c1ccc(S(N)(=O)=O)cc1,'=',920.0
CHEMBL357918,CCS(=O)(=O)Nc1cc2c(cc1Sc1ccc(F)cc1F)C(=O)CC2,'>',10000.0
CHEMBL1684150,C=CCOc1cc2oc(C)cc(=O)c2c(O)c1OCC=C,'=',13540.0
CHEMBL1684151,CC(C)=CCOc1cc2oc(C)cc(=O)c2c(O)c1OCC=C(C)C,'=',10350.0
CHEMBL43002,Cc1ccc(-c2ccc(S(C)(=O)=O)cc2)n1-c1ccc(F)cc1,'=',60.0
CHEMBL456807,NNc1ccccc1,'=',1514.0
CHEMBL4561572,O=[N+]([O-])c1ccc(/C=N/Nc2nnc(-c3ccncc3)o2)cc1,'=',41.0
CHEMBL4462267,O=C(Nc1ccccc1)Nc1nnc(-c2ccc(Cl)cc2)o1,'=',290.0
CHEMBL4464158,N#CCC(=O)Nc1nnc(-c2ccc(Cl)cc2)o1,'=',250.0
CHEMBL209408,Cc1cc(=O)c(Oc2ccc(Br)cc2F)c(-c2ccc([S@+](C)[O-])cc2)o1,'=',200.0
CHEMBL491090,Oc1ccc(-c2cnsc2-c2ccc(O)cc2)cc1,'>',50000.0
CHEMBL324923,COc1cc(-c2c(Cl)ncn2-c2ccc(S(C)(=O)=O)cc2)ccc1F,'=',16.0
CHEMBL43366,Cc1c(C#N)cc(-c2ccc(S(C)(=O)=O)cc2)n1-c1ccc(F)cc1,'=',758.58
CHEMBL345620,CCc1ccc(-c2nc(C)oc2-c2ccc(S(C)(=O)=O)cc2)s1,'=',140.0
CHEMBL46576,COCc1cn(-c2ccc(S(C)(=O)=O)cc2)c(-c2ccc(Cl)cc2)n1,'=',3715.35
CHEMBL296307,Cc1ccc(-c2ccc(F)cc2)n1-c1ccc(S(C)(=O)=O)cc1,'>',100000.0
CHEMBL154373,Cc1ccc(NNC(=O)c2ccc(Cl)cc2)cc1,'=',10.0
CHEMBL54326,Cc1ccc(-c2cc(F)c(F)cc2-c2ccc(S(N)(=O)=O)cc2)cc1C,'=',5.012
CHEMBL28664,NS(=O)(=O)c1ccc(-n2nc(C(F)(F)F)cc2-c2ccc([N+](=O)[O-])cc2)cc1,'=',2630.27
CHEMBL435381,COc1ccc(-c2c(Cl)ncn2-c2ccc(S(N)(=O)=O)cc2)cc1F,'=',5.0
CHEMBL297409,CCCCn1c(C)ccc1-c1ccc(S(C)(=O)=O)cc1,'>',100000.0
CHEMBL342799,CCCCCCC[Se]c1ccccc1OC(C)=O,'=',12000.0
CHEMBL115905,CS(=O)(=O)c1ccc(-n2cnc(Cl)c2-c2cc(Br)co2)cc1,'>',1000.0
CHEMBL347720,CS(=O)(=O)c1ccc(-c2cc3c(cc2C=C2CCCCC2)OCO3)cc1,'=',70.0
CHEMBL80047,CS(=O)(=O)c1ccc(C2=C(c3ccc(F)cc3)c3ccccc3C2)cc1,'=',11.0
CHEMBL2023847,Clc1ccc(-c2csc(Nc3ccc4c(c3)OCO4)n2)cc1,'=',840.0
CHEMBL525246,CS(=O)(=O)c1ccc(-c2[nH]c3ccc(F)cc3c2-c2ccccc2)cc1,'=',5.0
CHEMBL95022,N#Cc1nn(-c2ccc(S(N)(=O)=O)cc2)c2c1SCc1cc(F)ccc1-2,'=',139.99
CHEMBL1916970,Cc1ccc(S(=O)(=O)NC(=O)c2cccc(C(=O)NS(=O)(=O)c3ccc(C)cc3)n2)cc1,'=',5600.0
CHEMBL281847,COc1ccc2c(c1)c(CC(=O)N[C@@H](C)CO)c(C)n2C(=O)c1ccc(Cl)cc1,'=',270.0
CHEMBL28801,CCc1ccc(-c2cc(C(F)(F)F)nn2-c2ccc(S(N)(=O)=O)cc2)cc1,'=',860.0
CHEMBL104502,Cc1ccc(-c2cc(C(F)(F)F)nn2-c2ccc(N=[N+]=[N-])cc2)cc1,'=',1550.0
CHEMBL257299,Cc1ccc(CNc2cc(Cl)nc(-c3ccc(S(C)(=O)=O)cc3)n2)cc1,'=',22522676.55
CHEMBL272239,CCS(=O)(=O)c1cc(NCc2ccccc2)nc(-c2ccc(S(C)(=O)=O)cc2)n1,'=',11025543.32
CHEMBL257300,CS(=O)(=O)c1ccc(-c2nc(NCc3ccc(O)cc3)cc(C(F)(F)F)n2)cc1,'=',1574816.66
CHEMBL270730,Cn1cccc1CNc1cc(C(F)(F)F)nc(-c2ccc(S(C)(=O)=O)cc2)n1,'=',34722421.12
CHEMBL442706,NS(=O)(=O)c1ccc(-c2nc(NCc3cc4ccccc4s3)cc(C(F)(F)F)n2)cc1,'=',7122623.69
CHEMBL270517,CCc1c(NCc2cccs2)nc(-c2ccc(S(C)(=O)=O)cc2)nc1C(F)(F)F,'=',120.9
CHEMBL272605,Cc1ccccc1CNc1cc(C(F)(F)F)nc(-c2ccc(S(C)(=O)=O)cc2)n1,'=',5720.0
CHEMBL10042,CS(=O)(=O)c1ccc(-c2cc(Cl)cnc2-c2ccc(CO)nc2)cc1,'>',33000.0
CHEMBL2114342,COc1ccc2c(c1)c(CC(=O)NN1CCC[C@H]1CO)c(C)n2C(=O)c1ccc(Cl)cc1,'=',1800.0
CHEMBL4750539,O=C(/C=C/c1ccc(O)c(O)c1)NNC(=O)COc1cccc2cccnc12,'=',4900.0
CHEMBL346094,CS(=O)(=O)c1ccc(-c2c(-c3ccccc3)sc3ncnn23)cc1,'=',32.0
CHEMBL279801,CCSc1nnc(-c2cc(C(C)(C)C)c(O)c(C(C)(C)C)c2)s1,'=',140.0
CHEMBL5284968,C[C@H](NC(=O)c1nc2c(cnn2-c2ccccc2)c(=O)[nH]1)c1ccccc1,'=',23800.0
CHEMBL4876862,COc1cc(Cc2n[nH]c(=S)n(/N=C/c3cc4cc(C)ccc4nc3O)c2=O)ccc1O,'=',85.0
CHEMBL4862389,Cc1ccc2nc(O)c(/C=N/n3c(=S)[nH]nc(Cc4cccs4)c3=O)cc2c1,'=',110.0
CHEMBL4847404,O=c1c(Cc2ccccc2)n[nH]c(=S)n1/N=C/c1cc2ccccc2nc1O,'=',54.0
CHEMBL2023950,Cc1nc(Nc2ccc(Oc3ccccc3)cc2)sc1C(C)O,'>',5000.0
CHEMBL66856,C=CCn1nc(-c2ccc(S(C)(=O)=O)cc2)c(-c2ccc(F)cc2)c1C(F)(F)F,'=',75.0
CHEMBL4465282,Clc1ccc(/C=N/c2nnc(-c3ccc(Cl)cc3)o2)cc1,'=',59.0
CHEMBL373867,CS(=O)(=O)c1ccc(-n2cnc(Cl)c2-c2ccc(OCC(CO[N+](=O)[O-])O[N+](=O)[O-])c(F)c2)cc1,'=',76000.0
CHEMBL3264693,Clc1ccc(-n2cc(CSc3nc4ccccc4o3)nn2)cc1,'=',1900.0
CHEMBL417748,Cc1ccc(-c2cc(F)c(F)cc2-c2ccc(S(C)(=O)=O)cc2)cc1Cl,'=',12.88
CHEMBL44367,CS(=O)(=O)c1ccc(-n2cccc2-c2ccc(F)cc2)cc1Cl,'>',100000.0
CHEMBL373819,CS(=O)(=O)c1ccc(-n2cnc(Cl)c2-c2ccc(OCCCO[N+](=O)[O-])c(F)c2)cc1,'=',14000.0
CHEMBL219885,CS(=O)(=O)c1ccc(-n2cnc(Cl)c2-c2ccc(OCCCO)c(F)c2)cc1,'>',100000.0
CHEMBL149335,CCOC(=O)CNC(=O)c1ccccc1Nc1c(Cl)ccc(C)c1Cl,'=',4000.0
CHEMBL330976,CS(=O)(=O)c1ccc(-c2nn3cccnc3c2-c2ccc(F)cc2)cc1,'=',4201.0
CHEMBL358609,Cc1cn2c(-c3ccc(S(C)(=O)=O)cc3)c(-c3ccccc3)nc2s1,'=',12.0
CHEMBL3289929,CCOC(OCC)c1ccc(/C=C/C(=O)/C=C/c2ccc(C(OCC)OCC)cc2)cc1,'=',31450.0
CHEMBL3289932,CCOC(OCC)c1ccc(/C=C2\CCc3ccccc3C2=O)cc1,'>',100000.0
CHEMBL443278,CC[C@]1(C)OC(=O)C(OC(C)C)=C1c1ccc(S(C)(=O)=O)cc1,'=',400.0
CHEMBL319148,COc1ccc2c(c1)c(CC(=O)Nc1cccnc1Cl)c(C)n2C(=O)c1ccc(Cl)cc1,'=',50.0
CHEMBL3359451,COc1ccc2cc([C@H](C)C(=O)NCCc3c[nH]c4ccc(O)cc34)ccc2c1,'=',18000.0
CHEMBL3322394,CS(=O)(=O)c1ccc(N2CCN=C2c2ccc(F)cc2)cc1,'>',10000.0
CHEMBL3322395,CC1CN(c2ccc(S(C)(=O)=O)cc2)C(c2ccc(F)cc2)=N1,'>',10000.0
CHEMBL237592,CCOC(=O)Cc1cc(-c2ccc(S(C)(=O)=O)cc2)n(-c2cccc(F)c2)c1C,'=',2100.0
CHEMBL3735534,CS(=O)(=O)c1ccc(C2=NN(c3ccc(S(N)(=O)=O)cc3)C(c3ccccc3)C2)cc1,'=',1620.0
CHEMBL323732,CS(=O)(=O)c1ccc(C2=C(c3ccc(C(F)(F)F)c(F)c3)CCC2)cc1,'=',760.0
CHEMBL285975,COC(=O)c1cc2cc(S(C)(=O)=O)ccc2n1Cc1ccc(Cl)cc1,'=',650.0
CHEMBL325894,CS(=O)(=O)c1ccc(-n2cnc(Cl)c2-c2ccc3c(c2)CCO3)cc1,'=',9.0
CHEMBL358309,CC(=O)Oc1ccccc1SCCCCCBr,'=',9500.0
CHEMBL54746,CS(=O)(=O)c1ccc(-c2cc(F)c(F)cc2-c2ccc3c(c2)OCCO3)cc1,'=',338.84
CHEMBL28491,COC(=O)c1nn(-c2ccc(S(N)(=O)=O)cc2)c(-c2ccc(Cl)cc2)c1Cl,'=',158.49
CHEMBL144913,CSc1ccccc1OC(=O)C(F)(F)F,'=',260000.0
CHEMBL116199,Cc1nc(Cl)c(-c2ccc(F)cc2)n1-c1ccc(S(C)(=O)=O)cc1,'>',10000.0
CHEMBL100250,CS(=O)(=O)c1ccc(-c2ccsc2-c2ccccc2)cc1,'=',4000.0
CHEMBL2158357,CC(Oc1cc(=O)oc2ccccc12)C(=O)NCc1ccccc1,'=',13190.0
CHEMBL2158366,CC(Oc1cc(=O)oc2ccccc12)C(=O)NC12CC3CC(C)(CC(C)(C3)C1)C2,'=',8430.0
CHEMBL18148,CC(C)S(=O)(=O)c1c(O)n(Cc2ccc(F)cc2)c(=O)c2ccccc12,'=',90.0
CHEMBL3425987,CC(=O)NCCc1ccc2c(c1)O[C@H](c1ccc(O)c(O)c1)[C@@H](NC(C)=O)O2,'=',3600.0
CHEMBL1089959,O=C(O)Cc1ccn(C(F)F)c(=O)c1,'=',12900.0
CHEMBL229139,C1=C(c2ccc3c(c2)OCO3)Cc2ccccc21,'>',100000.0
CHEMBL525020,CS(=O)(=O)c1ccc(-c2[nH]c3ccc(Cl)cc3c2-c2ccccc2Cl)cc1,'=',10.0
CHEMBL502556,Cc1ccc(-c2c(-c3ccc(S(N)(=O)=O)cc3)[nH]c3ccccc23)cc1C,'=',1.459
CHEMBL144414,CC(=O)Oc1ccccc1SCCCCC#N,'>',50000.0
CHEMBL1092135,O=C(O)Cc1ccc(=O)n(C(F)F)c1,'=',1300.0
CHEMBL96110,COc1cc2c(cc1F)-c1c(c(C(F)(F)F)nn1-c1ccc(S(C)(=O)=O)cc1)SC2,'=',75.0
CHEMBL94274,COc1cc2c(cc1F)-c1c(c(C(F)(F)F)nn1-c1ccc(S(N)(=O)=O)cc1)[S+]([O-])C2,'=',1500.0
CHEMBL1210072,CO/N=[N+](/[O-])c1ccc(-c2cc(C(F)(F)F)nn2-c2ccc(S(N)(=O)=O)cc2)cc1,'=',3900.0
CHEMBL29469,NS(=O)(=O)c1ccc(-n2nc(C(F)(F)F)cc2-c2ccc3c(c2)CCCS3)cc1,'=',229.09
CHEMBL420869,CCN(CC)c1ccc(-c2c(Cl)ncn2-c2ccc(S(C)(=O)=O)cc2)cc1,'=',80.0
CHEMBL388606,COc1c(O)c(C)c(OC)c2c1CCc1c(O)cccc1O2,'=',6900.0
CHEMBL3425988,CC(=O)N[C@H]1Oc2cc(CCO)ccc2O[C@@H]1c1ccc(O)c(O)c1,'=',1300.0
CHEMBL261485,Nc1cccc(NC(=O)c2ccccc2C(F)(F)F)c1,'>',100000.0
CHEMBL409023,Nc1ccc(NC(=O)c2ccc(C(F)(F)F)cc2)nc1,'=',210000.0
CHEMBL4788569,COc1ccc(-c2noc(CC(=O)NCCCCCCNC(=O)Cc3onc(-c4ccc(OC)cc4)c3-c3ccc(OC)cc3)c2-c2ccc(OC)cc2)cc1,'>',50000.0
CHEMBL300600,NS(=O)(=O)c1ccc(-c2cc(F)c(F)cc2-c2ccc3c(c2)OCO3)cc1,'=',3.981
CHEMBL155436,CS(=O)(=O)c1ccc(NNC(=O)c2ccccc2)cc1,'>',10000.0
CHEMBL148153,CS(=O)(=O)Nc1cc2c(cc1Sc1ccc(Cl)cc1Cl)C(=O)CC2,'=',10.0
CHEMBL4793035,Brc1ccc(OCCOc2nc3ccccc3s2)c(Br)c1,'=',360.0
CHEMBL4792565,COC(=O)CC1N(C(=O)Nc2nc3ccccc3s2)C(=O)c2ccccc2S1(=O)=O,'=',167300.0
CHEMBL4763976,COC(=O)CC1N(C(=O)Nc2ccccn2)C(=O)c2ccccc2S1(=O)=O,'=',217100.0
CHEMBL106151,COc1ccc(-c2nc(C(F)(F)F)cn2-c2ccc(S(C)(=O)=O)cc2)cn1,'=',1200.0
CHEMBL88550,COc1ccc(C2=C(c3ccc(S(C)(=O)=O)cc3)CC3(CC3)C2)cc1F,'=',10.0
CHEMBL328521,CC1(C)C(c2ccc(S(C)(=O)=O)cc2)=C(c2ccccc2)C1O,'=',530.0
CHEMBL325492,CS(=O)(=O)c1ccc(-n2cncc2-c2ccc(F)cc2)cc1,'>',10000.0
CHEMBL2160140,Cc1ccc(C2=NN(C3=NC(=O)CS3)C(c3ccccc3Cl)C2)cc1C,'=',7200.0
CHEMBL2171275,CC(C(=O)NCCO)c1ccc2c(c1)[nH]c1ccc(Cl)cc12,'>',100000.0
CHEMBL357163,CC(C)(C)c1ccc(Sc2cc3c(cc2NS(C)(=O)=O)CCC3=O)cc1,'>',10000.0
CHEMBL43461,CCc1csc(Sc2cc3c(cc2NS(C)(=O)=O)COC3=O)n1,'=',1000.0
CHEMBL2380877,COC(=O)c1c(-c2ccc(Cl)o2)noc1-c1ccccc1,'>',100000.0
CHEMBL2380869,COC(=O)c1onc(-c2ccc(Cl)o2)c1-c1ccccc1,'>',100000.0
CHEMBL29456,COc1c(F)cc(-c2cc(C(F)F)nn2-c2ccc(S(N)(=O)=O)cc2)cc1F,'=',350.0
CHEMBL1957884,Cc1ccc(/N=C/c2cn(C(=O)c3ccccc3)c3ccccc23)cc1,'=',12400.0
CHEMBL1917100,COc1ccc(S2=NS(=O)(=O)c3cc([N+](=O)[O-])ccc32)cc1,'=',880.0
CHEMBL1916952,O=C(NS(=O)(=O)c1ccccc1)c1cncc(C(=O)NS(=O)(=O)c2ccccc2)c1,'=',7900.0
CHEMBL1916954,O=C(NS(=O)(=O)c1ccc(Cl)cc1)c1cncc(C(=O)NS(=O)(=O)c2ccc(Cl)cc2)c1,'=',3400.0
CHEMBL1950018,COc1ccc2[nH]c(C(=O)c3cc(C)ccn3)c(CC(=O)O)c2c1,'=',128.0
CHEMBL1950010,COc1ccc2c(CC(=O)O)c(C(=O)c3cc(C)ccn3)[nH]c2c1,'=',1900.0
CHEMBL1917103,O=[N+]([O-])c1ccc2c(c1)S(=O)(=O)N=S2c1ccc(C(F)(F)F)cc1,'=',2990.0
CHEMBL1242095,CC(=O)c1c(O)cc(O)c(C/C=C(\C)CCC=C(C)C)c1O,'=',400.0
CHEMBL1916953,O=C(NS(=O)(=O)c1ccc(F)cc1)c1cncc(C(=O)NS(=O)(=O)c2ccc(F)cc2)c1,'=',5600.0
CHEMBL14420,CC(C)(Cl)CC(=O)c1cc(C(C)(C)C)c2c(c1)C(C)(C)CO2,'=',100.0
CHEMBL92233,Cc1ccncc1-c1ncc(Cl)cc1-c1ccc(S(C)(=O)=O)cc1,'=',830.0
CHEMBL277519,CC1(O)OC(=O)C(c2cc3ccccc3s2)=C1c1ccc(S(C)(=O)=O)cc1,'=',3200.0
CHEMBL212527,Cc1cc(=O)c(Oc2ccc(F)cc2F)c(-c2ccc([S@@+](C)[O-])cc2)o1,'=',2100.0
CHEMBL280573,Cc1cnn(-c2ccc(S(N)(=O)=O)cc2)c1-c1ccccc1,'=',47100.0
CHEMBL472721,CS(=O)(=O)c1ccc(-c2c(-c3ccccc3)ssc2=S)cc1,'>',50000.0
CHEMBL220113,NS(=O)(=O)c1ccc(-n2cnc(Cl)c2-c2ccc(OCCO)c(F)c2)cc1,'=',20000.0
CHEMBL71372,Cc1oc(=O)n(-c2ccc(F)cc2)c1-c1ccc(S(N)(=O)=O)cc1,'=',510.0
CHEMBL2115305,COc1ccc2c(c1)c(CC(=O)NN1CCC[C@@H]1CO)c(C)n2C(=O)c1ccc(Cl)cc1,'=',1700.0
CHEMBL4532831,Cc1ccc2[nH]cc(CCNC(=O)c3ccccc3O)c2c1,'>',40000.0
CHEMBL5174327,COc1ccc2ccn(C)c2c1C(=O)OCC(F)(F)F,'>',380000.0
CHEMBL3309822,O=S(=O)(c1ccccc1)N1N=C(C(F)(F)F)CC1c1ccc2ccccc2c1,'=',173600.0
CHEMBL3289933,CCOC(OCC)c1ccc(/C=C/C(=O)C2CCc3ccccc3C2=O)cc1,'=',13320.0
CHEMBL1939680,Cc1c(CC(=O)OCCO)cc(-c2ccc(S(C)(=O)=O)cc2)n1-c1cccc(F)c1,'=',1700.0
CHEMBL3309827,Cc1ccc(S(=O)(=O)N2N=C(C(F)(F)F)CC2c2cccc3ccccc23)cc1,'=',89070.0
CHEMBL388628,CS(=O)(=O)Nc1ccncc1Oc1ccccc1Cl,'=',130.0
CHEMBL224693,O=S(=O)(Nc1ccncc1Oc1cccc(Cl)c1)C(F)(F)F,'>',100000.0
CHEMBL225236,O=S(=O)(Nc1ccncc1Oc1cc(Cl)cc(Cl)c1)C(F)(F)F,'>',100000.0
CHEMBL224781,O=S(=O)(Nc1ccncc1[S+]([O-])c1ccccc1)C(F)(F)F,'>',100000.0
CHEMBL225092,COc1ccc(Oc2cnccc2NS(=O)(=O)C(F)(F)F)cc1,'=',440.0
CHEMBL224624,COc1ccc(Oc2cnccc2NS(C)(=O)=O)cc1,'=',2360.0
CHEMBL3734866,COc1cccc(C2CC(c3ccc(S(C)(=O)=O)cc3)=NN2c2ccc(C(=O)O)cc2)c1,'=',4710.0
CHEMBL1939434,O=C(O)/C=C/C12C=C(O)C(=O)C=C1C(=O)C1=Cc3cc(O)c(O)cc3O[C@@H](c3ccc(O)c(O)c3)[C@@H]12,'=',9800.0
CHEMBL186764,COc1cc(OC)c(-c2noc(C)c2-c2ccccc2)c(OC)c1,'>',100000.0
CHEMBL3342568,Cc1cc2c(c(C)c1Br)C=C(C(=O)O)C(C(F)(F)F)O2,'=',190.0
CHEMBL3736140,COc1ccc(C2CC(c3ccc(S(C)(=O)=O)cc3)=NN2c2ccc(S(N)(=O)=O)cc2)cc1,'=',2110.0
CHEMBL232615,C[C@@]1(CO)C=Cc2cc(O)ccc2O1,'=',630.0
CHEMBL3425985,CO[C@]1(c2ccc(O)c(O)c2)Oc2cc(CCO)ccc2O[C@H]1O,'=',9700.0
CHEMBL261520,Nc1ccc(C(=O)Nc2cccc(C(F)(F)F)c2)cc1,'>',100000.0
CHEMBL408808,Nc1ccc(NC(=O)c2ccccc2C(F)(F)F)cc1,'>',100000.0
CHEMBL264163,Nc1ccccc1C(=O)Nc1ccccc1C(F)(F)F,'>',100000.0
CHEMBL3775392,CC(C(=O)O)c1ccc(-c2cccc(OC(=O)NCc3ccccc3)c2)c(F)c1,'>',100000.0
CHEMBL3775979,CCCCCCCNC(=O)Oc1cccc(-c2ccc(C(C)C(=O)O)cc2F)c1,'=',320.0
CHEMBL3775280,CCCCCCNC(=O)Oc1cccc(-c2ccc(C(C)CO)cc2F)c1,'>',100000.0
CHEMBL3774393,CCCCCCNC(=O)Oc1cccc(-c2ccc(C)cc2F)c1,'>',100000.0
CHEMBL381680,CC1([O-])OC(=O)C(c2ccc(Cl)cc2)=C1c1ccc(S(C)(=O)=O)cc1.[Na+],'=',1700.0
CHEMBL507398,NS(=O)(=O)c1ccc(-n2nc(C(F)(F)F)cc2-c2ccnc(Cl)c2)cc1,'=',730.0
CHEMBL460216,CC(Sc1nc2ccccc2c(=O)n1N)C(=O)O,'=',5800.0
CHEMBL127125,Cc1cc(=O)c(Oc2ccccc2)c(-c2ccc(S(C)(=O)=O)cc2)o1,'=',1000.0
CHEMBL1956387,NS(=O)(=O)c1ccc(-n2nnnc2-c2ccc([N+](=O)[O-])cc2)cc1,'>',100000.0
CHEMBL2315327,CCN(CC)c1ccc2c(c1)Oc1cc(N(CC)CC)ccc1C21c2ccccc2C(=O)N1CCNS(=O)(=O)c1ccc(-n2nc(C(F)(F)F)cc2-c2ccc(C)cc2)cc1,'=',3900.0
CHEMBL2315325,CN(C)c1cccc2c(S(=O)(=O)NCCNS(=O)(=O)c3ccc(C4=C(c5ccc(Cl)cc5)C(=O)OC4)cc3)cccc12,'=',7200.0
CHEMBL2333738,COc1ccc(/C=C/c2cc(OC)cc(OC)c2/C=C/C(=O)N2CCOCC2)cc1,'=',1880.0
CHEMBL4173650,COc1ccc(NC(=S)NNC(=O)Nc2ccc(S(C)(=O)=O)cc2)cc1,'=',7150.0
CHEMBL463125,CC(C)=CCc1c(O)ccc2cc(-c3cc(O)cc(O)c3)oc12,'=',31800.0
CHEMBL497716,C/C(=C/Cc1c(O)ccc(C(=O)/C=C/c2ccc(O)cc2)c1O)COC(=O)/C=C/c1ccc(O)cc1,'=',38400.0
CHEMBL1814710,CC(C(=O)[O-])c1ccc(CC2CCCC2=O)c(Br)c1.[Na+],'=',23000.0
CHEMBL1814712,CC(C(=O)[O-])c1ccc(CC2CCCC2=O)c(-c2ccccc2)c1.[Na+],'=',290000.0
CHEMBL1814721,Cc1ccc(-c2cc(CC3CCCC3=O)ccc2C(C)C(=O)[O-])cc1.[Na+],'=',540000.0
CHEMBL1814723,CSc1ccc(-c2cc(CC3CCCC3=O)ccc2C(C)C(=O)[O-])cc1.[Na+],'=',150000.0
CHEMBL3747612,NS(=O)(=O)c1ccc(N2N=C(C(=O)O)CC2c2ccco2)cc1,'=',3560.0
CHEMBL1922660,CCOc1ccc(-c2ccc(Cn3c(CC(C)(C)C(=O)O)c(SC(C)(C)C)c4cc(OCc5ccc(C)cn5)ccc43)cc2)cn1,'>',100000.0
CHEMBL3810167,CC(C)C[C@H](NC(=O)[C@H](Cc1ccccc1)NC(=O)CNC(=O)CNC(=O)OCc1ccccc1)C(=O)O,'=',500.0
CHEMBL3808774,COC(=O)[C@H](CC(C)C)NC(=O)CNC(=O)[C@@H](NC(=O)OCc1ccccc1)C(C)C,'=',56000.0
CHEMBL3127307,COc1c(-c2cc(C(F)(F)F)nn2-c2ccc(S(N)(=O)=O)cc2)c(O)cc2occc12,'=',7000.0
CHEMBL5266680,CCOc1cc(C)nn1C(=O)CNc1ncnc2c1c(C)nn2-c1ccccc1,'=',160.0
CHEMBL5276691,Cc1c(-c2ccccc2)n(C(=O)c2ccccc2)c2ccc(S(C)(=O)=O)cc12,'=',7980.0
CHEMBL480462,Oc1ccc([C@@H]2c3c(O)cc(O)cc3[C@H]3[C@H](c4ccc(O)cc4)c4c(O)cc(O)cc4[C@@H]23)cc1,'=',80000.0
CHEMBL2159924,Cc1ccc(C2=NN(C3=NC(=O)CS3)C(c3ccc(Br)cc3)C2)cc1C,'=',1800.0
CHEMBL2160150,Cc1ccccc1C1CC(c2ccc(Cl)c(Cl)c2)=NN1C1=NC(=O)CS1,'=',16300.0
CHEMBL513405,Cc1ccc(-c2cn[se]c2-c2ccc(Cl)cc2)cc1,'=',0.0
CHEMBL4530072,O=C1NC(=S)S/C1=C\c1ccc(OCc2cn(-c3ccc(Cl)cc3)nn2)cc1,'=',190.0
CHEMBL4439919,O=C1NC(=O)/C(=C/c2ccc(OCc3cn(-c4ccccc4)nn3)cc2)S1,'=',380.0
CHEMBL5201530,CC(C)Cc1ccc(C([11CH3])C(=O)O)cc1,'=',7200.0
CHEMBL5206077,COc1ccc(-n2nc(OCC(F)(F)F)nc2-c2ccc(O[11CH3])cc2)cc1,'=',1000.0
CHEMBL5203505,Cc1ccc(-n2nc(C(F)(F)F)cc2-c2ccc(S(=O)(=O)Nc3ccc([18F])cc3)cc2)cc1,'=',360.0
CHEMBL5208551,NS(=O)(=O)c1ccc(-n2nc(C(F)(F)F)c([18F])c2-c2ccccc2)cc1,'=',1.7
CHEMBL1916957,O=C(NS(=O)(=O)c1ccc(F)cc1)c1ccncc1,'=',12100.0
CHEMBL5178995,[11CH3]Oc1ccc(-c2cnc(Cl)n2-c2ccc(S(N)(=O)=O)cc2)cc1F,'=',4.0
CHEMBL408619,NS(=O)(=O)c1ccc(/N=C/c2ccccc2)cc1,'=',2870.0
CHEMBL463624,CS(=O)(=O)c1ccc(-n2nc(C(F)(F)F)cc2-c2ccn(C(F)F)c(=O)c2)cc1,'=',1820.0
CHEMBL4878265,O=C(NCCc1c[nH]c2ccccc12)c1ccccc1Nc1ccccc1Cl,'>',40000.0
CHEMBL1171452,C[C@@H]1O[C@@H](O[C@H]2[C@H](O)[C@@H](O)[C@H](OC[C@H]3O[C@@H](OC(=O)[C@]45CCC(C)(C)C[C@H]4C4=CC[C@@H]6[C@@]7(C)CC[C@H](O[C@@H]8OC[C@H](O)[C@H](O)[C@H]8O[C@@H]8O[C@@H](C)[C@H](O)[C@@H](O[C@@H]9OC[C@@H](O[C@@H]%10O[C@H](CO)[C@@H](O)[C@H](O)[C@H]%10O)[C@@H](O)[C@H]9O)[C@H]8O)C(C)(C)[C@@H]7CC[C@@]6(C)[C@]4(C)CC5)[C@H](O)[C@@H](O)[C@@H]3O)O[C@@H]2CO)[C@H](O)[C@H](O)[C@H]1O,'>',50000.0
CHEMBL1171254,COc1ccc(/C=C/C(=O)OC[C@H]2O[C@@H](O[C@H]3[C@H](O)[C@@H](O)[C@H](O[C@@H]4CO[C@@H](O[C@@H]5[C@@H](O)[C@H](C)O[C@@H](O[C@H]6[C@H](O[C@H]7CC[C@@]8(C)[C@@H](CC[C@]9(C)[C@@H]8CC=C8[C@@H]%10CC(C)(C)CC[C@]%10(C(=O)O[C@@H]%10O[C@H](CO[C@@H]%11O[C@H](CO)[C@@H](O[C@@H]%12O[C@@H](C)[C@H](O)[C@@H](O)[C@H]%12O)[C@H](O)[C@H]%11O)[C@@H](O)[C@H](O)[C@H]%10O)CC[C@]89C)[C@]7(C)CO)OC[C@@H](O)[C@@H]6O)[C@@H]5O)[C@H](O)[C@@H]4O)O[C@@H]3CO)[C@H](O)[C@@H](O)[C@@H]2O)cc1O,'=',7900.0
CHEMBL1333512,c1ccc(Nc2ccc(Nc3ccccc3)cc2)cc1,'=',580.0
CHEMBL1957569,O=C(N[C@@H](Cc1c[nH]c2ccccc12)C(=O)N[C@@H](CS)C(=O)N[C@@H](CO)C(=O)O)c1ccc(F)cc1,'=',85000.0
CHEMBL320790,CS(=O)(=O)c1ccc(-n2cc(C(F)(F)F)nc2-c2cccc3c2OCO3)cc1,'=',470.0
CHEMBL324093,CS(=O)(=O)c1ccc(-c2cnc(Br)n2-c2ccc(F)cc2)cc1,'=',48.0
CHEMBL144281,CSc1ccccc1OC(=O)CCl,'=',360000.0
CHEMBL279552,CS(=O)(=O)c1ccc(-c2sc(-c3ccccc3Cl)nc2-c2ccccc2F)cc1,'=',10.0
CHEMBL155887,COc1ccc(-c2nn(-c3ccccc3)c3c2CCCCC3)cc1,'=',1240.0
CHEMBL119002,CS(=O)(=O)c1ccc(-c2cnc(CO)n2-c2ccc(F)cc2)cc1,'>',10000.0
CHEMBL2283148,CC/C(=C(\c1ccccc1)c1ccc(N=[N+]=[N-])cc1)c1ccccc1,'=',280.0
CHEMBL2283180,CCCCCC/C(=C(\c1ccccc1)c1ccc(N=[N+]=[N-])cc1)c1ccccc1,'=',110.0
CHEMBL228120,Oc1cc(O)cc(CCc2ccccc2)c1,'>',46700.0
CHEMBL1684136,COc1cc2oc(C)cc(=O)c2c(O)c1OC,'=',19700.0
CHEMBL2171244,CC(C(=O)O)c1ccc2c3cc(Cl)ccc3n(C(=O)c3ccccc3Cl)c2c1,'>',100000.0
CHEMBL1667876,Nc1ccc(-c2cc(Cl)cc3c2OC(C(F)(F)F)C(C(=O)O)=C3)cc1,'=',1820.0
CHEMBL44142,CSc1ccc(C2=C3c4cc(C)ccc4CCC3OC2=O)cc1,'=',971.0
CHEMBL1689435,CCS(=O)(=O)NO,'>',100000.0
CHEMBL432260,COc1ccc2c(c1)c(CC(=O)N[C@@H](CO)CCSC)c(C)n2C(=O)c1ccc(Cl)cc1,'=',250.0
CHEMBL24288,COC[C@H](C)NC(=O)Cc1c(C)n(C(=O)c2ccc(Cl)cc2)c2ccc(OC)cc12,'=',240.0
CHEMBL2160146,Cc1ccc(C2CC(c3ccc(Cl)c(Cl)c3)=NN2C2=NC(=O)CS2)cc1,'=',4700.0
CHEMBL1916949,O=C(NS(=O)(=O)c1ccc(Cl)cc1)c1cccnc1,'=',6600.0
CHEMBL4588699,O=C(O[C@@H]1[C@@H](c2c(O)cc(O)c3c2O[C@H](c2cc(O)c(O)c(O)c2)[C@H](OC(=O)c2cc(O)c(O)c(O)c2)C3)c2c(O)cc(O)c([C@H]3c4c(O)cc(O)cc4O[C@H](c4cc(O)c(O)c(O)c4)[C@@H]3OC(=O)c3cc(O)c(O)c(O)c3)c2O[C@@H]1c1cc(O)c(O)c(O)c1)c1cc(O)c(O)c(O)c1,'=',4500.0
CHEMBL3747777,COc1ccc(C2CC(c3cccs3)=NN2c2ccc(S(N)(=O)=O)cc2)cc1,'=',4330.0
CHEMBL3739528,C#Cc1cccc(Nc2ncnc3cc(OCCOC(=O)C(C)c4ccc(CC(C)C)cc4)c(OCCOC(=O)C(C)c4ccc(CC(C)C)cc4)cc23)c1,'>',10000.0
CHEMBL3741304,C#Cc1cccc(Nc2ncnc3cc(OCCOC(=O)c4ccc(C(=O)Nc5ccc6c(c5)C(C)(C)CCC6(C)C)cc4)c(OCCOC)cc23)c1,'>',10000.0
CHEMBL1814726,CC(C(=O)[O-])c1ccc(CC2CCCC2=O)cc1-c1ccc(O)cc1.[Na+],'=',11000.0
CHEMBL1939438,O=C1O[C@@H](c2ccc(O)c(O)c2)[C@H](C(=O)O)/C1=C\c1ccc(O)c(O)c1,'=',42600.0
CHEMBL3322414,NS(=O)(=O)c1ccc(N2CCN=C2c2cccc(F)c2)cc1,'=',7200.0
CHEMBL3236777,CNC(=O)c1nc(-c2cc(OC)c(OC)c(OC)c2)n(-c2ccc(OC)cc2)n1,'=',68200.0
CHEMBL3233598,NS(=O)(=O)c1ccc(C2=C(c3ccc(Cl)cc3)C(=O)NC2=O)cc1,'=',26000.0
CHEMBL18254,CC1(O)OC(=O)C(c2ccc(Cl)cc2Cl)=C1c1ccc(S(C)(=O)=O)cc1,'=',7500.0
CHEMBL408788,CCSc1cc(NCc2ccccc2)nc(-c2ccc(S(C)(=O)=O)cc2)n1,'=',24.1
CHEMBL259469,CS(=O)(=O)c1ccc(-c2nc(NCc3ccc(C(F)(F)F)cc3)cc(C(F)(F)F)n2)cc1,'=',1920.0
CHEMBL369699,CS(=O)(=O)c1ccc(-c2ncccc2-c2ccccc2)cc1,'>',300000.0
CHEMBL47638,CS(=O)(=O)Nc1ccc(-c2cc(C(F)(F)F)nn2-c2ccc(Cl)cc2)cc1,'=',30.0
CHEMBL422075,CC(C)(C)c1cc(C(=N)N2CCCC2)cc2c1OCC2(C)C,'>',100000.0
CHEMBL102223,[N-]=[N+]=Nc1ccc(C2=C(c3ccccc3)C(=O)OC2)cc1,'=',196.0
CHEMBL4591257,O=C(/C=C/C1=Cc2c(ccc3ccccc23)OC1)c1ccccc1F,'=',310.0
CHEMBL743,NS(=O)(=O)c1ccc(-n2nc(C(F)(F)F)cc2-c2ccc(C(=O)O)cc2)cc1,'=',11200.0
CHEMBL1288468,Cc1ccc2c(c1)C=C(C(=O)O)C(C(F)(F)F)O2,'>',10000.0
CHEMBL286282,COc1ccc2c(c1)c(CC(=O)NC[C@H](O)c1ccccc1)c(C)n2C(=O)c1ccc(Cl)cc1,'=',210.0
CHEMBL3355611,[2H]C([2H])([2H])c1cc2c(c(C([2H])([2H])[2H])c1Cl)C=C(C(=O)O)[C@@H](C(F)(F)F)O2,'=',16.0
CHEMBL3309957,O=C1/C(=C/c2ccc(N3CCCC3)cc2)CN(Cc2ccccc2)C/C1=C\c1ccc(N2CCCC2)cc1,'=',57220.0
CHEMBL3289924,CCOC(OCC)c1ccc(/C=C2\CCC/C(=C\c3ccc(C(OCC)OCC)cc3)C2=O)cc1,'=',17410.0
CHEMBL285831,NS(=O)(=O)c1ccc(-n2nc(C(F)(F)F)cc2-c2ccc(C(F)(F)F)cc2)cc1,'=',8230.0
CHEMBL3355605,[2H]C([2H])([2H])c1ccc2c(c1)C=C(C(=O)O)C(C(F)(F)F)O2,'>',10000.0
CHEMBL2333736,COc1ccc(/C=C/c2cc(OC)cc(OC)c2/C=C/C(=O)N2CCC(c3ccccc3)CC2)cc1,'=',8570.0
CHEMBL129299,Cc1cc(=O)c(Oc2ccc(C(=O)O)cc2)c(-c2ccc(S(C)(=O)=O)cc2)o1,'=',10000.0
CHEMBL2087939,NS(=O)(=O)c1ccc(NN2C(=O)CSC2c2ccc(C(F)(F)F)cc2)cc1,'=',51800.0
CHEMBL2087944,CS(=O)(=O)c1ccc(NN2C(=O)CSC2c2ccc(C(F)(F)F)cc2)cc1,'=',37800.0
CHEMBL3978955,CC(=O)NC1=NN(C(C)=O)C(c2cn(-c3ccccc3)nc2-c2ccc(O)cc2)S1,'=',14000.0
CHEMBL73997,CC1(C)OC(=O)C(OC2CC2)=C1c1ccc(S(C)(=O)=O)cc1,'=',5200.0
CHEMBL2018569,CCNc1nnc(Cn2nc(Cc3ccc(OC)cc3)c3onc(C)c3c2=O)s1,'>',100000.0
CHEMBL94939,CS(=O)(=O)c1ccc(-c2cc(Cl)cnc2-c2ccccn2)cc1,'=',5800.0
CHEMBL51434,CS(=O)(=O)c1ccc(C2=C(c3ccc(F)cc3)C(=O)OC2)cc1,'=',600.0
CHEMBL491477,Cc1ccc(-c2c(-c3ccc(S(C)(=O)=O)cc3)ssc2=S)cc1,'=',9000.0
CHEMBL475347,CS(=O)(=O)c1ccc(-c2ssc(=O)c2-c2ccccc2)cc1,'=',1100.0
CHEMBL174009,CS(=O)(=O)c1ccc(-c2c(-c3ccc(F)cc3)csc2CC(=O)O)cc1,'>',10000.0
CHEMBL356093,CC(=O)Oc1ccccc1SC1CCCCC1,'>',40000.0
CHEMBL347187,COc1ccc(NNC(=O)c2ccc(Cl)cc2)cc1,'=',130.0
CHEMBL321898,CS(=O)(=O)c1ccc(-n2cc(C(F)(F)F)nc2-c2ccsc2)cc1,'=',51000.0
CHEMBL3775954,CC(C(=O)O)c1ccc(-c2cccc(OC(=O)NC3CCC3)c2)c(F)c1,'>',100000.0
CHEMBL3774754,CC(C(=O)O)c1ccc(-c2cccc(OC(=O)Nc3ccccc3)c2)c(F)c1,'=',2700.0
CHEMBL3774805,CC(C(=O)O)c1ccc(-c2cccc(OC(=O)NCCCCc3ccccc3)c2)c(F)c1,'>',100000.0
CHEMBL424063,NS(=O)(=O)c1ccc(C2=C(c3ccc4c(c3)OCO4)CCC2)cc1,'=',1.995
CHEMBL43317,COc1c(F)cc(-c2nc(C(F)(F)F)cn2-c2ccc(S(N)(=O)=O)cc2)cc1F,'=',30.2
CHEMBL326270,NS(=O)(=O)c1ccc(-n2cnc(Cl)c2-c2ccc(F)cc2)cc1,'=',18.0
CHEMBL417170,Cc1cc(F)cc(-c2nc(C(F)(F)F)cn2-c2ccc(S(N)(=O)=O)cc2)c1,'=',30.2
CHEMBL324042,Cc1nc(Cl)n(-c2ccc(F)cc2)c1-c1ccc(S(C)(=O)=O)cc1,'>',10000.0
CHEMBL280496,CS(=O)(=O)c1ccc(-c2nc(-c3ccccc3)sc2-c2ccc(F)cc2)cc1,'=',540.0
CHEMBL1917097,CCc1ccc(S2=NS(=O)(=O)c3cc([N+](=O)[O-])ccc32)cc1,'=',1700.0
CHEMBL1917098,CC(C)c1ccc(S2=NS(=O)(=O)c3cc([N+](=O)[O-])ccc32)cc1,'=',730.0
CHEMBL98311,CS(=O)(=O)c1ccc(-c2cc(S(C)(=O)=O)sc2-c2ccc(F)cc2)cc1,'=',200000.0
CHEMBL3104551,Cc1c(C(N)C(=O)NCCO)cc(-c2ccc(S(C)(=O)=O)cc2)n1-c1cccc(F)c1,'=',13700.0
CHEMBL1775104,Brc1ccc(Oc2ccc(OCCN3CCCC3)cc2)cc1,'>',100000.0
CHEMBL1957882,FC(F)(F)c1ccc(/N=C/c2cn(Cc3ccccc3)c3ccccc23)cc1,'=',840.0
CHEMBL1917087,NS(=O)(=O)c1cc2c(cc1Cl)S(c1ccc(Br)cc1)=NS2(=O)=O,'=',2300.0
CHEMBL5278033,Cc1sc(/C=C2\CN(C)CC3C2=NN(c2ccccc2)C3c2cc(F)c(C)s2)cc1F,'=',2.0
CHEMBL5270094,O=C(c1cccs1)c1sc(N(c2ccccc2)c2ccccc2)nc1-c1ccccc1,'=',90.0
CHEMBL5266132,CCOP(=O)(OCC)C(NC(=O)c1cc(-c2ccsc2)n(-c2ccc(S(N)(=O)=O)cc2)n1)c1ccccc1OC,'=',220.0
CHEMBL5271091,CCOP(=O)(OCC)C(C)NC(=O)c1cc(-c2ccc(C)cc2)n(-c2ccc(S(N)(=O)=O)cc2)n1,'=',280.0
CHEMBL5282152,COc1ccc(C2CC(c3cccc(-n4cnnn4)c3)=NN2C(C)=O)cc1OC,'=',39.0
CHEMBL5266705,COc1ccc(-c2cc(-c3cccc(-n4cnnn4)c3)no2)cc1OC,'=',41.0
CHEMBL5269100,COc1ccc(/C=C/C2=NN(c3ccc(S(N)(=O)=O)cc3)C(=O)CC2)cc1,'=',43.8
CHEMBL3264517,CCOC(=O)c1c(C)oc2ccc(Oc3ccc(OC)cc3)cc12,'=',8600.0
CHEMBL459294,OC[C@H]1C[C@](O)(c2ccccc2)[C@@H](c2ccccc2)O1,'=',5100.0
CHEMBL456486,O=C(O)[C@H]1C[C@](O)(c2ccc(F)cc2)[C@@H](c2ccc(F)cc2)O1,'=',3200.0
CHEMBL72093,NS(=O)(=O)c1ccc(-c2coc(=O)n2-c2cccc(C(=O)O)c2)cc1,'>',100000.0
CHEMBL171360,CS(=O)(=O)c1ccc(-c2ocnc2-c2ccc(F)cc2)cc1,'>',30000.0
CHEMBL127268,Cc1cc(=O)c(-c2ccccc2)c(-c2ccc(S(C)(=O)=O)cc2)o1,'=',1840.0
CHEMBL126629,Cc1cc(=O)c(-c2ccc(Cl)cc2)c(-c2ccc(S(C)(=O)=O)cc2)o1,'=',2150.0
CHEMBL99199,CCCCCOC(=O)Cc1c(C)n(C(=O)c2ccc(Cl)cc2)c2ccc(OC)cc12,'=',50.0
CHEMBL1830338,CC(C)(C)c1ccc(CN2CCN(C(=O)CCc3cc(-c4ccc(F)cc4)n(-c4ccc(Cl)nn4)n3)CC2)cc1,'>',10000.0
CHEMBL24349,COC[C@@H](C)NC(=O)Cc1c(C)n(C(=O)c2ccc(Cl)cc2)c2ccc(OC)cc12,'=',140.0
CHEMBL70478,COc1ccc(-n2c(-c3ccc(S(N)(=O)=O)cc3)coc2=O)cc1,'=',210.0
CHEMBL46636,CS(=O)(=O)c1ccc(-n2cc(C(F)F)nc2-c2ccc(Cl)cc2)cc1,'=',610.0
CHEMBL3234232,CCOC(=O)/C(=C/c1cccc(F)c1)CSc1nncn1C,'=',3880.0
CHEMBL3113232,Cc1ccc(Nc2cnccc2NS(C)(=O)=O)cc1C,'=',30740.0
CHEMBL3113228,O=S(=O)(Nc1ccncc1Nc1ccccc1)C1CC1,'=',35090.0
CHEMBL52019,COc1ccc(-c2cc(F)c(F)cc2-c2ccc(S(C)(=O)=O)cc2)cc1Cl,'=',19.0
CHEMBL44977,CN(C)c1ccc(-c2nc(C(F)(F)F)cn2-c2ccc(S(C)(=O)=O)cc2)cc1F,'=',330.0
CHEMBL43493,Cc1ccc(-c2nc(C(F)(F)F)cn2-c2ccc(S(C)(=O)=O)cc2)cc1C,'=',330.0
CHEMBL3355612,[2H]C([2H])([2H])c1cc2c(c(C([2H])([2H])[2H])c1Br)C=C(C(=O)O)[C@@H](C(F)(F)F)O2,'=',9.0
CHEMBL16753,CC(C)(C)c1cc(-c2nnc(SCCC(=O)O)s2)cc(C(C)(C)C)c1O,'>',20000.0
CHEMBL4780951,COc1ccc(/C=N/Nc2nc(-c3ccc(S(C)(=O)=O)cc3)cs2)cc1OC,'=',195.0
CHEMBL362779,NS(=O)(=O)c1ccc(-c2ccc(F)c(F)c2-c2ccc(F)c(Cl)c2)cc1,'=',1.995
CHEMBL117615,CCN(C)C(=O)c1cc(C(C)(C)C)c2c(c1)C(C)(C)CO2,'=',4500.0
CHEMBL29333,NC(=O)c1ccc(-c2cc(C(F)F)nn2-c2ccc(S(N)(=O)=O)cc2)cc1,'>',100000.0
CHEMBL1682231,COc1ccc(-n2nnnc2-c2ccc(S(C)(=O)=O)cc2)cc1,'=',2000.0
CHEMBL1669032,O=C(O)C1=Cc2cc(Cl)cc(-c3ccc(F)cc3)c2OC1C(F)(F)F,'>',100000.0
CHEMBL303728,COc1ccc(-n2c(-c3ccc(S(N)(=O)=O)cc3)coc2=O)cc1F,'=',1130.0
CHEMBL1775109,CS(=O)(=O)N(c1cccc(Oc2ccc(OCCN3CCCC3)cc2)c1)S(C)(=O)=O,'>',100000.0
CHEMBL1775090,O=[N+]([O-])c1ccc(Oc2ccc(OCCN3CCCC3)cc2)c([N+](=O)[O-])c1,'>',100000.0
CHEMBL1775102,Fc1ccc(Oc2ccc(OCCN3CCCC3)cc2)cc1,'>',100000.0
CHEMBL3289930,CCOC(OCC)c1ccc(/C=C2\CC/C(=C\c3ccc(C(OCC)OCC)cc3)C2=O)cc1,'=',14760.0
CHEMBL3322418,COc1cc(C2=NCCN2c2ccc(S(N)(=O)=O)cc2)ccc1F,'>',10000.0
CHEMBL224122,CS(=O)(=O)Nc1ccncc1Sc1ccccc1,'=',1190.0
CHEMBL4091890,N#Cc1c(N=Cc2ccco2)c(C(=O)Nc2ccccc2)n2c1CCC2,'=',780.0
CHEMBL4079032,Cc1ccc(NC(=O)c2c(N=Cc3ccc4ccccc4c3)c(C#N)c3n2CCC3)cc1,'=',110.0
CHEMBL4097045,N#Cc1c(N=Cc2ccc3ccccc3c2)c(C(=O)Nc2ccc(Cl)cc2)n2c1CCC2,'=',170.0
CHEMBL1766301,Cc1ccc(-c2cc(CCCNC(=O)Nc3cccc(C(F)(F)F)c3)nn2-c2ccc(S(N)(=O)=O)cc2)cc1,'=',2800.0
CHEMBL249995,CS(=O)(=O)c1ccc(C2SCC(=O)N2c2ccc(F)cc2)cc1,'=',120.0
CHEMBL497859,CC(C(=O)OCC(CO[N+](=O)[O-])O[N+](=O)[O-])c1cccc(C(=O)c2ccccc2)c1,'=',740.0
CHEMBL512917,Cc1ccc(-c2cnnn2-c2ccc(S(C)(=O)=O)cc2)cc1,'=',120.0
CHEMBL1814716,CC(C(=O)[O-])c1ccc(CC2CCCC2=O)c(-c2ccc(F)cc2)c1.[Na+],'=',36000.0
CHEMBL1814718,CC(C(=O)[O-])c1ccc(CC2CCCC2=O)c(-c2ccc(C(=O)[O-])cc2)c1.[Na+].[Na+],'>',1000000.0
CHEMBL1814706,CC(C(=O)[O-])c1ccc(CC2CCCC2=O)cc1-c1ccc(OC(F)(F)F)cc1.[Na+],'>',1000000.0
CHEMBL1163243,COc1ccc2c(c1)c1c(n2C(=O)c2ccc(F)cc2)CCN(CCCOc2cc(F)cc(C3(OC)CCOCC3)c2)C1.Cl,'=',53600.0
CHEMBL1080404,CCc1ccccc1Nc1cnccc1NS(=O)(=O)C(F)(F)F,'=',7240.0
CHEMBL1078683,COc1ccc(Nc2cnccc2NS(C)(=O)=O)cc1,'=',21610.0
CHEMBL104147,CCOc1cc(OCC)cc(-c2ccc(C(C)C(=O)O)cc2)c1,'=',320.0
CHEMBL289731,CCc1csc(Sc2cc3c(cc2NS(C)(=O)=O)CCC3=O)n1,'=',280.0
CHEMBL319764,COc1ccc2c(c1)c(CC(=O)NCCCCl)c(C)n2C(=O)c1ccc(Cl)cc1,'=',50.0
CHEMBL43165,CS(=O)(=O)c1ccc(-c2[nH]cnc2-c2ccc(F)cc2)cc1,'>',30000.0
CHEMBL1171454,C[C@@H]1O[C@@H](O[C@H]2[C@H](O)[C@@H](O)[C@H](OC[C@H]3O[C@@H](OC(=O)[C@]45CCC(C)(C)C[C@H]4C4=CC[C@@H]6[C@@]7(C)CC[C@H](O[C@@H]8OC[C@H](O)[C@H](O)[C@H]8O[C@@H]8O[C@@H](C)[C@H](O)[C@@H](O[C@@H]9OC[C@@H](O[C@@H]%10O[C@H](CO)[C@@H](O[C@@H]%11O[C@H](CO)[C@@H](O)[C@H](O)[C@H]%11O)[C@H](O)[C@H]%10O)[C@@H](O)[C@H]9O)[C@H]8O)C(C)(C)[C@@H]7CC[C@@]6(C)[C@]4(C)CC5)[C@H](O)[C@@H](O)[C@@H]3O)O[C@@H]2CO)[C@H](O)[C@H](O)[C@H]1O,'>',50000.0
CHEMBL13920,C#CCCCC(=O)c1cc(C(C)(C)C)c2c(c1)C(C)(C)CO2,'=',15.0
CHEMBL408897,NS(=O)(=O)c1ccc(-c2nc(NCC3CCCCC3)cc(C(F)(F)F)n2)cc1,'=',803.5
CHEMBL71423,Cc1ccc(-c2c(-c3ccc(S(C)(=O)=O)cc3)occ(Cl)c2=O)cc1,'=',1760759.34
CHEMBL69030,CS(=O)(=O)c1ccc(-c2occ(Cl)c(=O)c2-c2cccnc2)cc1,'=',7048553.49
CHEMBL1957457,CSCC[C@H](NC(=O)[C@H](Cc1ccccc1)NC(=O)c1ccc(F)cc1)C(=O)N[C@@H](CCC(=O)O)C(=O)O,'>',1000000.0
CHEMBL1684146,COc1cc2oc(C)cc(=O)c2c(O)c1O,'=',15350.0
CHEMBL151128,CCc1cc(/C=C/S(N)(=O)=O)cc(C(=O)c2ccccc2)c1,'=',12000.0
CHEMBL275650,CC1(O)OC(=O)C(c2cccs2)=C1c1ccc(S(C)(=O)=O)cc1,'=',1900.0
CHEMBL407019,NS(=O)(=O)c1ccc(/C=N/c2ccccc2)cc1,'=',3110.0
CHEMBL270243,NS(=O)(=O)c1ccc(/N=C/c2cccc(O)c2)cc1,'=',2780.0
CHEMBL1630257,CC(C)CCc1cc2c(cc1Cl)C=C(C(=O)O)[C@H](C(F)(F)F)O2,'=',68.0
CHEMBL1630224,CC(C)c1cc2c(cc1Cl)C=C(C(=O)O)C(C(F)(F)F)O2,'=',300.0
CHEMBL208704,Cc1cc(=O)c(Oc2ccc(Cl)cc2F)c(-c2ccc([S@+](C)[O-])cc2)o1,'=',250.0
CHEMBL2334129,CCCN(CCC)C(=O)/C=C/c1c(/C=C/c2ccc(OC)cc2)cc(OC)cc1OC,'=',8060.0
CHEMBL2333744,C#CCNC(=O)/C=C/c1c(/C=C/c2ccc(OC)cc2)cc(OC)cc1OC,'=',9080.0
CHEMBL3775430,CCCCCCNC(=O)Oc1cccc(-c2ccc(C(C)C(=O)O)cc2[N+](=O)[O-])c1,'=',930.0
CHEMBL1078374,Cc1ccccc1Nc1cnccc1NS(C)(=O)=O,'=',18600.0
CHEMBL1077436,CS(=O)(=O)Nc1ccncc1NC1CCCC1,'>',100000.0
CHEMBL1079073,O=S(=O)(Nc1ccncc1NC1CCCCCC1)C(F)(F)F,'=',1620.0
CHEMBL1204025,CS(=O)(=O)Nc1ccncc1NC1CCCCCC1.Cl,'=',13530.0
CHEMBL341298,CSc1cc(-c2ccc(F)cc2)c(-c2ccc(S(C)(=O)=O)cc2)[nH]1,'=',34500.0
CHEMBL1684141,C=CCOc1c(OC)c(OC)cc2oc(C)cc(=O)c12,'=',21250.0
CHEMBL1684147,Cc1cc(=O)c2c(O)c(O)c(O)cc2o1,'=',8870.0
CHEMBL358210,CCc1cc(C(=O)c2ccccc2)ccc1/C=C/S(N)(=O)=O,'=',5600.0
CHEMBL1689430,COc1ccc2c(c1)c(CC(=O)OCCS(=O)(=O)NO)c(C)n2C(=O)c1ccc(Cl)cc1,'=',420.0
CHEMBL1689433,CC(C)Cc1ccc(C(C)C(=O)OCCS(=O)(=O)NO)cc1,'=',15800.0
CHEMBL362149,Cc1cc(=O)c(Oc2ccc(Cl)cc2Cl)c(-c2ccc(S(C)(=O)=O)cc2)o1,'=',3380.65
CHEMBL15014,CCC1(C)COc2ccc(C(=O)CCCC3CC3)cc21,'=',5000.0
CHEMBL306232,Cc1ccc(-n2c(-c3ccc(S(C)(=O)=O)cc3)coc2=O)cc1,'=',479.73
CHEMBL54945,CS(=O)(=O)c1ccc(-c2cc(Cl)c(Cl)cc2-c2ccc(F)cc2)cc1,'=',239.88
CHEMBL1669037,CCSc1ccc(-c2cc(Cl)cc3c2OC(C(F)(F)F)C(C(=O)O)=C3)cc1,'=',242.0
CHEMBL2171254,C[C@@H](C(=O)O)c1ccc2c3cc(Cl)ccc3n(C(=O)c3cocn3)c2c1,'>',100000.0
CHEMBL5201017,O=C(NCCc1c[nH]c2ccccc12)c1cc2cc(Cl)ccc2n1Cc1ccc(F)cc1,'=',23.3
CHEMBL2171251,C[C@H](C(=O)O)c1ccc2c3cc(Cl)ccc3n(C(=O)c3ccc(Cl)cc3)c2c1,'=',46500.0
CHEMBL1689431,COc1ccc2cc([C@H](C)C(=O)OCCS(=O)(=O)NO)ccc2c1,'=',2300.0
CHEMBL29204,COc1ccc(-c2cc(C(F)(F)F)nn2-c2ccc(OC)cc2)cc1,'=',750.0
CHEMBL4869763,COc1ccc2cc(/C=N/n3c(=S)[nH]nc(Cc4cc(OC)c(OC)c(OC)c4)c3=O)c(O)nc2c1,'=',97.0
CHEMBL4470970,COc1ccc(-c2c(-c3ccc(F)cc3)noc2C)cc1,'>',50000.0
CHEMBL4590829,C=Cc1onc(-c2ccc(OC)cc2)c1-c1ccc(OC)cc1,'>',50000.0
CHEMBL2303697,CS(=O)(=O)c1ccc(C2=C(c3ccc(O[C@@H]4O[C@@H](C(=O)O)[C@@H](O)[C@H](O)[C@@H]4O)cc3)C(=O)OC2)cc1,'>',33000.0
CHEMBL1684142,COc1cc2oc(C)cc(=O)c2c(OCC=C(C)C)c1OC,'=',17640.0
CHEMBL1684153,COc1c(OC)c(O)c2c(=O)cc(C)oc2c1Br,'=',25420.0
CHEMBL106192,CS(=O)(=O)c1ccc(-n2cc(C(F)(F)F)nc2-c2nccc3ccccc23)cc1,'=',1700.0
CHEMBL344089,CCCCC#CCSc1ccccc1OC(=O)CN,'>',40000.0
CHEMBL294971,CC(=O)OCc1cc(-c2ccc(S(C)(=O)=O)cc2)n(-c2ccc(F)cc2)c1C,'=',467.74
CHEMBL297799,Cc1cc(-c2nc(C(F)(F)F)cn2-c2ccc(S(C)(=O)=O)cc2)ccc1F,'=',169.82
CHEMBL296078,CN(C)c1ccc(-c2nc(C(F)(F)F)cn2-c2ccc(S(C)(=O)=O)cc2)cc1Cl,'=',323.59
CHEMBL5282180,O=C(/N=c1\scc(-c2ccc(C(F)(F)F)cc2)n1-c1ccccc1)c1cccs1,'=',90.0
CHEMBL5282385,CS(=O)(=O)c1ccc(C(=O)/C=C/c2cccc(F)c2F)cc1,'=',180.0
CHEMBL5268997,Cc1ccc(C2=NN(C(N)=O)C(c3cn(-c4ccccc4)nc3-c3ccc(Cl)cc3)C2)cc1,'=',1090.0
CHEMBL5280574,NC(=O)N1N=C(c2ccc(Cl)cc2)CC1c1cn(-c2ccccc2)nc1-c1ccc(Cl)cc1,'=',1090.0
CHEMBL5272855,NC(=O)N1N=C(c2ccc(F)cc2)CC1c1cn(-c2ccccc2)nc1-c1ccc(F)cc1,'=',1090.0
CHEMBL322136,Cc1cncc(-c2nc(C(F)(F)F)cn2-c2ccc(S(C)(=O)=O)cc2)c1,'=',1800.0
CHEMBL287909,CS(=O)(=O)Nc1cc2c(cc1Sc1nccs1)C(=O)OC2,'=',610.0
CHEMBL417452,C[C@@H](C(=O)O)c1ccc(C[C@H]2CCC[C@@H]2O)cc1,'>',100000.0
CHEMBL4531165,N#Cc1cnn(-c2ccc(S(N)(=O)=O)cc2)c1NC(=O)CCl,'=',19.87
CHEMBL4465079,CC(=O)Nc1c(C#N)cnn1-c1ccc(S(=O)(=O)NC(C)=O)cc1,'=',61.24
CHEMBL3264519,CCOC(=O)c1c(-c2ccccc2)oc2ccc(Oc3ccccc3C)cc12,'=',20100.0
CHEMBL4537150,CCOc1ccccc1N1CCN(CN2C(=O)c3c(c(C)n(-c4ccccc4)c3C)C2=O)CC1,'=',42700.0
CHEMBL321643,COc1c(Cl)cc(C2=C(c3ccc(S(N)(=O)=O)cc3)CCC2)cc1Cl,'=',8.913
CHEMBL14767,CCCC(=O)c1cc(C(C)(C)C)c2c(c1)C(C)(C)CS2,'=',150.0
CHEMBL1241823,Cc1ccc(S(=O)(=O)N/N=C/c2coc3ccccc3c2=O)cc1,'=',203690.0
CHEMBL1240658,CCCC(=O)N/N=C/c1coc2ccccc2c1=O,'>',1000000.0
CHEMBL497678,CC(C(=O)OCCO[N+](=O)[O-])c1ccc2c(c1)[nH]c1ccc(Cl)cc12,'=',65000.0
CHEMBL410524,NS(=O)(=O)c1ccc(-c2nc(NCc3ccccc3)cc(C(F)(F)F)n2)cc1,'>',10000.0
CHEMBL1221728,CCCC/C(=C(\c1ccccc1)c1ccc(OC)cc1)c1ccc(S(C)(=O)=O)cc1,'=',7700.0
CHEMBL595596,O=C1NC(=O)C(c2ccc(O)c(O)c2)=C1c1ccccc1,'=',16040.0
CHEMBL171299,CS(=O)(=O)c1ccc(-c2cc([N+](=O)[O-])ccc2-c2ccccc2)cc1,'=',38000.0
CHEMBL461409,Cc1cccc(Nc2cc(Cl)nc(SC(C(=O)O)c3ccccc3)n2)c1C,'>',10.0
CHEMBL512563,Cc1cccc(Nc2cc(Cl)nc(SC(C)(C)C(=O)O)n2)c1C,'>',10.0
CHEMBL1081855,O=S(=O)(Nc1ccncc1Nc1ccc(Br)cc1)C(F)(F)F,'=',910.0
CHEMBL5269462,CS(=O)(=O)c1ccc(-c2cn3c(c2-c2ccc(Cl)cc2)CCC3)cc1,'=',8.0
CHEMBL467837,CN(C)/C=N/S(=O)(=O)c1ccc(-n2cc(/C=N\N=C3/SCC(=O)N3c3ccc(Cl)cc3)c(-c3ccccc3)n2)cc1,'=',640.0
CHEMBL491080,C/C(=C\c1ccc(O)cc1)c1cc(O)cc(O)c1,'=',1780.0
CHEMBL307983,COC(=O)c1cc(-c2ccc(F)cc2)c(-c2ccc(S(N)(=O)=O)cc2)s1,'>',30000.0
CHEMBL2315877,O=C(NC1CCCC1)C1CCN(c2nc3cc(Cl)ccc3o2)CC1,'=',1010.0
CHEMBL2315855,O=C(N[C@H]1CCC[C@H]1OCc1ccccc1)C1CCN(c2nc3cc(Cl)ccc3o2)CC1,'=',76600.0
CHEMBL42651,COc1ccc(-c2nc(C(F)(F)F)cn2-c2ccc(S(C)(=O)=O)cc2)cc1F,'=',150.0
CHEMBL131820,COc1ccc(-c2nc3c(C(N)=O)cccc3[nH]2)cc1,'=',11560.0
CHEMBL340458,CS(=O)(=O)c1ccc(C2=C(c3ccccc3)CCC2)cc1,'=',2250.0
CHEMBL5275257,Cc1nn(-c2ccccc2)c2c1C(c1ccccc1[N+](=O)[O-])C(C#N)=C(/N=C/c1ccccc1)O2,'=',193820629.61
CHEMBL43640,CS(=O)(=O)c1ccc(-n2cc(C(F)(F)F)nc2-c2cc(F)cc(C(F)(F)F)c2)cc1,'>',100000.0
CHEMBL296220,CS(=O)(=O)c1ccc(-c2cc(C(F)(F)F)cnc2Oc2ccccc2)cc1,'<',400.0
CHEMBL5276174,Nc1cc(-c2ccccc2)nn1-c1nc2c(cnn2-c2ccccc2)c(=O)n1-c1ccccc1,'=',540.0
CHEMBL5279011,O=C1NC(=O)C(=NNc2cccc(-c3nc4ccccc4[nH]3)c2)C(=O)N1,'=',7470.0
CHEMBL5288685,O=C1/C(=N\Nc2ccccc2Br)C(Nc2ccccc2F)=NN1CNc1ccccc1,'=',48.0
CHEMBL5274548,COc1ccc(N/N=C2\C(=O)N(CNc3c(C)cccc3C)N=C2Nc2ccccc2F)cc1,'=',46.0
CHEMBL42710,C=CCc1ccc(O)c(OC)c1,'=',129000.0
CHEMBL100331,CCCCCCCCNC(=O)Cc1c(C)n(C(=O)c2ccc(Cl)cc2)c2ccc(OC)cc12,'=',40.0
CHEMBL504541,Cc1ccc(-c2ssc(=O)c2-c2ccc(Cl)cc2)cc1,'>',50000.0
CHEMBL2283160,CS(=O)(=O)c1ccc(/C=C(/C(=O)O)c2ccc(-c3ccc(F)cc3F)cc2)cc1,'=',320.0
CHEMBL2283149,CCCCCC(=C(c1ccccc1)c1ccccc1)c1ccc(S(C)(=O)=O)cc1,'=',2000.0
CHEMBL455827,C[C@@H]1OC(O[C@@H]2[C@@H](O)[C@H](OCCc3ccc(O)c(O)c3)O[C@H](CO[C@@H]3OC[C@@H](O)[C@H](O)[C@H]3O)[C@H]2OC(=O)/C=C/c2ccc(O)c(O)c2)[C@H](O)[C@H](O)[C@H]1O,'=',600000.0
CHEMBL2283175,CCCCCC/C(=C(\c1ccccc1)c1ccc(NS(C)(=O)=O)cc1)c1ccccc1,'=',30.0
CHEMBL1089958,O=C(O)Cc1cccn(C(F)F)c1=O,'=',8000.0
CHEMBL92759,CS(=O)(=O)c1ccc(-c2cc(C(F)(F)F)cnc2-c2cccnc2)cc1,'=',1800.0
CHEMBL5269829,COc1cc(/C=c2\sc3nc(C45CC6CC(CC(C6)C4)C5)nn3c2=O)ccc1O,'=',50000.0
CHEMBL5287186,CCOP(=O)(OCC)C(NC(=O)c1cc(-c2ccccc2F)n(-c2ccc(S(N)(=O)=O)cc2)n1)c1ccc(Br)cc1,'=',280.0
CHEMBL5279490,COc1ccc(/C=C2\S/C(=N/c3nnc(C)s3)NC2=O)cc1,'=',100.0
CHEMBL5277494,Cc1ccccc1/C=C/C1=NNC(S)CC1,'=',43.8
CHEMBL5281053,COc1ccc(/C=C/C2=NN(c3ccc(S(N)(=O)=O)cc3)C(=O)CC2)cc1OC,'=',43.8
CHEMBL5279336,CCOc1ccc(-c2cc(-c3ccc(F)cc3)n(-c3ccc(S(N)(=O)=O)cc3)n2)cc1,'=',43.0
CHEMBL5276782,CCOc1ccc(-c2cc(-c3ccc(Br)cc3)n(-c3ccc(S(N)(=O)=O)cc3)n2)cc1,'=',43.0
CHEMBL5265784,CC(=O)N1N=C(c2nnn(-c3ccc(S(N)(=O)=O)cc3)c2C)CC1c1ccccc1,'=',2610.0
CHEMBL5269945,CC1=NN(c2ccc(S(N)(=O)=O)cc2)C(=O)/C1=C\c1sccc1C,'=',150.0
CHEMBL5267001,COc1cc(-c2nnc(/N=C3\NC(=O)CS3)s2)cc(OC)c1OC,'=',190.0
CHEMBL5289598,Cc1ccc(/C=C2\S/C(=N/c3nnc(C)s3)NC2=O)cc1,'=',100.0
CHEMBL5285514,Cc1nnc(/N=C2\NC(=O)/C(=C/C3CCCCC3)S2)s1,'=',250.0
CHEMBL319512,COc1ccc2c(c1)CSc1c(C(F)(F)F)nn(-c3ccc(S(N)(=O)=O)cc3)c1-2,'=',13.0
CHEMBL207594,C[S+]([O-])c1ccc(C2=C(c3ccccc3)C(=O)OC2)cc1,'=',4930.0
CHEMBL159303,Oc1ccc([C@H]2Oc3cc(O)cc(O)c3C[C@H]2O)cc1,'=',69700.0
CHEMBL97042,COc1ccc2c(c1)c(CC(=O)N(C)CCc1ccccc1)c(C)n2C(=O)c1ccc(Cl)cc1,'>',17000.0
CHEMBL15791,CONC1=NC(=O)/C(=C/c2cc(C(C)(C)C)c(O)c(C(C)(C)C)c2)S1,'=',1700.0
CHEMBL421608,CC1(C)CC(c2cc(C(C)(C)C)c3c(c2)C(C)(C)CO3)=NO1,'=',200.0
CHEMBL127211,Cc1cc(=O)c(Oc2ccc(F)cc2F)c(-c2ccc(S(C)(=O)=O)cc2)o1,'=',80.0
CHEMBL1275970,CC(C(=O)O)c1ccc(C[C@@H]2CCC[C@@H]2O)cc1F,'=',48000.0
CHEMBL1276001,CC(C(=O)O)c1ccc(C[C@H]2CCC[C@@H]2O)cc1Br,'=',8500.0
CHEMBL456234,CCc1ccc(-c2ccc(O)c(OC)c2)o1,'=',9400.0
CHEMBL524686,Cc1cccc(/N=C/c2coc3ccccc3c2=O)c1,'=',25430.0
CHEMBL1275941,CC(C(=O)O)c1ccc(C[C@@H]2CCC[C@@H]2O)cc1,'=',12200.0
CHEMBL446198,COC(=O)c1cc(/N=C/c2ccc(S(N)(=O)=O)cc2)ccc1O,'=',3130.0
CHEMBL373434,COc1cc(OCc2cc(-c3ccccc3)n(-c3ccc(S(C)(=O)=O)cc3)n2)cc(OC)c1OC,'=',220.0
CHEMBL222531,CS(=O)(=O)c1ccc(-n2nc(COc3cccc([N+](=O)[O-])c3)cc2-c2ccccc2)cc1,'=',740.0
CHEMBL524304,CS(=O)(=O)c1ccc(-c2[nH]c3ccccc3c2-c2ccc(Cl)cc2)cc1,'=',146.0
CHEMBL24874,COc1ccc2c(c1)c(CC(=O)N[C@H](C)CO)c(C)n2C(=O)c1ccc(Cl)cc1,'=',170.0
CHEMBL4647794,CSc1nc2ccccc2n1-c1csc(NC/C(C)=N/N=c2\scc(-c3ccc(Cl)cc3)n2-c2ccccc2)n1,'=',45.0
CHEMBL525021,Cc1ccc(-c2c(-c3ccc(S(C)(=O)=O)cc3)[nH]c3ccccc23)cc1C,'=',0.17
CHEMBL4633586,CSc1nc2ccccc2n1-c1csc(NC(=O)c2ccccc2)n1,'=',190.0
CHEMBL4637009,Br.CSc1nc2ccccc2n1-c1csc(=N)n1CC(=O)c1ccccc1,'=',180.0
CHEMBL4648342,Fc1ccc(-c2nnc(Cn3c(CN4CCCCC4)nc4ccccc43)o2)cc1,'=',60.0
CHEMBL183653,Cc1[nH]c2cc(S(C)(=O)=O)ccc2c1Sc1ccccn1,'=',5200.0
CHEMBL364598,CN(C)c1ccc(-c2c(-c3ccc(S(C)(=O)=O)cc3)ccc(F)c2F)cc1Cl,'=',7.943
CHEMBL2087940,CS(=O)(=O)c1ccc(NN2C(=O)CSC2c2ccccc2)cc1,'=',20000.0
CHEMBL2087943,Cc1ccc(C2SCC(=O)N2Nc2ccc(S(C)(=O)=O)cc2)cc1,'=',14400.0
CHEMBL5289008,Cc1ccc(/C=N/NC(=O)c2sc3nc(-c4ccc(Cl)cc4)cc(-c4cccs4)c3c2N)cc1,'=',104.0
CHEMBL50,O=c1c(O)c(-c2ccc(O)c(O)c2)oc2cc(O)cc(O)c12,'=',28600.0
CHEMBL100422,COc1ccc(-c2cscc2-c2ccc(S(C)(=O)=O)cc2)cc1F,'=',30.0
CHEMBL4089272,Cc1c(C(=O)NCCc2ccc(N3CCCC3C)cc2)nc2ccc(Cl)cc2c1O,'=',1910.0
CHEMBL4095272,CCOC(=O)C(Cc1ccccc1)NC(=O)c1nc2ccc(Cl)cc2c(O)c1C,'=',1910.0
CHEMBL44244,Cc1c(S(=O)(=O)C(F)(F)F)cc(-c2ccc(S(C)(=O)=O)cc2)n1-c1ccc(F)cc1,'=',60.0
CHEMBL1173685,O=S(=O)([O-])Oc1cc(O)cc(/C=C/c2ccc(O)cc2)c1.[K+],'=',7530.0
CHEMBL296571,NS(=O)(=O)c1ccc(-n2cc(C(F)(F)F)nc2-c2ccc(F)c(F)c2)cc1,'=',30.2
CHEMBL88286,CS(=O)(=O)c1ccc(C2=C(c3ccc(F)c(Cl)c3)CC3(CC3)C2)cc1,'=',7.079
CHEMBL19286,C[C@H](C(=O)O)c1ccc(C[C@@H]2CCC[C@H]2O)cc1,'=',2000.0
CHEMBL418859,CS(=O)(=O)c1ccc(-n2cnc(Cl)c2-c2ccc(F)cc2)cc1,'=',14.0
CHEMBL5274509,COc1ccc(/C=c2\c(=O)[nH]n3c(=O)c4ccccc4nc23)cc1OC,'=',47.0
CHEMBL76376,CS(=O)(=O)c1ccc(-c2oc3ccccc3c2-c2ccc(F)cc2)cc1,'=',20.0
CHEMBL2171257,CC(C(=O)O)c1ccc2c3cc(Cl)ccc3n(Cc3ccc(C#N)cc3)c2c1,'>',100000.0
CHEMBL2171266,CC(C(=O)O)c1ccc2c3cc(Cl)ccc3n(C(=O)Nc3ccc(Cl)cc3)c2c1,'>',100000.0
CHEMBL2171261,CCCCCCS(=O)(=O)n1c2ccc(Cl)cc2c2ccc(C(C)C(=O)O)cc21,'>',100000.0
CHEMBL329919,NS(=O)(=O)c1ccc(-n2nc(C(F)(F)F)c3c2-c2ccccc2CS3)cc1,'=',20.0
CHEMBL363574,NS(=O)(=O)c1ccc(-n2nc(C(F)(F)F)c3c2-c2ccc(F)c(F)c2CS3)cc1,'=',6.026
CHEMBL365603,COc1ccc2c(c1F)CSc1c(C(F)F)nn(-c3ccc(S(N)(=O)=O)cc3)c1-2,'=',32.36
CHEMBL433585,CS(=O)(=O)c1ccc2c(Sc3ccc(F)cc3)c(C#N)[nH]c2c1,'=',2300.0
CHEMBL463769,COc1cc2c(=O)c3c(OC)c(O)ccc3oc2cc1O,'=',2990.0
CHEMBL24381,CS(=O)(=O)c1ccc(C2=C(c3cncc(Br)c3)C(=O)CC2)cc1,'=',300.0
CHEMBL35685,Cc1nc(C2CCCCC2)c(-c2ccc(S(N)(=O)=O)c(O)c2)o1,'=',19700.0
CHEMBL330162,COc1ccc2c(c1)c(CC(=O)NCc1ccc(C(C)=O)cc1)c(C)n2C(=O)c1ccc(Cl)cc1,'=',80.0
CHEMBL290945,Cc1cc(-c2nc(C(F)(F)F)cn2-c2ccc(S(C)(=O)=O)cc2)ccc1Cl,'=',90.0
CHEMBL1170264,CCCCC(Sc1nc(OCCc2ccc(C(F)(F)F)cc2)cc(OCCc2ccc(C(F)(F)F)cc2)n1)C(=O)O,'>',40000.0
CHEMBL4636792,N[C@@H](Cc1cn(-c2nc(Cl)nc(N3CCOCC3)n2)c2ccccc12)C(=O)O,'=',100.0
CHEMBL213267,COc1ccc(/N=N/c2ccc(S(N)(=O)=O)cc2)cc1,'=',14630.0
CHEMBL126369,COc1ccc(Oc2c(-c3ccc(S(C)(=O)=O)cc3)oc(C)cc2=O)c(Cl)c1,'=',180.01
CHEMBL160295,CCCCCCCCCCCCCCCc1cccc(OCC)c1CSc1nc2cc(OC(F)F)ccc2[nH]1,'>',10000.0
CHEMBL265585,CS(=O)(=O)c1ccc(-c2sc(C(F)(F)F)nc2-c2ccc(F)cc2)cc1,'=',23.0
CHEMBL277115,CS(=O)(=O)c1ccc(-c2sc(-c3ccccc3Cl)nc2-c2ccc(F)cc2)cc1,'=',50.0
CHEMBL339301,CS(=O)(=O)c1ccc(-c2[nH]ccc2-c2ccc(F)cc2)cc1,'=',12670.0
CHEMBL360343,Cc1[nH]c2cc(S(C)(=O)=O)ccc2c1Oc1ccc(Cl)cc1Cl,'=',4100.0
CHEMBL182033,COc1cc(/C=C/c2cc(/C=C/c3ccc(O)cc3)on2)ccc1O,'=',18960.0
CHEMBL186709,CCOc1ccc(-c2nn3nc(SC)ccc3c2-c2ccc(S(N)(=O)=O)cc2)cc1,'=',13.0
CHEMBL5271850,CS(=O)(=O)c1ccc(-n2cc(/C=C3\NC(=S)N(c4ccccc4)C3=O)c(-c3ccccc3)n2)cc1,'=',600.0
CHEMBL1631308,Cc1ccc(-c2nn(-c3ccccc3)cc2C2N[C@H](C(=O)O)CS2)cc1,'=',940.0
CHEMBL5075348,CCOC(=O)[C@H](OCc1cnnn1[C@H](Cc1ccc(O)cc1)C(=O)OC)[C@@H](OCc1cnnn1[C@@H](Cc1ccc(O)cc1)C(=O)OC)C(=O)OCC,'=',700.0
CHEMBL1164950,COc1ccc2c(c1)c1c(n2C(=O)c2cccc(F)c2)CCN(CCCOc2cc(F)cc(C3(OC)CCOCC3)c2)C1.Cl,'=',357200.0
CHEMBL5273387,CCOP(=O)(OCC)C(NC(=O)c1cc(-c2cccc3ccccc23)n(-c2ccc(Br)cc2)n1)c1ccc(Br)cc1,'=',220.0
CHEMBL5270111,CCOP(=O)(OCC)C(NC(=O)c1cc(-c2cccs2)n(-c2ccc(S(N)(=O)=O)cc2)n1)c1ccccc1,'=',220.0
CHEMBL5281317,CCOP(=O)(OCC)C(C)NC(=O)c1cc(-c2ccc(Br)cc2)n(-c2ccc(S(N)(=O)=O)cc2)n1,'=',280.0
CHEMBL5275245,CCOP(=O)(OCC)C(NC(=O)c1cc(-c2ccc(C)cc2)n(-c2ccc(S(N)(=O)=O)cc2)n1)c1ccccc1,'=',280.0
CHEMBL5272354,CCOP(=O)(OCC)C(NC(=O)c1cc(-c2ccccc2Cl)n(-c2ccc(S(N)(=O)=O)cc2)n1)c1ccccc1,'=',280.0
CHEMBL5291369,Bc1ccc(C(NC(=O)c2cc(-c3ccccc3Cl)n(-c3ccc(S(N)(=O)=O)cc3)n2)P(=O)(OCC)OCC)cc1,'=',280.0
CHEMBL156493,CS(=O)(=O)c1ccc(-c2sc3ncnn3c2-c2ccc(F)cc2)cc1,'=',36.0
CHEMBL421381,CS(=O)(=O)c1ccc(C2=C(c3ccccc3O)C(=O)OC2)cc1,'=',1832.0
CHEMBL1630236,O=C(O)C1=Cc2c(ccc(Cl)c2Sc2ccccc2)OC1C(F)(F)F,'=',340.0
CHEMBL1630237,O=C(O)C1=Cc2c(ccc(Cl)c2-c2ccccc2)OC1C(F)(F)F,'=',4640.0
CHEMBL1232083,CC(C)COc1c(Cl)cc2c(c1Cl)O[C@@H](C(F)(F)F)C(C(=O)O)=C2,'<',28.0
CHEMBL1080406,CCc1ccc(Nc2cnccc2NS(=O)(=O)C(F)(F)F)cc1,'=',910.0
CHEMBL1079878,CS(=O)(=O)Nc1ccncc1Nc1ccccc1Cl,'=',9380.0
CHEMBL1078091,CS(=O)(=O)Nc1ccncc1Nc1cccc(Br)c1,'=',2560.0
CHEMBL325804,CC1(C)OC(=O)C(Oc2ccc(Cl)cc2)=C1c1ccc(S(C)(=O)=O)cc1,'=',10.0
CHEMBL5284073,O=c1/c(=C/c2cccc(O)c2)sc2nc(C34CC5CC(CC(C5)C3)C4)nn12,'=',50000.0
CHEMBL23610,CS(=O)(=O)c1ccc(C2=C(Oc3cc(F)cc(F)c3)C(=O)CC2)cc1,'=',1100.0
CHEMBL228126,COc1cc(O)cc(CCc2ccccc2O)c1,'>',40900.0
CHEMBL389398,COC1=C(C)C(=O)C2=C(CCc3cc(O)ccc3O2)C1=O,'=',10100.0
CHEMBL123700,Cc1ccn2nc(-c3ccc(S(C)(=O)=O)cc3)c(-c3ccc(F)cc3)c2n1,'=',504.0
CHEMBL279249,CS(=O)(=O)c1ccc(C2=C(c3ccc(F)c(F)c3)C(=O)CC2)cc1,'=',14.0
CHEMBL282096,CS(=O)(=O)c1ccc2c(c1)cc(C(=O)O)n2Cc1ccc(Cl)cc1,'>',20000.0
CHEMBL610196,O=C1NC(=O)C(c2cc(O)c(O)c(O)c2)=C1c1ccccc1,'=',17510.0
CHEMBL346697,COc1ccc(-n2nc(-c3ccc(Cl)cc3)c3c2CCC(N(O)C(C)=O)C3)cc1,'=',2400.0
CHEMBL313313,COc1ccc(C2=C(c3ccc(S(N)(=O)=O)cc3)CC3(CC3)C2)cc1Br,'=',1.995
CHEMBL269818,Cc1ccc(CNc2cc(C(F)(F)F)nc(-c3ccc(S(C)(=O)=O)cc3)n2)s1,'=',85471239.08
CHEMBL157616,Clc1ccc(-c2nn(-c3ccccc3)c3c2CCC3)cc1,'=',2590.0
CHEMBL273420,NS(=O)(=O)c1ccc(-n2nc(C(F)(F)F)c3c2-c2ccccc2SC3)cc1,'=',460.04
CHEMBL441275,Cc1ccc(-c2cc(C(F)(F)F)nn2-c2ccc(S(N)(=O)=O)cc2)s1,'=',3311.31
CHEMBL116365,CS(=O)(=O)c1ccc(-n2cnc(Cl)c2-c2ccncc2)cc1,'=',10000.0
CHEMBL554903,CS(=O)(=O)c1ccc(-c2cnc(Cc3ccccn3)nc2-c2ccc(F)cc2)cc1,'=',6323.0
CHEMBL567160,CC(=O)OCO/N=[N+](\[O-])N1CCC[C@H]1COC(=O)Cc1ccc(-c2cc(C(F)(F)F)nn2-c2ccc(S(N)(=O)=O)cc2)cc1,'=',900.0
CHEMBL5400914,N=c1c2c(Nc3n[nH]c(=S)s3)csc2[nH]c(=S)n1-c1ccc(S(=O)(=O)Nc2cnc3ccccc3n2)cc1,'=',90.0
CHEMBL5396836,O=C(CNc1ncnc2sc3c(c12)CCCC3)NN=Cc1ccc(Br)cc1,'=',100.0
CHEMBL177606,CN1C(O)=C(C(=O)Nc2ccc(F)cc2F)c2cc(Cl)ccc2S1(=O)=O,'=',300.0
CHEMBL4572657,COc1ccc(/C=N/c2c(C#N)cnn2-c2ccc(S(N)(=O)=O)cc2)cc1OC,'=',43.74
CHEMBL1945285,CC(C)Cc1ccc([C@H](CF)C(=O)O)cc1,'=',530.0
CHEMBL5432941,COc1ccc(/C=C/C(=O)c2nn(-c3ccc(Br)cc3)c(C)c2C(=O)/C=C/c2ccc(OC)cc2)cc1,'=',700.0
CHEMBL1682230,Cc1ccc(-n2nnnc2-c2ccc(S(C)(=O)=O)cc2)cc1,'=',45000.0
CHEMBL116438,COc1cc(/C=C/C(=O)/C=C(O)/C=C/c2ccc(O)c(OC)c2)ccc1O,'=',79200.0
CHEMBL2171272,CC(C(=O)O)c1ccc2c3cc(Cl)ccc3n(C(=O)c3ccc(Cl)cc3)c2c1,'=',72300.0
CHEMBL2171265,CCCCCCCCNC(=O)n1c2ccc(Cl)cc2c2ccc(C(C)C(=O)O)cc21,'>',100000.0
CHEMBL2171259,COc1ccc(Cn2c3ccc(Cl)cc3c3ccc(C(C)C(=O)O)cc32)cc1,'>',100000.0
CHEMBL2171276,CC(C(=O)Nc1ccccc1)c1ccc2c(c1)[nH]c1ccc(Cl)cc12,'>',100000.0
CHEMBL2171241,CC(C(=O)O)c1ccc2c3cc(Cl)ccc3n(C(=O)c3ccc(F)cc3)c2c1,'>',100000.0
CHEMBL2171269,CCCCCCOC(=O)n1c2ccc(Cl)cc2c2ccc(C(C)C(=O)O)cc21,'>',100000.0
CHEMBL3264520,CCOC(=O)c1c(-c2ccccc2)oc2ccc(Oc3ccc(C)cc3)cc12,'=',19200.0
CHEMBL4277993,O=c1c2ccccc2nc(SCc2cn(-c3ccc(Br)cc3)nn2)n1-c1ccccc1,'=',540.0
CHEMBL4279346,O=c1c2ccccc2nc(SCc2cn(-c3ccc(Br)cc3)nn2)n1-c1ccc(Br)cc1,'=',170.0
CHEMBL158842,CCCCCCCCCCCCCCCc1cccc(OCC)c1CSc1nc2cc([N+](=O)[O-])ccc2[nH]1,'=',384000.0
CHEMBL100092,CCCCCCOC(=O)Cc1c(C)n(C(=O)c2ccc(Cl)cc2)c2ccc(OC)cc12,'=',60.0
CHEMBL348041,Cc1nc(-c2ccc(C)s2)c(-c2ccc(S(C)(=O)=O)cc2)o1,'=',40.0
CHEMBL4462245,NS(=O)(=O)c1ccc(-n2nc(C(=O)N3CCSCC3)cc2-c2ccc(C(F)(F)F)cc2)cc1,'=',190.0
CHEMBL4545277,NS(=O)(=O)c1ccc(-n2nc(C(=O)N3CCOCC3)cc2-c2ccc(C(F)(F)F)cc2)cc1,'=',390.0
CHEMBL27733,CN(C)c1ccccc1-c1cc(C(F)(F)F)nn1-c1ccc(S(N)(=O)=O)cc1,'=',14300.0
CHEMBL1916963,O=C(NS(=O)(=O)c1ccc(Cl)cc1)c1ccccn1,'=',6000.0
CHEMBL1916968,O=C(NS(=O)(=O)c1ccc(Cl)cc1)c1cccc(C(=O)NS(=O)(=O)c2ccc(Cl)cc2)n1,'=',1900.0
CHEMBL184498,COc1ccc(-c2c(-c3ccc(S(C)(=O)=O)cc3)ccc(F)c2F)cc1C,'=',12.88
CHEMBL4648858,CSc1nc2ccccc2n1-c1csc(NC/C(C)=N/NC(=S)Nc2ccccc2)n1,'=',75.0
CHEMBL185163,NS(=O)(=O)c1ccc(-c2ccc(F)c(F)c2-c2ccc(F)cc2)cc1,'=',3.981
CHEMBL365301,Cc1cc(-c2c(-c3ccc(S(N)(=O)=O)cc3)ccc(F)c2F)ccc1F,'=',1.995
CHEMBL3084325,C[S@+]([O-])c1ccc(C2=C(c3ccccc3)C(=O)OC2)cc1,'=',2100.0
CHEMBL2315861,O=C(N[C@H]1CC[C@@H](CO)CC1)C1CCN(c2nc3cc(Cl)ccc3o2)CC1,'=',11100.0
CHEMBL2315853,O=C(N[C@H]1CCC[C@@H]1OCc1ccccc1)C1CCN(c2nc3cc(Cl)ccc3o2)CC1,'=',34.7
CHEMBL2315860,O=C(N[C@H]1CC[C@H](CO)CC1)C1CCN(c2nc3cc(Cl)ccc3o2)CC1,'>',10000.0
CHEMBL360182,NS(=O)(=O)c1ccc(-c2c(-c3ccc(OC(F)(F)F)cc3)nn3ncccc23)cc1,'=',388.0
CHEMBL374169,CCCS(=O)(=O)Nc1ccncc1Oc1ccc(Cl)cc1,'=',9690.0
CHEMBL184075,Cc1[nH]c2cc(S(C)(=O)=O)ccc2c1Oc1ccc(Cl)cc1,'=',3800.0
CHEMBL127084,Cc1cc(=O)c(Oc2ccc(F)cc2)c(-c2ccc(S(C)(=O)=O)cc2)o1,'=',979.94
CHEMBL338457,Cc1cc(=O)c(Oc2ccc(Br)cc2Cl)c(-c2ccc(S(C)(=O)=O)cc2)o1,'=',310.03
CHEMBL274457,CSc1nnc(-c2cc(C(C)(C)C)c(O)c(C(C)(C)C)c2)o1,'=',4100.0
CHEMBL16733,CCOc1nnc(-c2cc(C(C)(C)C)c(O)c(C(C)(C)C)c2)s1,'=',6100.0
CHEMBL1520238,Brc1ccc(CSc2nccn2-c2ccccc2)cc1,'>',100000.0
CHEMBL1352020,CCc1ccc(CSc2nccn2-c2ccccc2)cc1,'>',100000.0
CHEMBL4856727,O=C1N/C(=N\c2nnc(-c3ccc(O)cc3)s2)S/C1=C\c1ccccc1,'=',85.0
CHEMBL1956381,NS(=O)(=O)c1ccc(-n2nnnc2-c2ccccc2)cc1,'=',15000.0
CHEMBL2063852,CC(C(=O)O)c1ccc(Cc2ccco2)cc1F,'=',4100.0
CHEMBL2333735,COc1ccc(/C=C/c2cc(OC)cc(OC)c2/C=C/C(=O)N2CCC(Cl)CC2)cc1,'=',1450.0
CHEMBL405972,O=C1N/C(=N\c2nccs2)S/C1=C/c1cccc(Cl)c1,'=',262000.0
CHEMBL272622,NS(=O)(=O)c1ccc(/C=N/c2ccc(F)cc2)cc1,'=',4380.0
CHEMBL4876413,Cc1nc2oc(-c3ccccc3)nn2c(=O)c1CCN1CCCCC1,'=',99.0
CHEMBL406528,NS(=O)(=O)c1ccc(-c2nc(NCc3ccncc3)cc(C(F)(F)F)n2)cc1,'=',1890.0
CHEMBL257677,CS(=O)(=O)c1ccc(-c2nc(Cl)cc(NCc3ccc(F)cc3)n2)cc1,'=',33.7
CHEMBL257678,Cc1c(NCc2ccc(F)cc2)nc(-c2ccc(S(C)(=O)=O)cc2)nc1C(F)(F)F,'=',22.4
CHEMBL271932,COc1cc(NCc2ccccc2)nc(-c2ccc(S(C)(=O)=O)cc2)n1,'=',5.1
CHEMBL259678,CS(=O)(=O)c1ccc(-c2nc(NCc3cc(F)cc(F)c3)cc(C(F)(F)F)n2)cc1,'=',300.3
CHEMBL405841,CS(=O)(=O)c1ccc(-c2nc(NCc3ccc(F)cc3)cc(C(F)(F)F)n2)cc1,'=',77.2
CHEMBL403828,CS(=O)(=O)c1ccc(-c2nc(NCC3CCCC3)cc(C(F)(F)F)n2)cc1,'>',10000.0
CHEMBL273118,CS(=O)(=O)c1ccc(-c2nc(NCc3cc4ccccc4s3)cc(C(F)(F)F)n2)cc1,'=',293.4
CHEMBL3113239,O=S(=O)(Nc1ccncc1Nc1cccc(F)c1)C(F)(F)F,'=',240.0
CHEMBL46171,CS(=O)(=O)c1ccc(-c2cc(C(F)(F)F)cnc2OCc2ccc(Cl)cc2)cc1,'>',33000.0
CHEMBL463126,CC(C)=CCc1cc(/C=C/c2cc(O)cc(O)c2)c(O)cc1O,'=',36700.0
CHEMBL2087937,NS(=O)(=O)c1ccc(NN2C(=O)CSC2c2ccc(F)cc2)cc1,'=',63000.0
CHEMBL2087938,Cc1ccc(C2SCC(=O)N2Nc2ccc(S(N)(=O)=O)cc2)cc1,'=',24500.0
CHEMBL4448450,N#Cc1ccc(/C=N/NC(=O)c2cn(Cc3ccc(Cl)cc3)c3ccccc23)cc1,'=',7590.0
CHEMBL300021,COc1ccc(C2=C(c3ccc(S(C)(=O)=O)cc3)CN(c3ccccc3)C2=O)cc1,'=',340.0
CHEMBL442760,CN1CC(c2ccccc2)=C(c2ccc(S(C)(=O)=O)cc2)O1,'>',100000.0
CHEMBL23649,CS(=O)(=O)c1ccc(C2=C(Oc3ccccc3)C(=O)CC2)cc1,'=',11.0
CHEMBL166156,CS(=O)(=O)c1ccc(-n2nc(CO)cc2-c2ccccc2)cc1,'=',10000.0
CHEMBL126808,CC(=O)n1c(Br)cc(-c2ccc(F)cc2)c1-c1ccc(S(C)(=O)=O)cc1,'=',300000.0
CHEMBL328837,CS(=O)(=O)c1ccc(-c2csc(Br)c2-c2ccc(F)cc2)cc1,'=',15.0
CHEMBL296515,CS(=O)(=O)c1ccc(-c2nc(C(F)(F)F)cn2-c2ccc(S(C)(=O)=O)cc2)cc1,'=',5700.0
CHEMBL95572,COc1ccc2c(c1)c(CC(=O)NCc1ccccc1C)c(C)n2C(=O)c1ccc(Cl)cc1,'=',150.0
CHEMBL97219,COc1ccc2c(c1)c(CC(=O)Nc1cc(C)c(C(=O)Nc3ccccc3)cc1OC)c(C)n2C(=O)c1ccc(Cl)cc1,'=',600.0
CHEMBL39521,C=C[C@@H]1[C@@H](O)C[C@@H]2[C@]3(CC[C@]4(C)[C@@H]([C@H](C)CCC=C(C)C)CC[C@@]24C)C[C@]13CCC(=O)O,'=',4700.0
CHEMBL98903,COc1ccc(-c2cscc2-c2ccc(S(C)(=O)=O)cc2)cc1,'=',5000.0
CHEMBL322949,CS(=O)(=O)c1ccc(C2=C(c3ccc(F)c(Cl)c3)CCC2)cc1,'=',30.0
CHEMBL322045,CS(=O)(=O)c1ccc(C2=C(c3ccc(F)cc3)CC(CF)(CF)C2)cc1,'=',51.0
CHEMBL149506,CNC(=O)c1ccccc1Nc1c(Cl)ccc(C)c1Cl,'>',2000.0
CHEMBL147704,NS(=O)(=O)c1ccc(-n2nc(C(F)(F)F)cc2-c2cccc(F)c2)cc1CO,'=',7050.0
CHEMBL174314,CS(=O)(=O)c1ccc(-c2ccccc2Cc2ccccc2)cc1,'>',300000.0
CHEMBL400080,COc1ccc(N2C(=O)CSC2c2ccc(S(C)(=O)=O)cc2)cc1,'=',160.0
CHEMBL4069891,NS(=O)(=O)c1ccc(-n2nc(C(=O)OCCOc3ccc4ccc(=O)oc4c3)cc2-c2cccc(Cl)c2)cc1,'=',490.0
CHEMBL4290080,C[Si](C)(C)c1c(-c2ccccc2)noc1-c1ccc(S(C)(=O)=O)cc1,'>',100000.0
CHEMBL4289235,C[Si](C)(C)c1onc(-c2ccccc2)c1-c1ccc(S(C)(=O)=O)cc1,'=',4170.0
CHEMBL280326,COc1c(C(C)(C)C)cc(-c2nnc(SC)s2)cc1C(C)(C)C,'=',340.0
CHEMBL1766296,CC(C)(C)c1cc(CNC(=O)Nc2cccc(C(F)(F)F)c2)nn1-c1ccc(S(C)(=O)=O)cc1,'>',10000.0
CHEMBL330194,CCCCCCCOC(=O)Cc1c(C)n(C(=O)c2ccc(Cl)cc2)c2ccc(OC)cc12,'=',40.0
CHEMBL317332,COc1ccc2c(c1)c(CC(=O)NCc1ccc(C)cc1)c(C)n2C(=O)c1ccc(Cl)cc1,'=',60.0
CHEMBL49011,CS(=O)(=O)c1ccc(C2=C(c3ccc(F)cc3)C(=O)N(c3ccc(C(F)(F)F)cc3)C2)cc1,'=',950.0
CHEMBL366886,CS(=O)(=O)c1ccc(-n2nnnc2-c2ccc(F)c(F)c2)cc1,'>',30000.0
CHEMBL349310,c1ccc(-c2nn(-c3ccccc3)c3c2CCC3)cc1,'=',6200.0
CHEMBL442166,COc1ccc(-c2ccccc2-c2ccc(S(N)(=O)=O)cc2)cc1F,'=',33.11
CHEMBL44447,CS(=O)(=O)c1ccc(-c2ccc(C(F)(F)F)n2-c2ccc(F)cc2)cc1,'>',100000.0
CHEMBL1092138,CC(C(=O)O)c1ccc(=O)n(C(F)F)c1,'=',6400.0
CHEMBL1078376,Cc1ccc(Nc2cnccc2NS(C)(=O)=O)cc1,'=',12030.0
CHEMBL4071957,Cc1c(-c2nc3ccccn3c2N=O)cnn1-c1ccccc1,'=',1750.0
CHEMBL2334140,CCCNC(=O)/C=C/c1c(/C=C/c2ccc(OC)cc2)cc(OC)cc1OC,'=',6750.0
CHEMBL4871081,Cc1ccc(-c2cc(C)n(S(=O)(=O)Oc3ccc(I)cc3)n2)cc1,'=',9.2
CHEMBL296662,COc1ccc(-c2nc(C(F)(F)F)cn2-c2ccc(S(N)(=O)=O)cc2)cc1F,'=',30.0
CHEMBL355771,CS(=O)(=O)c1ccc(C2=C(c3ccc(F)cc3)C3CCC2C3)cc1,'=',30000.0
CHEMBL294969,CS(=O)(=O)c1ccc(-n2cc(CN)nc2-c2ccc(Cl)cc2)cc1,'>',100000.0
CHEMBL362290,Cc1[nH]c2cc(S(C)(=O)=O)ccc2c1Sc1ccc(F)cc1,'=',2200.0
CHEMBL363767,Cc1[nH]c2cc(S(C)(=O)=O)ccc2c1Sc1ccc(F)cc1F,'=',770.0
CHEMBL304982,CCC(C)OC1=C(c2ccc(S(C)(=O)=O)cc2)C(C)(C)OC1=O,'=',40.0
CHEMBL408215,NS(=O)(=O)c1ccc(-c2nc(NCc3ccsc3)cc(C(F)(F)F)n2)cc1,'=',72.0
CHEMBL271337,NS(=O)(=O)c1ccc(-c2nc(NCc3cccs3)cc(C(F)(F)F)n2)cc1,'=',22.3
CHEMBL184187,COc1ccc2c(-c3ccc(S(C)(=O)=O)cc3)c(-c3ccc(C)cc3)nn2n1,'=',50.0
CHEMBL4588711,COc1ccc(/C=N/c2c(C#N)cnn2-c2ccc(S(N)(=O)=O)cc2)cc1,'=',39.14
CHEMBL4562695,N#Cc1cnn(-c2ccc(S(N)(=O)=O)cc2)c1NC(=O)CCCl,'=',58.04
CHEMBL270043,COc1ccc(/C=N/c2ccc(S(N)(=O)=O)cc2)cc1O,'=',3500.0
CHEMBL404921,NS(=O)(=O)c1ccc(/N=C/c2cccc([N+](=O)[O-])c2)cc1,'=',6750.0
CHEMBL173961,CS(=O)(=O)c1ccc(-c2[nH]nnc2-c2ccccc2)cc1,'>',30000.0
CHEMBL99517,Cc1ccc(-c2sccc2-c2ccc(S(C)(=O)=O)cc2)cc1,'=',13000.0
CHEMBL18316,CC1(O)OC(=O)C(c2ccccc2)=C1c1ccc(S(C)(=O)=O)cc1,'=',1200.0
CHEMBL273815,CC1(O)OC(=O)C(c2ccc(Br)cc2)=C1c1ccc(S(C)(=O)=O)cc1,'=',1700.0
CHEMBL4449905,CC(=O)n1nc(-c2ccccc2)cc1-c1cn(-c2ccccc2)nc1-c1ccc(OCc2ccccc2)cc1,'=',1930.0
CHEMBL16797,CS(=O)(=O)c1ccc(-c2sc(CCCc3ccccc3)nc2-c2ccc(F)cc2)cc1,'=',520.0
CHEMBL320433,Cc1ccc(-c2cc(C(F)(F)F)n(-c3ccc(N=[N+]=[N-])cc3)n2)cc1,'=',2630.0
CHEMBL174990,CN1C(=O)/C(=C(/O)Nc2ccc(Cl)cc2)c2ccccc2C1=O,'=',46.0
CHEMBL145727,CCC#CCSc1ccccc1OC(C)=O,'=',5000.0
CHEMBL259468,CCN(CC)c1cc(NCc2cccs2)nc(-c2ccc(S(C)(=O)=O)cc2)n1,'=',6.1
CHEMBL409467,CS(=O)(=O)c1ccc(-c2nc(NCc3ccc(OC(F)(F)F)cc3)cc(C(F)(F)F)n2)cc1,'>',10000.0
CHEMBL446368,CS(=O)(=O)c1ccc(-c2nc([S+]([O-])Cc3ccccc3)cc(C(F)(F)F)n2)cc1,'>',10000.0
CHEMBL287447,NS(=O)(=O)c1ccc(-n2nc(CO)c(Cl)c2-c2ccc(Cl)cc2)cc1,'=',338.84
CHEMBL173072,CN1C(O)=C(C(=O)Nc2ccccc2Cl)c2cc(Cl)ccc2S1(=O)=O,'=',8.0
CHEMBL418448,COc1ccc(-c2cc(F)c(F)cc2-c2ccc(S(C)(=O)=O)cc2)cc1C,'=',12.88
CHEMBL331278,CS(=O)(=O)c1ccc(-c2cnc(C(=O)c3ccccc3)n2-c2ccc(F)cc2)cc1,'=',30.0
CHEMBL331135,CS(=O)(=O)c1ccc(-n2cnc(Cl)c2-c2ccccc2)cc1,'=',123.0
CHEMBL92102,Cc1ccc(C2=C(c3ccc(S(C)(=O)=O)cc3)CC3(CC3)C2)cc1,'=',1.514
CHEMBL116933,CS(=O)(=O)c1ccc(-n2c(Cl)nc(Cl)c2-c2ccc(F)cc2)cc1,'>',10000.0
CHEMBL359113,CC(C)(Oc1ccc(Cl)cc1)C(=O)NCCCN1c2ccccc2Sc2ccccc21,'=',1300.0
CHEMBL5279078,O=C(c1cccs1)c1sc(N2CCOCC2)nc1-c1ccc([N+](=O)[O-])cc1,'=',90.0
CHEMBL5281704,O=C(c1cccs1)c1sc(N(c2ccccc2)c2ccccc2)nc1-c1ccc(F)cc1,'=',90.0
CHEMBL108452,NS(=O)(=O)c1ccc(-n2cc(C(F)(F)F)nc2-c2cccnc2)cc1,'=',440.0
CHEMBL42225,CS(=O)(=O)c1ccc(-n2cc(C(F)(F)F)nc2-c2ccccc2)cc1,'=',120.23
CHEMBL4090622,O=C(O)C1=Cc2cc(S(F)(F)(F)(F)F)cc(Cc3ccccc3)c2OC1C(F)(F)F,'>',100000.0
CHEMBL5271772,COc1ccc2ccc(F)c(CC(=O)N/N=C/c3cccc(C(F)(F)F)c3)c2n1,'=',130.0
CHEMBL1076751,Cc1cccc(-c2ccc(NC(=O)C3=C(O)c4ccccc4S(=O)(=O)N3)cc2)c1C,'=',94700.0
CHEMBL589812,Cc1c(CC(=O)OC(C)C)cc(-c2ccc(S(C)(=O)=O)cc2)n1-c1cccc(F)c1,'=',2000.0
CHEMBL388756,CS(=O)(=O)c1ccc([C@H]2O[C@@H](CO)C[C@]2(O)c2ccc(S(C)(=O)=O)cc2)cc1,'=',6500.0
CHEMBL324957,Cc1ncn(-c2ccc(S(C)(=O)=O)cc2)c1-c1ccc(F)cc1,'=',144.0
CHEMBL156533,CS(=O)(=O)c1ccc(-n2nc(-c3ccc(Cl)cc3)c3c2CCCC3)cc1,'>',10000.0
CHEMBL577482,CS(=O)(=O)c1ccc(-n2nc(C(F)(F)F)cc2-c2ccc(CC(=O)O)cc2)cc1,'=',2300.0
CHEMBL282360,COc1ccc(-c2cc(C(F)(F)F)nn2-c2ccc(S(N)(=O)=O)cc2)cc1OC,'=',600.0
CHEMBL4206180,COc1ccc(C(=O)Nc2ccc3oc(-c4ccc(OC)c(OC)c4)nc3c2)cc1OC,'=',2700.0
CHEMBL86363,COc1ccc(C2=C(c3ccc(S(C)(=O)=O)cc3)CC3(CC3)C2)cc1Br,'=',13.0
CHEMBL5272126,O=C(c1cccs1)c1sc(N2CCOCC2)nc1-c1ccc(C(F)(F)F)cc1,'=',90.0
CHEMBL5283995,O=C(c1cccs1)c1sc(N(c2ccccc2)c2ccccc2)nc1-c1ccc(C(F)(F)F)cc1,'=',90.0
CHEMBL5267656,Cc1ccc(-c2cs/c(=N\C(=O)c3cccs3)n2-c2ccccc2)cc1,'=',90.0
CHEMBL5277545,CCOP(=O)(OCC)C(NC(=O)c1cc(-c2cccc3ccccc23)n(-c2ccccc2F)n1)c1ccc(Br)cc1,'=',220.0
CHEMBL5265917,CCOP(=O)(OCC)C(NC(=O)c1cc(-c2ccc(Cl)cc2)n(-c2ccc(S(N)(=O)=O)cc2)n1)c1ccccc1,'=',280.0
CHEMBL94494,Cc1cc2c(cc1F)-c1c(c(C(F)(F)F)nn1-c1ccc(S(N)(=O)=O)cc1)SC2,'=',16.0
CHEMBL1210018,CO/N=[N+](/[O-])c1ccc(-c2cc(C(F)(F)F)nn2-c2ccc(S(C)(=O)=O)cc2)cc1,'=',1600.0
CHEMBL54619,Cc1ccc(-c2cc(F)c(F)cc2-c2ccc(S(N)(=O)=O)cc2)nc1,'=',330.0
CHEMBL347697,CCCCCCCCCCCCCCCc1cccc(OCC)c1CSc1nc2ccccc2o1,'>',10000.0
CHEMBL26829,COc1ccc2c(c1)c(Cc1nc(-c3ccc([N+](=O)[O-])cc3)cs1)c(C)n2C(=O)c1ccc(Br)cc1,'=',7.0
CHEMBL1916958,O=C(NS(=O)(=O)c1ccc(Cl)cc1)c1ccncc1,'=',12600.0
CHEMBL1916959,O=C(NS(=O)(=O)c1ccc(Br)cc1)c1ccncc1,'=',7800.0
CHEMBL1916960,Cc1ccc(S(=O)(=O)NC(=O)c2ccncc2)cc1,'=',19400.0
CHEMBL1916962,O=C(NS(=O)(=O)c1ccc(F)cc1)c1ccccn1,'=',6300.0
CHEMBL43654,Cc1cccc(Cl)c1-c1nc(C(F)(F)F)cn1-c1ccc(S(C)(=O)=O)cc1,'>',100000.0
CHEMBL157714,C=Cc1nc2sc(-c3ccc(S(C)(=O)=O)cc3)c(-c3ccccc3)n2n1,'=',6.0
CHEMBL4067927,CC1(C)Oc2cc(C#Cc3cc(Cl)ccc3F)ccc2-c2[nH]c(-c3c(F)cccc3Cl)nc21,'=',9880.0
CHEMBL4069833,CC1(C)Oc2cc(-c3cccc(OC(F)(F)F)c3)ccc2-c2[nH]c(-c3c(F)cccc3Cl)nc21,'>',10000.0
CHEMBL42175,CS(=O)(=O)c1ccc(-n2cc(C(F)(F)F)nc2-c2cccc(Cl)c2)cc1,'=',60.0
CHEMBL46712,Cc1cccc(-c2nc(C(F)(F)F)cn2-c2ccc(S(C)(=O)=O)cc2)c1,'=',60.0
CHEMBL516680,NS(=O)(=O)c1ccc(-n2nc(C(F)(F)F)cc2-c2ccn(C(F)F)c(=O)c2)cc1,'=',690.0
CHEMBL282085,COc1ccc(-c2cc(C(F)F)nn2-c2ccc(S(N)(=O)=O)cc2)cc1,'=',15.14
CHEMBL118081,COc1ccc(-c2c(Cl)ncn2-c2ccc(S(C)(=O)=O)cc2)cc1C,'=',13.0
CHEMBL127494,Cn1c(Cl)c(Cl)c(-c2ccc(F)cc2)c1-c1ccc(S(C)(=O)=O)cc1,'=',25000.0
CHEMBL109623,CN(C)c1ccc(C2=C(c3ccc(S(C)(=O)=O)cc3)CCC2)cc1Cl,'=',5.012
CHEMBL347198,COc1ccc(NNC(=O)c2ccccc2)cc1,'=',180.0
CHEMBL99374,Cc1ccc(-c2cscc2-c2ccc(S(C)(=O)=O)cc2)cc1,'=',4000.0
CHEMBL71022,CS(=O)(=O)c1ccc(-c2coc(=O)n2-c2ccccc2)cc1,'=',1599.56
CHEMBL321160,COc1c(Cl)cc(C2=C(c3ccc(S(C)(=O)=O)cc3)CCC2)cc1Cl,'=',17.0
CHEMBL43864,Cc1ccc(-c2ccc(S(C)(=O)=O)cc2)n1C1CCCCC1,'=',520.0
CHEMBL110574,Cc1ncccc1-c1nc(C(F)(F)F)cn1-c1ccc(S(C)(=O)=O)cc1,'=',9549.93
CHEMBL93803,CS(=O)(=O)c1ccc(C2=C(c3ccccc3)CC2)cc1,'>',5000.0
CHEMBL44068,Cc1ccc(-c2ccc(S(C)(=O)=O)cc2)[nH]1,'>',100000.0
CHEMBL348104,Cc1nc2sc(-c3ccc(S(C)(=O)=O)cc3)c(-c3cccc(F)c3)n2n1,'=',14000.0
CHEMBL172364,CS(=O)(=O)c1ccc(-c2ccccc2Oc2ccccc2)cc1,'=',33000.0
CHEMBL278392,CS(=O)(=O)c1ccc(C2=C(c3cc(Cl)c(Cl)c(Cl)c3)C(=O)CC2)cc1,'=',930.0
CHEMBL3265358,O=[N+]([O-])c1ccc(-c2nn(-c3ccccc3)cc2-c2nnc(-c3ccncc3)o2)cc1,'=',500.0
CHEMBL1242365,Brc1ccc(-c2nn(-c3ccccc3)cc2-c2nnc(-c3ccccc3)o2)cc1,'>',100000.0
CHEMBL422530,O=C(NNc1ccc(Cl)cc1)c1ccc(Cl)cc1,'=',340.0
CHEMBL5411339,O=C(CNc1ncnc2sc3c(c12)CCCC3)NN=Cc1ccc(F)cc1,'=',21990.0
CHEMBL305507,CC(OC1=C(c2ccc(S(C)(=O)=O)cc2)C(C)(C)OC1=O)C1CC1,'=',80.0
CHEMBL44141,CS(=O)(=O)c1ccc(C2=C3c4ccccc4CCC3OC2=O)cc1,'=',562.0
CHEMBL326097,COc1cc(-c2c(Cl)ncn2-c2ccc(S(C)(=O)=O)cc2)ccc1C,'=',15.0
CHEMBL144317,O=C1CCc2cc(NC(=O)C(F)(F)F)c(Sc3ccc(F)cc3F)cc21,'>',10000.0
CHEMBL2160149,O=C1CSC(N2N=C(c3ccc(Cl)c(Cl)c3)CC2c2ccccc2Cl)=N1,'=',18400.0
CHEMBL356804,COc1ccccc1Sc1cc2c(cc1NS(C)(=O)=O)CCC2=O,'>',10000.0
CHEMBL2160143,O=C1CSC(N2N=C(c3ccc(Cl)c(Cl)c3)CC2c2ccc(F)cc2)=N1,'=',19400.0
CHEMBL2398532,COc1ccc(-c2cn(CCc3ccc(S(N)(=O)=O)cc3)nn2)cc1,'=',27000.0
CHEMBL2398533,NS(=O)(=O)c1ccc(-n2cc(-c3ccc(Cl)cc3)nn2)cc1,'=',1300.0
CHEMBL365252,COc1ccc(-c2c(-c3ccc(S(C)(=O)=O)cc3)ccc(F)c2F)cc1F,'=',20.89
CHEMBL187468,CCc1ccc2c(-c3ccc(S(C)(=O)=O)cc3)c(-c3ccc(F)cc3)nn2n1,'=',48.0
CHEMBL224612,O=S(=O)(Nc1ccncc1Sc1ccccc1)C(F)(F)F,'=',530.0
CHEMBL571658,O=C(O)c1ccc(-c2ccn(C(F)F)c(=O)c2)cc1O,'=',4400.0
CHEMBL4761194,COc1ccc(OC)c(/C=N/Nc2nc(-c3ccc(S(C)(=O)=O)cc3)cs2)c1,'=',239.0
CHEMBL436116,NS(=O)(=O)c1ccc(-c2nc3ccccc3n2-c2ccc(Cl)cc2)cc1,'=',200.0
CHEMBL4848763,COc1ccc(-c2cc(-c3nnc(SC/C(=N/O)c4ccccc4)n3-c3ccccc3)c3ccccc3n2)cc1,'=',1600.0
CHEMBL3885011,COC(=O)Cc1c(C)n(Cc2ccc(-c3cn(CCCCCCCC(=O)NO)nn3)cc2)c2ccc(OC)cc12,'=',4580.0
CHEMBL4755060,Fc1ccc(CNc2nc(/C=C/c3ccccc3)nc3cc(-c4cccs4)ccc23)cc1F,'>',50000.0
CHEMBL4753324,Fc1ccc(Nc2nc(/C=C/c3ccccc3)nc3cc(Br)ccc23)cc1F,'>',50000.0
CHEMBL3113233,Cc1ccc(Nc2cnccc2NS(=O)(=O)C(F)(F)F)cc1Cl,'=',1960.0
CHEMBL3113242,CS(=O)(=O)Nc1ccncc1Nc1ccc(F)cc1,'=',20680.0
CHEMBL3113241,CS(=O)(=O)Nc1ccncc1Nc1cccc(F)c1,'=',10050.0
CHEMBL265078,COc1ccc2c(c1)c(CC(=O)Nc1ccc(Cl)cc1)c(C)n2C(=O)c1ccc(Cl)cc1,'=',55.0
CHEMBL319306,CS(=O)(=O)c1ccc(-c2cscc2-c2ccc(F)cc2)cc1,'=',470.0
CHEMBL3238416,Cc1ccc(C2=C(c3ccc(S(N)(=O)=O)cc3)COC2=O)cc1,'=',110.0
CHEMBL150340,CCN(CC)Cc1cc(/C=C/S(N)(=O)=O)cc(C(=O)c2ccccc2)c1,'=',7100.0
CHEMBL222482,COC1(c2cc(F)cc(OCc3cc(-c4ccccc4)n(-c4ccc(OC(F)(F)F)cc4)n3)c2)CCOCC1,'=',820.0
CHEMBL108961,Cc1ccnc(-c2nc(C(F)(F)F)cn2-c2ccc(S(N)(=O)=O)cc2)c1,'=',436.52
CHEMBL282838,NS(=O)(=O)c1ccc(-n2nc(CO)cc2-c2ccc(Cl)cc2)cc1,'=',831.76
CHEMBL4086580,NS(=O)(=O)c1ccc(OC(=O)c2c(-c3ccccc3)sc3c2CCCC3)cc1,'=',670.0
CHEMBL17043,CS(=O)(=O)c1ccc(-c2sc(-c3ccccc3Cl)nc2-c2ccc(F)cc2F)cc1,'=',21.0
CHEMBL157950,Cc1ccc(NNC(=O)c2ccccc2)cc1,'=',330.0
CHEMBL19299,CC(C(=O)O)c1ccc(CC2CCCC2=O)cc1,'>',100000.0
CHEMBL107706,CC1(C)OC(=O)C(Oc2ccc(F)cn2)=C1c1ccc(S(C)(=O)=O)cc1,'=',80.0
CHEMBL44152,Cc1c(COc2ccc(Cl)cc2)cc(-c2ccc(S(C)(=O)=O)cc2)n1-c1ccc(F)cc1,'=',30.0
CHEMBL324509,CCOc1ccc(-c2c(Cl)ncn2-c2ccc(S(C)(=O)=O)cc2)cc1,'=',4.0
CHEMBL571852,CC(=O)NS(=O)(=O)c1ccc(-c2ccn(C(F)F)c(=O)c2)cc1C(=O)O,'=',17600.0
CHEMBL155806,COc1ccc(-n2nc(-c3ccc(Cl)cc3)c3c2CCC(NOC(C)=O)C3)cc1,'>',10000.0
CHEMBL110446,CS(=O)(=O)c1ccc(-n2cc(C(F)(F)F)nc2-c2cnc3ccccc3c2)cc1,'=',630.96
CHEMBL419407,NS(=O)(=O)c1ccc(-n2cnc(Cl)c2-c2cc(Cl)cc(Cl)c2)cc1,'=',2.0
CHEMBL144232,CC#CCSc1ccccc1OC(C)=O,'=',20000.0
CHEMBL497858,CC(COC(=O)C(C)c1cccc(C(=O)c2ccccc2)c1)O[N+](=O)[O-],'=',730.0
CHEMBL502285,CS(=O)(=O)c1ccc(-c2[nH]c3ccc(Cl)cc3c2-c2ccccc2)cc1,'=',0.36
CHEMBL499041,NS(=O)(=O)c1ccc(-c2[nH]c3ccccc3c2-c2ccc(Br)cc2)cc1,'=',8.356
CHEMBL502286,NS(=O)(=O)c1ccc(-c2[nH]c3ccc(Br)cc3c2-c2ccccc2)cc1,'=',5.0
CHEMBL502555,Cc1ccc(-c2c(-c3ccc(S(N)(=O)=O)cc3)[nH]c3ccccc23)cc1,'=',0.06998
CHEMBL4786548,C/C(=N\NC(N)=O)c1nnn(-c2ccc(F)cc2)c1C,'=',270.0
CHEMBL4792785,C/C(=N\NC(N)=S)c1nnn(-c2ccc(C(=O)O)cc2)c1C,'=',50.0
CHEMBL4761227,CCCCCCCCCCCc1cc(O)cc(OC)c1O,'=',550.0
CHEMBL4798135,CCCCCCCCCCCCCc1cc(O)cc(OC)c1O,'=',1550.0
CHEMBL4750752,CCCCCCCCCCCCCCCc1cc(O)cc(OC)c1O,'=',2710.0
CHEMBL4739960,CCCCCc1cccc(OC)c1O,'=',4650.0
CHEMBL4764453,CCCCCC1=CC(=O)C=C(OC)C1=N,'=',5820.0
CHEMBL1669036,CCOc1ccc(-c2cc(Cl)cc3c2OC(C(F)(F)F)C(C(=O)O)=C3)cc1,'=',355.0
CHEMBL1630253,CC(C)CSc1cc2c(cc1Cl)C=C(C(=O)O)[C@H](C(F)(F)F)O2,'=',8.0
CHEMBL1669028,CS(=O)(=O)Nc1ccc(-c2cc(Cl)cc3c2OC(C(F)(F)F)C(C(=O)O)=C3)cc1,'=',40100.0
CHEMBL4751020,COc1ccc(CNc2nc(Cl)nc3cc(-c4cccs4)ccc23)cc1,'>',50000.0
CHEMBL4777820,COC(=O)CC1N(C(=O)Nc2nccs2)C(=O)c2ccccc2S1(=O)=O,'=',459700.0
CHEMBL47447,CC(=O)Nc1ccc(-c2cc(C)nn2-c2ccc(Br)cc2)cc1,'=',550.0
CHEMBL307606,NS(=O)(=O)c1ccc(-c2coc(=O)n2-c2ccc(C(=O)O)cc2)cc1,'=',59000.0
CHEMBL1958348,CC(=O)Oc1ccccc1C(=O)Oc1ccc(CCO)cc1,'=',380.0
CHEMBL2159923,Cc1ccc(C2=NN(C3=NC(=O)CS3)C(c3ccc(Cl)cc3)C2)cc1C,'=',4500.0
CHEMBL442441,C/C(=N/OCc1ccccc1Nc1c(Cl)cccc1Cl)C(=O)O,'=',100.0
CHEMBL2158356,Cc1c(Cl)cccc1NC(=O)C(C)Oc1cc(=O)oc2ccccc12,'=',74910.0
CHEMBL2158006,CC(Oc1cc(=O)oc2ccccc12)C(=O)Nc1ccc(N2CCOCC2=O)cc1,'=',12640.0
CHEMBL2158365,CC(Oc1cc(=O)oc2ccccc12)C(=O)Nc1ccncc1,'=',52390.0
CHEMBL403957,CS(=O)(=O)c1ccc(-c2nc(NCc3ccc(Cl)s3)cc(C(F)(F)F)n2)cc1,'=',5.4
CHEMBL493969,CC(=O)c1cc(C(C)=O)c2c(=O)cc(-c3ccccc3)oc2c1,'=',2700.0
CHEMBL3775699,CC(C(=O)O)c1ccc(-c2cccc(OC(=O)NC3CCCC3)c2)c(F)c1,'>',100000.0
CHEMBL3774586,CC(C(=O)O)c1ccc(-c2cccc(OC(=O)NCCCc3ccccc3)c2)c(F)c1,'=',6200.0
CHEMBL3774833,CCCCCCNC(=O)Oc1cccc(-c2ccc(C(C)C(=O)O)cc2C)c1,'=',1400.0
CHEMBL503641,CC(=O)Nc1ccc2[nH]ncc2c1,'=',107151.93
CHEMBL462709,COc1c(C(C)(C)C)cc(-c2cc(=S)ss2)cc1C(C)(C)C,'=',47.2
CHEMBL512916,CN(C)c1ccc(-c2cn(-c3ccc(S(C)(=O)=O)cc3)nn2)cc1,'>',10000.0
CHEMBL609572,CSc1ccc(C2=C(c3ccccc3)C(=O)OC2=O)cc1,'=',18450.0
CHEMBL1080553,O=C(CNS(=O)(=O)c1ccccc1C(=O)O)Nc1ccc(-c2ccc(Cl)c(Cl)c2)cc1,'>',100000.0
CHEMBL579022,CC(=O)NS(=O)(=O)c1cc(-c2ccn(C(F)F)c(=O)c2)ccc1C(=O)O,'=',2600.0
CHEMBL1163223,COc1ccc2c(c1)c1c(n2Cc2ccc(S(C)(=O)=O)cc2)CCN(CCCOc2cc(F)cc(C3(OC)CCOCC3)c2)C1.Cl,'=',109200.0
CHEMBL49918,CS(=O)(=O)c1ccc(-c2cc(C(F)(F)F)cnc2OC(C(F)(F)F)C(F)(F)F)cc1,'<',200.0
CHEMBL146465,CC(=O)NCc1cc(-n2nc(C(F)(F)F)cc2-c2ccc(Cl)cc2)ccc1S(N)(=O)=O,'=',5000.0
CHEMBL95052,COc1ccc2c(c1)c(CC(=O)N1CCCCC1)c(C)n2C(=O)c1ccc(Cl)cc1,'>',17000.0
CHEMBL18251,CC1(O)OC(=O)C(c2ccc(Cl)c(Cl)c2)=C1c1ccc(S(C)(=O)=O)cc1,'=',850.0
CHEMBL1163238,COc1ccc2c(c1)c1c(n2C(=O)c2ccccc2F)CCN(CCCOc2cc(F)cc(C3(OC)CCOCC3)c2)C1.Cl,'=',126000.0
CHEMBL1164949,COC1(c2cc(F)cc(OCCCN3CCc4c(c5ccccc5n4C(=O)c4ccccc4)C3)c2)CCOCC1.Cl,'=',101900.0
CHEMBL322720,CS(=O)(=O)c1ccc(-n2cc(C(F)F)nc2-c2cccnc2)cc1,'=',20700.0
CHEMBL156256,Clc1ccc(-c2nn(-c3ccccc3)c3c2CCCC3)cc1,'=',620.0
CHEMBL17276,CS(=O)(=O)c1ccc(-c2sc(Cc3ccccc3)nc2-c2ccc(F)cc2)cc1,'=',18.0
CHEMBL423004,CS(=O)(=O)c1ccc(C2=C(c3ccc(F)c(C(F)(F)F)c3)CCC2)cc1,'>',100000.0
CHEMBL471171,Cc1ccc(-c2[se]ncc2-c2ccc(Cl)cc2)cc1,'=',0.0
CHEMBL499348,NS(=O)(=O)c1ccc(-c2[nH]c3ccc(F)cc3c2-c2ccccc2)cc1,'=',2.0
CHEMBL524662,NS(=O)(=O)c1ccc(-c2[nH]c3ccccc3c2-c2ccc(Cl)cc2)cc1,'=',33.5
CHEMBL527107,CS(=O)(=O)c1ccc(-c2[nH]c3ccc(Br)cc3c2-c2ccccc2)cc1,'=',1.409
CHEMBL28662,FC(F)(F)c1cc(-c2ccccc2)n(-c2ccccc2)n1,'>',100000.0
CHEMBL52020,Cc1cc(-c2cc(F)c(F)cc2-c2ccc(S(N)(=O)=O)cc2)ccc1F,'=',2.0
CHEMBL317321,CCn1nccc1NC(=O)Cc1c(C)n(C(=O)c2ccc(Cl)cc2)c2ccc(OC)cc12,'=',700.0
CHEMBL421385,COc1ccc2c(c1)c(CC(=O)NOCc1ccccc1)c(C)n2C(=O)c1ccc(Cl)cc1,'=',50.0
CHEMBL316823,NS(=O)(=O)c1ccc(-c2cscc2-c2ccc(F)cc2)cc1,'=',8.0
CHEMBL306217,CS(=O)(=O)c1ccc(-c2[nH]nc(C(F)(F)F)c2-c2ccc(F)cc2)cc1,'>',100000.0
CHEMBL95021,NS(=O)(=O)c1ccc(-n2nc(C(F)(F)F)c3c2-c2ccccc2OC3)cc1,'=',1330.15
CHEMBL119618,CCCN(C(=O)c1cc(C(C)(C)C)c2c(c1)C(C)(C)CO2)C1CC1,'=',4000.0
CHEMBL367739,Cc1cnc(NC(=O)C2=C(O)c3sccc3S(=O)(=O)N2C)s1,'=',510.0
CHEMBL4557315,N#Cc1c(/N=C/c2ccc(O)cc2)c(C(=O)Nc2ccc(Br)cc2)n2c1CCC2,'=',640.0
CHEMBL4531924,N#Cc1c(/N=C/c2cccnc2)c(C(=O)Nc2ccc(Br)cc2)n2c1CCC2,'=',9840.0
CHEMBL4471314,CC/C=N/c1c(C#N)c2n(c1C(=O)Nc1ccc(Cl)cc1)CCC2,'=',4240.0
CHEMBL4547592,CC/C=N/c1c(C#N)c2n(c1C(=O)Nc1ccccc1)CCCC2,'=',7140.0
CHEMBL297527,CS(=O)(=O)Nc1ccc(-c2cc(C(F)(F)F)nn2-c2ccc(N)cc2)cc1,'=',2640.0
CHEMBL353353,CCCCCCCCCCCCCCCc1cccc(OCC)c1CSc1nc2cc(OC)ccc2[nH]1,'=',6250.0
CHEMBL28220,COc1ccc2c(c1)c(Cc1nc(-c3ccc(Cl)cc3)cs1)c(C)n2C(=O)c1ccc(Br)cc1,'=',7.0
CHEMBL1957452,CSCC[C@H](NC(=O)[C@H](Cc1c[nH]c2ccccc12)NC(=O)c1ccc(F)cc1)C(=O)N[C@@H](CC(=O)O)C(=O)O,'=',450000.0
CHEMBL1957568,O=C(N[C@@H](Cc1ccccc1)C(=O)N[C@@H](CS)C(=O)N[C@@H](CO)C(=O)O)c1ccc(F)cc1,'=',13000.0
CHEMBL1957574,O=C(O)C[C@H](NC(=O)[C@H](Cc1ccc(O)cc1)NC(=O)c1ccc(F)cc1)C(=O)O,'=',110000.0
CHEMBL282084,Nc1ccc(-c2cc(C(F)(F)F)nn2-c2ccc(S(N)(=O)=O)cc2)cc1,'=',340.0
CHEMBL16952,CS(=O)(=O)c1ccc(-c2sc(-c3ccncc3)nc2-c2ccc(F)cc2)cc1,'=',1600.0
CHEMBL442063,CS(=O)(=O)c1ccc(-c2sc(-c3ccccc3)nc2-c2ccc(F)cc2)cc1,'>',30000.0
CHEMBL1957879,FC(F)(F)c1ccc(/N=C/c2c[nH]c3ccccc23)cc1,'=',11600.0
CHEMBL330200,COc1ccc2c(c1)c(CC(=O)Oc1ccc3ccccc3c1)c(C)n2C(=O)c1ccc(Cl)cc1,'>',8000.0
CHEMBL97935,CS(=O)(=O)c1ccc(-c2c(-c3ccc(F)cc3)csc2Br)cc1,'>',30000.0
CHEMBL161590,CCc1nc(C2CCCCC2)c(-c2ccc(S(C)(=O)=O)cc2)o1,'=',270.0
CHEMBL2112567,CC(C)(C)c1cc(/C=C2\CCOC2=O)cc2c1OCC2(C)C,'=',3.5
CHEMBL25035,CC[C@@H](C)NC(=O)Cc1c(C)n(C(=O)c2ccc(Cl)cc2)c2ccc(OC)cc12,'=',130.0
CHEMBL336011,NS(=O)(=O)c1ccc(C2=C(c3cc(F)c(F)c(F)c3)CCC2)cc1,'=',2900.0
CHEMBL97130,COc1ccc2c(c1)c(CC(=O)NCCc1ccccc1)cn2C(=O)c1ccc(Cl)cc1,'>',66000.0
CHEMBL4799478,COc1ccc(-c2noc(CC(=O)NCc3ccc(CNC(=O)Cc4onc(-c5ccc(OC)cc5)c4-c4ccc(OC)cc4)cc3)c2-c2ccc(OC)cc2)cc1,'>',50000.0
CHEMBL183088,CS(=O)(=O)c1ccc(-c2ccc(F)c(F)c2-c2ccc(F)cc2)cc1,'=',14.13
CHEMBL5219227,C[C@H](C(=O)N(C)CC(O)(Cn1ccnc1)c1ccc(Cl)cc1Cl)c1cccc(C(=O)c2ccccc2)c1,'=',1930.0
CHEMBL5275709,Nc1c(C(=O)N/N=C/c2ccc(C(=O)Oc3ccccc3)cc2)sc2nc(-c3ccc(Cl)cc3)cc(-c3cccs3)c12,'=',104.0
CHEMBL5287611,CCCCCC1C(C)=c2c(OCc3nnc(SCC(=O)N4CCN(c5ncccn5)CC4)o3)nn(C)c(=O)c2=C1C,'=',6800.0
CHEMBL1630254,CC(C)CSc1cc2c(cc1Cl)C=C(C(=O)O)[C@@H](C(F)(F)F)O2,'=',150.0
CHEMBL1630252,CC(C)Cc1cc2c(cc1Cl)C=C(C(=O)O)[C@@H](C(F)(F)F)O2,'=',910.0
CHEMBL4087573,Cc1c(C(=O)NC2CCCCC2)nc2ccc(Cl)cc2c1O,'=',1410.0
CHEMBL17739,NS(=O)(=O)c1ccc(-c2sc(-c3ccccc3Cl)nc2-c2ccc(F)cc2)cc1,'=',13.0
CHEMBL279608,CC(C)(C)c1cc(-c2nsc(NS(C)(=O)=O)n2)cc(C(C)(C)C)c1O,'>',20000.0
CHEMBL49056,COc1ccc(C2=C(c3ccc(S(C)(=O)=O)cc3)CN(c3ccccc3Cl)C2=O)cc1,'=',220.0
CHEMBL577045,NS(=O)(=O)c1ccc(-n2nc(C(F)(F)F)cc2-c2ccc(CC(=O)O)cc2)cc1,'=',1800.0
CHEMBL42595,CS(=O)(=O)c1ccc(-n2cc(C(F)(F)F)nc2-c2ccc(F)c(F)c2)cc1,'=',120.0
CHEMBL320111,Cc1ccc(OC2=C(c3ccc(S(C)(=O)=O)cc3)C(C)(C)OC2=O)nc1,'=',380.0
CHEMBL97467,COc1ccc2c(c1)c(CC(=O)Oc1cc(C)cc(C)c1)c(C)n2C(=O)c1ccc(Cl)cc1,'>',8000.0
CHEMBL327510,CCN(CC)C(=O)Cc1c(C)n(C(=O)c2ccc(Cl)cc2)c2ccc(OC)cc12,'=',25000.0
CHEMBL147016,Cc1ccc(Cl)c(Nc2ccccc2C(=O)NOCc2ccc([N+](=O)[O-])cc2)c1Cl,'=',66000.0
CHEMBL282185,COC(=O)c1cc2cc(S(C)(=O)=O)ccc2n1C(=O)c1ccc(Cl)cc1,'=',730.0
CHEMBL184122,COc1ccc(-c2c(-c3ccc(S(N)(=O)=O)cc3)ccc(F)c2F)cc1Cl,'=',12.88
CHEMBL426856,C[S@@+]([O-])c1ccc(C2=C(c3ccccc3)C(=O)OC2)cc1,'=',4220.0
CHEMBL596692,O=C(O)Cc1ccc(-c2ccn(C(F)F)c(=O)c2)cc1,'=',890.0
CHEMBL318495,CNC(=O)Cc1c(C)n(C(=O)c2ccc(Cl)cc2)c2ccc(OC)cc12,'=',700.0
CHEMBL127642,CS(=O)(=O)c1ccc(-c2[nH]c(C(=O)C(F)(F)F)cc2-c2ccc(F)cc2)cc1,'=',298200.0
CHEMBL265562,NS(=O)(=O)c1ccc(C2=C(c3ccc(F)cc3)CCC2)cc1,'=',7.0
CHEMBL331921,Cc1cnc2c(-c3ccc(F)cc3)c(-c3ccc(S(C)(=O)=O)cc3)nn2c1C,'=',12.0
CHEMBL237204,Cc1c(CC(=O)NCCCO[N+](=O)[O-])c2cc(O)ccc2n1C(=O)c1ccc(Cl)cc1,'=',3500.0
CHEMBL494905,CCOC(=O)C(O)c1cc(-c2ccc(S(C)(=O)=O)cc2)n(-c2cccc(F)c2)c1C,'=',3800.0
CHEMBL149597,CS(=O)(=O)c1ccc(-c2c(-c3ccc(Cl)cc3)nc3sc(Cl)c(Cl)n23)cc1,'=',3600.0
CHEMBL456235,CCCCCCc1ccc(-c2ccc(O)c(OC)c2)o1,'=',8400.0
CHEMBL237400,COc1cc2c(CC(=O)NCCCO[N+](=O)[O-])c(C)n(C(=O)c3ccc(Cl)cc3)c2cc1Cl,'=',5800.0
CHEMBL237399,COc1cc2c(CC(=O)O)c(C)n(C(=O)c3ccc(Cl)cc3)c2cc1Cl,'=',4100.0
CHEMBL16878,CC(C)(C)c1cc(-c2nnc(N=C(N)N)o2)cc(C(C)(C)C)c1O,'=',23000.0
CHEMBL329419,CS(=O)(=O)c1ccc(-c2cccnc2-c2cccnc2)cc1,'=',610.0
CHEMBL48332,CS(=O)(=O)c1ccc(C2=C(c3ccccc3)C(=O)N(c3ccc(F)cc3)C2)cc1,'=',350.0
CHEMBL165946,CCCCc1cc(-c2ccccc2)n(-c2ccc(S(C)(=O)=O)cc2)n1,'>',10000.0
CHEMBL73572,COC(=O)Cc1c(C)n(C(=O)c2ccc(Cl)cc2)c2ccc(OC)cc12,'=',250.0
CHEMBL17101,Cc1nc(-c2ccccc2)c(-c2ccc(S(N)(=O)=O)cc2)s1,'=',38.0
CHEMBL316484,COc1ccc2c(c1)c(CC(=O)OCCc1ccccc1)c(C)n2Cc1ccc(Br)cc1,'>',66000.0
CHEMBL283388,CCOc1ccc(-c2cc(C(F)(F)F)nn2-c2ccc(S(N)(=O)=O)cc2)cc1,'=',645.65
CHEMBL2262934,Cc1c(CC(=O)O)cc(-c2ccccc2)cc1-c1ccccc1,'=',120000.0
CHEMBL95659,COc1ccc2c(c1)c(CC(=O)NNCc1ccccc1)c(C)n2C(=O)c1ccc(Cl)cc1,'=',2500.0
CHEMBL161377,CCS(=O)(=O)c1ccc(-c2oc(C)nc2-c2ccc(F)cc2)cc1,'=',38000.0
CHEMBL338914,CS(=O)(=O)c1ccc(-c2[nH]c(Cl)c(Cl)c2-c2ccc(F)cc2)cc1,'=',69000.0
CHEMBL420479,CS(=O)(=O)c1ccc(-n2cc(C(F)(F)F)nc2-c2ccncc2)cc1,'>',100000.0
CHEMBL17047,CS(=O)(=O)c1ccc(-c2nc(C(F)(F)F)sc2-c2ccc(F)cc2)cc1,'=',6.0
CHEMBL29887,COc1ccc(-c2cc(C(F)(F)F)nn2-c2ccc(S(N)(=O)=O)cc2)cc1C,'=',9.3
CHEMBL28913,CSc1ccc(-c2cc(C(F)(F)F)nn2-c2ccc(S(N)(=O)=O)cc2)cc1C,'=',3.7
CHEMBL43672,NS(=O)(=O)c1ccc(-n2cc(C(F)(F)F)nc2-c2cccc(F)c2)cc1,'=',30.0
CHEMBL43089,COc1cc(F)cc(-c2nc(C(F)(F)F)cn2-c2ccc(S(N)(=O)=O)cc2)c1,'=',460.0
CHEMBL2391054,Cc1c(C#N)cc(-c2ccc(S(C)(=O)=O)cc2)n1-c1cccc(F)c1,'=',1300.0
CHEMBL24009,CS(=O)(=O)c1ccc(C2=C(c3cc(F)cc(F)c3)C(=O)CC2)cc1,'=',15.0
CHEMBL367778,CC(C)(O)c1scc(-c2ccc(S(C)(=O)=O)cc2)c1-c1ccc(F)cc1,'=',5900.0
CHEMBL95558,COC(=O)Cc1ccc(NC(=O)Cc2c(C)n(C(=O)c3ccc(Cl)cc3)c3ccc(OC)cc23)cc1,'=',58.0
CHEMBL318410,COc1ccc2c(c1)c(CC(=O)OC1CCCCC1)c(C)n2C(=O)c1ccc(Cl)cc1,'=',120.0
CHEMBL319578,COc1ccc2c(c1)c(CC(=O)N[C@@H](C)c1ccc(C)cc1)c(C)n2C(=O)c1ccc(Cl)cc1,'=',200.0
CHEMBL24415,COc1ccc2c(c1)c(CC(=O)NCCO)c(C)n2C(=O)c1ccc(Cl)cc1,'=',250.0
CHEMBL611203,COc1ccc2c(c1F)C[S+]([O-])c1c(C(F)(F)F)nn(-c3ccc(S(N)(=O)=O)cc3)c1-2,'=',1513.56
CHEMBL4245581,O=C(COc1cc(O)c2c(=O)cc(-c3ccccc3)oc2c1)OCc1cc(-c2ccc(F)cc2)n(-c2ccccc2)n1,'=',2540.0
CHEMBL5078291,COc1ccc(CCCNC(=O)c2ccccc2Nc2ccccc2)cc1,'>',150000.0
CHEMBL5082822,COc1ccc(NC(=O)c2ccccc2Nc2cccc(C)c2C)cc1,'>',150000.0
CHEMBL4241367,Cc1ccc(-n2nc(COC(=O)COc3cc(O)c4c(=O)cc(-c5ccccc5)oc4c3)cc2-c2ccc(F)cc2)cc1,'=',2840.0
CHEMBL4237875,O=C(COc1cc(O)c2c(=O)cc(-c3ccccc3)oc2c1)OCc1cc(-c2cccc(F)c2)n(-c2ccccc2)n1,'=',3530.0
CHEMBL5075058,CCOC(=O)Cn1nncc1COc1ccc2ccccc2c1-c1c(OCc2cnnn2CC(=O)OCC)ccc2ccccc12,'=',23000.0
CHEMBL4096972,Cc1c(C(=O)N(C)c2ccccc2)nc2ccc(Cl)cc2c1O,'=',1740.0
CHEMBL446974,COc1cc(O)c2c(=O)cc(C)oc2c1,'=',20100.0
CHEMBL499069,COc1ccc(-c2c(-c3ccc(S(C)(=O)=O)cc3)[nH]c3ccccc23)cc1,'=',0.02
CHEMBL500943,CC(=O)NS(=O)(=O)c1ccc(-c2[nH]c3ccccc3c2-c2ccccc2)cc1,'=',0.1799
CHEMBL471103,CC/C(=C\c1cc(O)cc(O)c1)c1cccc(F)c1,'=',17700.0
CHEMBL1669034,Cc1ccc(-c2cc(Cl)cc3c2OC(C(F)(F)F)C(C(=O)O)=C3)cc1,'=',103.0
CHEMBL460396,CCCCCCC(Sc1nc(Cl)cc(NCCOc2ccccc2)n1)C(=O)O,'>',10.0
CHEMBL454691,Cc1cccc(Nc2cc(Cl)nc(SC(C)C(=O)O)n2)c1C,'>',10.0
CHEMBL1632406,Cc1ccc(C2CC(c3ccc(S(C)(=O)=O)cc3)=NN2C(N)=S)cc1,'=',31850.0
CHEMBL1092137,CC(C(=O)O)c1ccn(C(F)F)c(=O)c1,'=',5500.0
CHEMBL1079877,CS(=O)(=O)Nc1ccncc1Nc1ccccc1,'=',2690.0
CHEMBL4075687,NCc1c(-c2ccccc2)c(C(=O)O)c2ccccn12,'=',14910.0
CHEMBL499349,NS(=O)(=O)c1ccc(-c2[nH]c3ccc(Cl)cc3c2-c2ccccc2)cc1,'=',0.14
CHEMBL51860,COc1ccc(-c2cc(F)c(F)cc2-c2ccc(S(N)(=O)=O)cc2)cc1C,'=',5.0
CHEMBL509159,C=C1C(=O)O[C@@H]2C[C@H](C)[C@@H]3[C@@H](O)CC(=O)[C@@]3(C)C[C@H]12,'=',3800.0
CHEMBL206765,C=C1C(=O)O[C@H]2[C@H]1[C@H](OC(=O)[C@@]1(C)O[C@H]1C)[C@@H](OC(C)=O)/C(C(=O)OC)=C\CC[C@@]1(C)O[C@H]21,'=',600.0
CHEMBL502799,CC(=O)O[C@@]12[C@H](OC(=O)[C@@H](C(C)C)N(C)C)[C@@H](C)[C@@]3(O)[C@@H](C=C(CO)C[C@@]4(O)C(=O)C(C)=C[C@@H]34)[C@@H]1C2(C)C,'=',2200.0
CHEMBL319999,COc1ccc2c(c1)c(CC(=O)NCCc1ccccc1)c(C)n2Cc1ccc(Br)cc1,'>',66000.0
CHEMBL5092058,Cc1cn([C@H](C)CC#N)c(=O)c2cc(Cn3nc(C(F)F)cc3Cl)nn12,'>',10000.0
CHEMBL3410354,NS(=O)(=O)c1ccc(N2N=C3c4ccccc4CCC3C2c2c(F)cccc2Cl)cc1,'=',3660.0
CHEMBL3410356,COc1ccccc1C1C2COc3ccccc3C2=NN1c1ccc(S(N)(=O)=O)cc1,'=',330.0
CHEMBL3410363,NS(=O)(=O)c1ccc(N2N=C3c4ccccc4OCC3C2c2ccc(Cl)cc2Cl)cc1,'=',2740.0
CHEMBL270111,CS(=O)(=O)c1ccc(-c2nc(NCC3CCCCC3)cc(C(F)(F)F)n2)cc1,'>',10000.0
CHEMBL4876637,COc1cc(Cc2n[nH]c(=S)n(/N=C/c3cc4cccc(C)c4nc3Cl)c2=O)cc(OC)c1OC,'=',160.0
CHEMBL254377,COc1ccc2c(c1)c(CCNC(=O)c1ccc(Cl)cc1)c(C)n2Cc1ccc(Br)cc1,'=',50.0
CHEMBL3238415,Cc1ccc(C2=C(c3ccc(S(C)(=O)=O)cc3)COC2=O)cc1,'=',300.0
CHEMBL3234234,CCOC(=O)/C(=C/c1cccc(Cl)c1)CSc1nc(C)cc(C)n1,'=',5880.0
CHEMBL456800,CCCCCC[C@H](Sc1nc(Cl)cc(Nc2ccc(-c3ccc(C#N)cc3)cc2)n1)C(=O)O,'>',10.0
CHEMBL456575,CCCCCCC(Sc1nc(Cl)cc(NCc2ccc(-c3ccccc3)cc2)n1)C(=O)OCC,'>',10.0
CHEMBL460616,CCCCCCC(Sc1nc(Cl)cc(Nc2ccc(-c3ccccc3)cc2)n1)C(=O)O,'>',10.0
CHEMBL513053,CC/C(=C\c1cc(O)cc(O)c1)c1ccc2ccccc2c1,'=',3300.0
CHEMBL4873184,CCCCOc1nc(OCC2(C)COC2)c(-c2ccc(S(C)(=O)=O)cc2)cc1CO,'=',210.0
CHEMBL551418,CS(=O)(=O)c1ccc(-c2cc(C(F)(F)F)nc(OC3CCCC3)n2)cc1,'<',10.0
CHEMBL550737,Cc1cccc(Oc2nc(-c3ccc(S(C)(=O)=O)cc3)cc(C(F)(F)F)n2)c1,'<',10.0
CHEMBL549927,CS(=O)(=O)c1ccc(-c2cc(N)nc(NC3CCCCC3)n2)cc1,'>',10000.0
CHEMBL286277,NS(=O)(=O)c1ccc(-n2ncc(F)c2-c2ccccc2)cc1,'=',4660.0
CHEMBL4871207,COc1ccc(/C=C\C(=O)c2cc(-n3cc(CN4C(=O)C(=O)c5ccccc54)nn3)ccc2O)cc1,'=',37.0
CHEMBL4852569,Cc1ccc(-c2cc(C)n(S(=O)(=O)Oc3ccccc3Cl)n2)cc1,'=',530.0
CHEMBL4868049,Cc1cc(-c2ccccc2)nn1S(=O)(=O)Oc1ccccc1C(F)(F)F,'>',100000.0
CHEMBL522267,Cc1ccc(-c2ssc(=S)c2-c2ccc(Cl)cc2)cc1,'=',50000.0
CHEMBL515547,Cc1ccc(-c2ssc(=S)c2-c2ccc(S(C)(=O)=O)cc2)cc1,'>',50000.0
CHEMBL472722,Oc1ccc(-c2ssc(=S)c2-c2ccc(O)cc2)cc1,'>',50000.0
CHEMBL28216,COc1ccc2c(c1)c(CC(=O)N[C@@H](CO)CC(C)C)c(C)n2C(=O)c1ccc(Cl)cc1,'=',500.0
CHEMBL596888,Cc1c(CC(=O)O)cccc1-c1ccn(C(F)F)c(=O)c1,'=',1200.0
CHEMBL223655,CCS(=O)(=O)Nc1ccncc1Oc1ccc(Cl)cc1,'=',3280.0
CHEMBL365769,COc1ccc2c(c1F)CSc1c(C(F)(F)F)nn(-c3ccc(S(N)(=O)=O)cc3)c1-2,'=',8.913
CHEMBL561609,NS(=O)(=O)c1ccc(-c2cc(C(F)(F)F)nc(NC3CCCCC3)n2)cc1,'=',2.4
CHEMBL466188,c1ccc(Nc2c(-c3ccccn3)nc3ccccn23)cc1,'=',18500.0
CHEMBL501676,Clc1ccc(-c2cn[se]c2-c2ccc(Cl)cc2)cc1,'=',0.0
CHEMBL491088,Clc1ccc(-c2cnsc2-c2ccc(Cl)cc2)cc1,'=',4000.0
CHEMBL475545,Cc1ccc(-c2c(-c3ccc(Cl)cc3)ssc2=O)cc1,'>',50000.0
CHEMBL222732,COC1(c2cc(F)cc(OCc3cc(-c4ccccc4)n(-c4ccc(C)c(C)c4)n3)c2)CCOCC1,'=',410.0
CHEMBL276800,CCCCC(=O)c1cc(C(C)(C)C)c2c(c1)C(C)(C)CCS2,'=',400.0
CHEMBL158148,CS(=O)(=O)c1ccc(-c2cnn(CC3CCCCC3)c(=O)c2-c2ccc(F)cc2)cc1,'=',410.0
CHEMBL154839,COc1ccc(C(=O)NNc2ccc(Cl)cc2)cc1,'=',470.0
CHEMBL358097,CCCSc1ccccc1OC(C)=O,'=',66000.0
CHEMBL144944,CC(=O)Oc1ccccc1SC1CCCCCC1,'>',40000.0
CHEMBL29257,NS(=O)(=O)c1ccc(-c2cc(C(F)(F)F)nn2-c2ccc(F)cc2)cc1,'=',10.0
CHEMBL115458,COC(=O)c1ncc(-c2ccc(S(C)(=O)=O)cc2)n1-c1ccc(F)cc1,'>',10000.0
CHEMBL325298,Cc1ccc(-c2c(Cl)ncn2-c2ccc(S(C)(=O)=O)cc2)cc1F,'=',6.0
CHEMBL281014,COC(=O)c1cc2cc(S(C)(=O)=O)ccc2n1Cc1ccc([N+](=O)[O-])cc1,'>',20000.0
CHEMBL16516,CS(=O)(=O)c1ccc(-c2sc(CCCc3ccc(Br)cc3)nc2-c2ccc(F)cc2)cc1,'=',7.0
CHEMBL355677,CS(=O)(=O)c1ccc(-c2ccccc2-c2ccccn2)cc1,'>',300000.0
CHEMBL171471,CS(=O)(=O)c1ccc(-c2ccccc2C2CCCCC2)cc1,'=',31000.0
CHEMBL342317,CCSc1ccccc1OC(C)=O,'=',200000.0
CHEMBL2234864,CS(=O)(=O)c1ccc(-c2nc(NC3CC=CCC3)cc(C(F)(F)F)n2)cc1,'=',30395549.56
CHEMBL518643,CCCCCCC(Sc1nc(Cl)cc(NCc2ccc3ncccc3c2)n1)C(=O)O,'>',10.0
CHEMBL95246,COc1ccc(-c2sccc2-c2ccc(S(C)(=O)=O)cc2)cc1,'=',5000.0
CHEMBL118067,CCOc1cc(OCC)cc(-c2c(Cl)ncn2-c2ccc(S(C)(=O)=O)cc2)c1,'>',10000.0
CHEMBL3238414,CS(=O)(=O)c1ccc(-n2nc(C(F)(F)F)cc2-c2ccccc2)cc1,'=',6840.0
CHEMBL18377,CC1(O)OC(=O)C(Sc2ccccc2)=C1c1ccc(S(C)(=O)=O)cc1,'>',10000.0
CHEMBL146920,Cc1ccc(Cl)c(Nc2ccccc2C(=O)NOC(C)(C)C)c1Cl,'=',66000.0
CHEMBL106445,Cc1cc2cc(-c3ccc(C(C)C(=O)O)cc3)ccc2[nH]1,'=',230.0
CHEMBL456619,COc1ccc(O)c(O)c1/C=C1\[C@@H](C)CC[C@H]2C(C)(C)CCC[C@]12C,'=',700.0
CHEMBL18790,CC1(OCC(F)(F)F)OC(=O)C(c2ccc(F)cc2)=C1c1ccc(S(C)(=O)=O)cc1,'=',400.0
CHEMBL3309824,O=S(=O)(c1ccccc1)N1N=C(C(F)(F)F)CC1c1ccc2c(c1)OCO2,'=',5650.0
CHEMBL3087874,Cc1ccc2c(c1)oc(=O)n2Cc1cn(-c2ccccc2Cl)nn1,'=',3600.0
CHEMBL1165011,Cc1c(N)c(=O)n(-c2ccccc2)n1C,'=',42000.0
CHEMBL24687,COc1ccc2c(c1)c(Cc1csc(N)n1)c(C)n2C(=O)c1ccc(Cl)cc1,'=',390.0
CHEMBL3289098,CC(C)=CCC[C@H](C(=O)O)[C@@H]1CC[C@]2(C)C3=C(CC[C@@]12C)[C@@]1(C)CC[C@H](O)C(C)(C)[C@@H]1CC3,'>',10000.0
CHEMBL160178,CCCCCCCCCCCCCCCc1cccc(OC)c1CSc1nc2cc(OC(F)F)ccc2[nH]1,'>',10000.0
CHEMBL2171268,CC(C(=O)O)c1ccc2c3cc(Cl)ccc3n(C(=O)NC3CCCCC3)c2c1,'>',100000.0
CHEMBL227187,Oc1ccc([C@@H]2OC[C@@H]3[C@H]2CO[C@H]3c2ccc(O)c(O)c2)cc1O,'>',100000.0
CHEMBL279550,CC1(C)COc2c(C3CCCC3)cc(C(=O)CCCC3CC3)cc21,'=',20000.0
CHEMBL1630243,CCN(C)Cc1cc2c(cc1Cl)C=C(C(=O)O)C(C(F)(F)F)O2,'=',21300.0
CHEMBL1630244,CC(C)N(C)Cc1cc2c(cc1Cl)C=C(C(=O)O)C(C(F)(F)F)O2,'=',100000.0
CHEMBL4757602,Nc1cc(-c2ccco2)nn1-c1ccccc1,'>',100000.0
CHEMBL4784073,COC(=O)c1ccc(-n2nc(-c3ccco3)cc2N)cc1,'>',100000.0
CHEMBL303688,NS(=O)(=O)c1ccc(-c2ccsc2-c2ccc(F)cc2)cc1,'=',30.0
CHEMBL16674,CC(C)Sc1nnc(-c2cc(C(C)(C)C)c(O)c(C(C)(C)C)c2)s1,'>',20000.0
CHEMBL276739,COc1nc(-c2cc(C(C)(C)C)c(O)c(C(C)(C)C)c2)ns1,'=',100000.0
CHEMBL357262,CCc1cc(/C=C/C(=O)O)cc(C(=O)c2ccccc2)c1,'=',2600.0
CHEMBL184341,COc1ccc(-c2c(-c3ccc(S(N)(=O)=O)cc3)ccc(F)c2F)cc1C,'=',5.012
CHEMBL156482,CS(=O)(=O)c1ccc(-c2sc3nc(C(F)(F)F)nn3c2-c2ccccc2)cc1,'=',3.0
CHEMBL387879,O=S(=O)(Nc1ccncc1Oc1ccc(Cl)cc1Cl)C(F)(F)F,'=',2550.0
CHEMBL146854,Cc1ccc(Cl)c(Nc2ccccc2C(=O)NCCO)c1Cl,'=',1000.0
CHEMBL1775088,O=[N+]([O-])c1cccc(Oc2ccc(OCCN3CCCC3)cc2)c1,'=',13000.0
CHEMBL1775100,FC(F)(F)c1cccc(Oc2ccc(OCCN3CCCC3)cc2)c1,'>',100000.0
CHEMBL1775105,Nc1ccccc1Oc1ccc(OCCN2CCCC2)cc1,'>',100000.0
CHEMBL278336,CS(=O)(=O)c1ccc(C2=C(C#Cc3ccccc3)C(=O)CC2)cc1,'=',6.0
CHEMBL526643,CC(COC(=O)C(C)c1ccc(C(=O)c2cccs2)cc1)O[N+](=O)[O-],'=',4560.0
CHEMBL18089,CC(C)OC1(C)OC(=O)C(c2ccc(F)cc2)=C1c1ccc(S(C)(=O)=O)cc1,'=',800.0
CHEMBL430728,CS(=O)(=O)Nc1ccc(-n2nc(C(F)(F)F)cc2-c2ccc(F)cc2)cc1,'>',100000.0
CHEMBL71916,CC1(C)OC(=O)C(OC2CCC2)=C1c1ccc(S(C)(=O)=O)cc1,'<',400.0
CHEMBL375309,COc1ccc(OCc2cc(-c3ccccc3)n(-c3ccc(S(C)(=O)=O)cc3)n2)cc1OC,'=',700.0
CHEMBL356206,CS(=O)(=O)c1ccc(-c2nc3sc4ccccc4n3c2-c2ccccc2)cc1,'>',5000.0
CHEMBL282391,CN(C)S(=O)(=O)c1ccc(-n2nc(C(F)(F)F)cc2-c2ccc(F)cc2)cc1,'>',100000.0
CHEMBL343865,Cc1ccc(Cl)c(Nc2ccccc2C(=O)NNCc2ccccc2)c1Cl,'=',6300.0
CHEMBL279404,Nc1ccccc1C(=O)Nc1cccc(C(F)(F)F)c1,'>',100000.0
CHEMBL405417,Nc1ccc(NC(=O)c2ccc(C(F)(F)F)cc2)cc1,'>',100000.0
CHEMBL261550,Nc1ccnc(NC(=O)c2ccc(C(F)(F)F)cc2)c1,'>',100000.0
CHEMBL358500,Cc1ccc(Cl)c(Nc2ccccc2C(=O)N[C@H](C)C(=O)O)c1Cl,'>',33000.0
CHEMBL261815,Nc1ccccc1C(=O)Nc1ccc(C(F)(F)F)cc1,'>',100000.0
CHEMBL238240,COc1ccc2c(c1)c(CCNC(=O)c1ccc(O[N+](=O)[O-])cc1)c(C)n2C(=O)c1ccc(Cl)cc1,'=',1500.0
CHEMBL150969,CC(=O)Nc1ccc(OC(=O)c2ccccc2Nc2c(Cl)ccc(C)c2Cl)cc1,'>',20000.0
CHEMBL171416,COc1ccc2cc(-c3ccccc3-c3ccc(S(C)(=O)=O)cc3)ccc2c1,'=',30000.0
CHEMBL148666,CSc1ccc(-c2nc3sccn3c2-c2ccccc2)cc1,'=',5000.0
CHEMBL1830477,CCOC(=O)C1CCN(C(=O)CCc2cc(-c3ccc(C)cc3)n(-c3ccccc3)n2)CC1,'>',10000.0
CHEMBL4540871,NS(=O)(=O)c1ccc(-n2nc(C(=O)NCCN3CCOCC3)cc2-c2ccccc2)cc1,'=',640.0
CHEMBL4170011,O=C(NCc1ccccc1)c1sc2ccccc2c1Br,'=',12210.0
CHEMBL2063853,CC(C(=O)O)c1ccc(Cc2cccs2)cc1F,'=',13000.0
CHEMBL4203006,COc1ccc(-c2nc3cc(NC(=O)c4ccc(Cl)cc4)ccc3o2)cc1OC,'=',1210.0
CHEMBL1630235,CCOc1c(Cl)ccc2c1C=C(C(=O)O)C(C(F)(F)F)O2,'>',100000.0
CHEMBL1630229,CC(C)CSc1cc2c(cc1Cl)C=C(C(=O)O)C(C(F)(F)F)O2,'=',19.0
CHEMBL1956390,Cc1ccc(-c2nnnn2-c2ccc(S(C)(=O)=O)cc2)cc1,'=',87000.0
CHEMBL1956395,CS(=O)(=O)c1ccc(-n2nnnc2-c2ccc([N+](=O)[O-])cc2)cc1,'=',69000.0
CHEMBL1956396,CN(C)c1ccc(-c2nnnn2-c2ccc(S(C)(=O)=O)cc2)cc1,'=',6000.0
CHEMBL2334131,COc1ccc(/C=C/c2cc(OC)cc(OC)c2/C=C/C(=O)N(CC(C)C)CC(C)C)cc1,'=',6840.0
CHEMBL2333752,COc1ccc(/C=C/c2cc(OC)cc(OC)c2/C=C/C(=O)NCCCN2CCOCC2)cc1,'=',8920.0
CHEMBL2333743,COc1ccc(/C=C/c2cc(OC)cc(OC)c2/C=C/C(=O)NCCCCl)cc1,'=',1270.0
CHEMBL3400658,CC(=O)O[C@@H]1[C@@H](C)[C@@]2(O)[C@@H](C=C(CO)C[C@]3(O)C(=O)C(C)=C[C@@H]23)[C@@H]2C(C)(C)[C@]12OC(=O)C(C)C,'>',50000.0
CHEMBL3322416,Cc1cccc(C2=NCCN2c2ccc(S(N)(=O)=O)cc2)c1,'>',10000.0
CHEMBL3289928,CCOC(OCC)c1ccc(/C=C2\CN(Cc3ccccc3)C/C(=C\c3ccc(C(OCC)OCC)cc3)C2=O)cc1,'>',100000.0
CHEMBL1682232,CS(=O)(=O)c1ccc(-c2nnnn2-c2ccc(F)cc2)cc1,'=',2700.0
CHEMBL2334139,CCNC(=O)/C=C/c1c(/C=C/c2ccc(OC)cc2)cc(OC)cc1OC,'=',12360.0
CHEMBL1632398,CC(=O)N1N=C(c2ccc(S(C)(=O)=O)cc2)CC1c1ccc(C)cc1,'=',6770.0
CHEMBL3289931,CCOC(OCC)c1ccc(/C=C2\Cc3ccccc3C2=O)cc1,'=',19320.0
CHEMBL3289941,CN(C)c1ccc(/C=C2\Cc3ccccc3C2=O)c([N+](=O)[O-])c1,'=',14850.0
CHEMBL3357104,COc1ccc(C2=C(c3ccc(F)cc3)C(=O)OC2)cc1,'>',5000.0
CHEMBL3331343,CC(C)Cc1ccc(C(C)C(=O)OCc2c(C(C)C)c(=O)n(-c3ccccc3)n2C)cc1,'=',1300.0
CHEMBL3314084,O=C1/C(=C/c2coc3ccccc3c2=O)c2ccccc2N1c1c(Cl)cccc1Cl,'=',1.3
CHEMBL3314085,O=C1/C(=C/c2coc3ccc(Br)cc3c2=O)c2ccccc2N1c1c(Cl)cccc1Cl,'=',7600.0
CHEMBL3823689,NS(=O)(=O)c1ccc(-n2nc(C(=O)N/N=C/c3c(Cl)c4ccccc4oc3=O)cc2-c2ccc(O)cc2)cc1,'=',9970.0
CHEMBL3824049,NS(=O)(=O)c1ccc(-n2nc(C(=O)N/N=C/c3c(Cl)c4ccccc4oc3=O)cc2-c2ccc(Cl)c(Cl)c2)cc1,'=',300.0
CHEMBL4448997,O=C(/C=C/C1=Cc2ccccc2OC1)c1ccc(Br)cc1,'=',420.0
CHEMBL4562121,COc1ccc(C(=O)/C=C/C2=Cc3ccccc3OC2)cc1OC,'=',460.0
CHEMBL4574215,O=C(/C=C/C1=Cc2c(ccc3ccccc23)OC1)c1ccc(Cl)cc1Cl,'=',290.0
CHEMBL3747171,COc1ccc(S(=O)(=O)N(Nc2ccccc2)C(=O)Oc2ccccc2OC)cc1,'>',1000.0
CHEMBL12131,Cc1cc(C(C#N)c2ccc(Cl)cc2)c(Cl)cc1NC(=O)c1cc(I)cc(I)c1O,'=',1839.0
CHEMBL2171247,CC(C(=O)O)c1ccc2c3cc(Cl)ccc3n(C(=O)c3c[nH]cn3)c2c1,'>',100000.0
CHEMBL2171242,COc1ccc(C(=O)n2c3ccc(Cl)cc3c3ccc(C(C)C(=O)O)cc32)cc1,'>',100000.0
CHEMBL278231,CCOC1(C)OC(=O)C(c2ccc(F)cc2)=C1c1ccc(S(C)(=O)=O)cc1,'=',500.0
CHEMBL70588,Cc1ccc(-n2c(-c3ccc(S(N)(=O)=O)cc3)coc2=O)cc1,'=',790.68
CHEMBL29662,NS(=O)(=O)c1ccc(-n2nccc2-c2ccc(F)cc2)cc1,'>',100000.0
CHEMBL388625,CS(=O)(=O)Nc1ccncc1Oc1ccc(Cl)cc1,'=',1870.0
CHEMBL1275942,CC(C(=O)O)c1ccc(C[C@H]2CCC[C@@H]2O)cc1,'=',2400.0
CHEMBL285567,O=C(c1ccc(-n2nc(C(F)(F)F)cc2-c2ccc(F)cc2)cc1)C(F)(F)F,'>',100000.0
CHEMBL147189,CCc1ccc(/C=C/S(N)(=O)=O)cc1C(=O)c1ccccc1,'=',770.0
CHEMBL150006,CS(=O)(=O)c1ccc(-c2nc3sccn3c2-c2ccccc2)cc1,'=',3210.0
CHEMBL3264524,CCOC(=O)c1c(C)oc2ccc(Oc3ccc4ccccc4c3)cc12,'=',15800.0
CHEMBL4453592,CC(C)[C@@H]1CC[C@]2(C)[C@@H]3C(C=C4[C@@H]5CC(C)(C)C(=O)C[C@]5(C)CC[C@]42C)OC(=O)CC(O)[C@]31C,'=',460000.0
CHEMBL4851236,CCCCOc1nc(OCC2COC2)c(-c2ccc(S(C)(=O)=O)cc2)cc1CO,'=',36.0
CHEMBL4471015,CS(=O)(=O)Nc1cc(Cc2ccc(Cl)cc2)c2ccccc2c1,'=',10000.0
CHEMBL610493,O=C(O)Cc1cccc(-c2ccn(C(F)F)c(=O)c2)c1,'=',11100.0
CHEMBL1164245,COc1ccc2c(c1)c1c(n2C(=O)c2ccccc2)CCNC1.Cl,'=',87600.0
CHEMBL4100043,O=C(COc1ccc(Cl)cc1Cl)N/N=C1/SCC(=O)N1c1ccc(Br)cc1,'=',9580.0
CHEMBL4098802,O=C(COc1ccc(Cl)cc1Cl)N/N=C1/SCC(=O)N1Cc1ccccc1,'=',3290.0
CHEMBL458025,Cc1ccc(-c2cn(-c3ccc(S(C)(=O)=O)cc3)nn2)cc1,'=',2500.0
CHEMBL3237071,COc1ccc(-n2nc(C(=O)Nc3ccc(OC)c(OC)c3)nc2-c2cc(OC)c(OC)c(OC)c2)cc1,'>',100000.0
CHEMBL3264516,CCOC(=O)c1c(C)oc2ccc(Oc3ccc(C)cc3)cc12,'=',4200.0
CHEMBL91923,CS(=O)(=O)c1ccc(C2=C(c3cccc(O)c3)C(=O)OC2)cc1,'=',3960.0
CHEMBL331749,CC(C)(C)c1cc(Nc2ccccc2C(=O)O)cc2c1OCC2(C)C,'=',4000.0
CHEMBL367864,Cc1csc(NC(=O)C2=C(O)c3ccccc3S(=O)(=O)N2C)n1,'=',830.0
CHEMBL3289100,CC(=O)O[C@@H]1CC[C@]2(C)[C@H]3CC[C@@]4(C)[C@H]([C@H](CCC=C(C)C)C(=O)O)CC[C@]4(C)C3=CC[C@H]2C1(C)C,'>',10000.0
CHEMBL3290204,NS(=O)(=O)c1ccc(-n2nc(C(=O)NC3CCCCC3)nc2-c2ccccc2)cc1,'=',660.0
CHEMBL466243,CC(C)Cc1ccc(C(C)C(=O)OC(CO[N+](=O)[O-])CO[N+](=O)[O-])cc1,'=',1700.0
CHEMBL365033,Cc1onc(-c2ccccc2)c1-c1ccccc1,'=',2490.0
CHEMBL4778555,CC1N(C(=O)Nc2cccc(Cl)c2)C(=O)c2ccccc2S1(=O)=O,'=',98800.0
CHEMBL388532,OC[C@H]1C[C@](O)(c2ccc(F)cc2)[C@@H](c2ccc(F)cc2)O1,'<',1000.0
CHEMBL462911,CC(C)(C)c1cc(-c2cc(=S)ss2)cc(C(C)(C)C)c1O,'=',7.2
CHEMBL4754867,COC(=O)CC1N(C(=O)Nc2cccc(Cl)c2)C(=O)c2ccccc2S1(=O)=O,'=',105900.0
CHEMBL4787953,CC1N(C(=O)Nc2ccccn2)C(=O)c2ccccc2S1(=O)=O,'=',76800.0
CHEMBL3113226,N#Cc1cccc(Nc2cnccc2NS(=O)(=O)C(F)(F)F)c1,'=',36230.0
CHEMBL348645,CS(=O)(=O)c1ccc(-c2sc3ncnn3c2-c2ccc(F)c(F)c2)cc1,'=',48.0
CHEMBL16981,CC(C)(C)c1cc(-c2noc(NC#N)n2)cc(C(C)(C)C)c1O,'=',64.0
CHEMBL557874,CS(=O)(=O)c1ccc(-c2ccnc(NC3CCCCC3)n2)cc1,'>',10000.0
CHEMBL560285,Cc1cnc(NC2CCCCC2)nc1-c1ccc(S(C)(=O)=O)cc1,'>',10000.0
CHEMBL561891,CS(=O)(=O)c1ccc(-c2cc(C(F)(F)F)nc(NC3CCCCC3)n2)cc1,'=',62.0
CHEMBL559056,CC(C)c1ncc(-c2ccc(S(C)(=O)=O)cc2)c(-c2ccc(F)cc2)n1,'=',1135.0
CHEMBL118839,CC(C)(C)c1cc(-c2cccs2)cc2c1OCC2(C)C,'=',70.0
CHEMBL42011,CSc1ccc(C2=C3c4ccccc4CCC3OC2=O)cc1,'=',827.0
CHEMBL47687,COc1ccc(-n2nc(C(F)(F)F)cc2-c2ccc(N)cc2)cc1,'=',129.0
CHEMBL29423,COc1ccc(-c2cc(-c3ccc(Cl)cc3)n(-c3ccc(S(N)(=O)=O)cc3)n2)cc1,'=',100.0
CHEMBL2087941,CS(=O)(=O)c1ccc(NN2C(=O)CSC2c2ccc(Cl)cc2)cc1,'=',121700.0
CHEMBL1632400,COc1ccc(C2CC(c3ccc(S(C)(=O)=O)cc3)=NN2C(C)=O)cc1,'=',7610.0
CHEMBL224201,O=S(=O)(c1ccccc1)c1cnccc1NS(=O)(=O)C(F)(F)F,'>',100000.0
CHEMBL469785,CCCN1CC(c2ccc(S(C)(=O)=O)cc2)=C(c2ccc(CO)cc2)C1=O,'=',87.0
CHEMBL491272,CS(=O)(=O)c1ccc(-c2c(-c3ccccc3)ssc2=O)cc1,'=',50000.0
CHEMBL4757667,O=C(NCCc1c[nH]c2ccccc12)c1ccccc1Nc1ccccc1,'=',470.0
CHEMBL212918,NS(=O)(=O)c1ccc(/N=N/c2ccc(OC(=O)Nc3ccccc3)c(OC(=O)Nc3ccccc3)c2)cc1,'=',11070.0
CHEMBL4438795,COc1ccc(CN2CCN(C(=O)c3cc4cc(Cl)ccc4n3Cc3ccc(F)cc3)CC2)cc1,'=',23.21
CHEMBL4763455,O=C(/C=C/c1ccc(O)c(O)c1)NNC(=O)COc1ccc(Br)cc1,'=',3400.0
CHEMBL68127,CCn1nc(-c2ccc(S(C)(=O)=O)cc2)c(-c2ccc(F)cc2)c1C(F)(F)F,'=',130.0
CHEMBL4069602,CCCc1cc(S(F)(F)(F)(F)F)cc2c1OC(C(F)(F)F)C(C(=O)O)=C2,'=',46.0
CHEMBL209883,Cc1cc(=O)c(Oc2ccc(F)cc2F)c(-c2ccc([S+](C)[O-])cc2)o1,'=',920.0
CHEMBL158421,CCCCCCCCCCCCCCCc1cccc(OCC)c1CSc1nc2ccccc2[nH]1,'=',1470.0
CHEMBL55224,COc1c(Cl)cc(-c2cc(F)c(F)cc2-c2ccc(S(C)(=O)=O)cc2)cc1Cl,'>',100000.0
CHEMBL170522,CS(=O)(=O)c1ccc(-c2ccccc2-c2cncnc2)cc1,'>',300000.0
CHEMBL17104,CC(C)(C)c1cc(-c2nsc(N=C(N)N)n2)cc(C(C)(C)C)c1O,'=',27000.0
CHEMBL295640,CSc1ccc(C2=C3c4ccccc4CCC3(O)OC2=O)cc1,'=',850.0
CHEMBL4285368,COc1ccc(-c2cc(CSc3nc4ccccc4c(=O)n3-c3ccc(Cl)cc3)on2)cc1OC,'=',1330.0
CHEMBL4447638,NS(=O)(=O)c1ccc(-n2nc(C(=O)N3CCOCC3)cc2-c2ccc(F)cc2)cc1,'=',230.0
CHEMBL4458369,COc1cccc(-c2cc(C(=O)N3CCSCC3)nn2-c2ccc(S(N)(=O)=O)cc2)c1,'=',1950.0
CHEMBL4458211,NS(=O)(=O)c1ccc(-n2nc(C(=O)N3CCOCC3)cc2-c2ccccc2)cc1,'=',690.0
CHEMBL4520676,COc1ccc(-c2cc(C(=O)NCCCN3CCOCC3)nn2-c2ccc(S(N)(=O)=O)cc2)cc1,'=',710.0
CHEMBL340101,Cc1cc(=O)c(-c2ccc(F)cc2)c(-c2ccc(S(N)(=O)=O)cc2)o1,'>',10000.0
CHEMBL3355613,[2H]C([2H])([2H])c1cc(Cl)cc2c1O[C@H](C(F)(F)F)C(C(=O)O)=C2,'=',20.0
CHEMBL3265349,Clc1ccc(-c2nnc(-c3cn(-c4ccccc4)nc3-c3ccc(Br)cc3)o2)cc1,'=',50000.0
CHEMBL3265353,Cc1ccc(-c2nn(-c3ccccc3)cc2-c2nnc(-c3ccncc3)o2)cc1,'=',53000.0
CHEMBL4467569,NS(=O)(=O)c1ccc(-n2nc(C(=O)N3CCOCC3)cc2-c2ccc(Br)cc2)cc1,'=',310.0
CHEMBL4516009,COc1ccc(-c2cc(C(=O)N3CCSCC3)nn2-c2ccc(S(N)(=O)=O)cc2)cc1,'=',1210.0
CHEMBL4439374,NS(=O)(=O)c1ccc(-n2nc(C(=O)OCCN3CCOCC3)cc2-c2ccc(F)cc2)cc1,'=',210.0
CHEMBL4476757,NS(=O)(=O)c1ccc(-n2nc(C(=O)OCCN3CCOCC3)cc2-c2ccc(C(F)(F)F)cc2)cc1,'=',190.0
CHEMBL4552843,COOC[C@@]1(C)CC[C@]2(C)CC[C@]3(C)[C@@H]4CC(=O)c5cc(OC)c(O)cc5[C@]4(C)CC[C@@]3(C)C2C1,'=',660000.0
CHEMBL4645275,Clc1nc(OCc2cn(Cc3ccccc3)nn2)nc(N2CCCC2)n1,'=',5000.0
CHEMBL4278472,COc1ccc(-c2cc(CSc3nc4ccccc4c(=O)n3-c3ccccc3)on2)cc1,'=',370.0
CHEMBL4291293,COc1ccc(-c2cc(CSc3nc4ccccc4c(=O)n3-c3ccc(Br)cc3)on2)cc1OC,'=',340.0
CHEMBL3100124,CC1=NN(c2cccc(Cl)c2)C(=O)/C1=C\c1cn(CCCCOc2cc(O)c3c(=O)cc(-c4ccccc4)oc3c2)c2ccccc12,'=',6200.0
CHEMBL1230209,CC(C)(C)c1cc2c(cc1Cl)C=C(C(=O)O)[C@@H](C(F)(F)F)O2,'=',62.0
CHEMBL287646,COc1c(Cl)cc(-c2cc(C(F)F)nn2-c2ccc(S(N)(=O)=O)cc2)cc1Cl,'=',20.89
CHEMBL2380875,Cc1onc(C2CCCO2)c1-c1ccccc1,'>',100000.0
CHEMBL2380868,O=C(O)c1onc(-c2ccc(Cl)o2)c1-c1ccccc1,'>',100000.0
CHEMBL561950,CS(=O)(=O)c1ccc(-c2cc(C(F)(F)F)nc(Nc3ccccc3)n2)cc1,'=',5.6
CHEMBL3427203,COc1ccc(-c2nc(OC)nn2-c2ccc(OC)cc2)cc1,'=',3200.0
CHEMBL29576,COC(=O)c1cc(-c2ccc(F)cc2)n(-c2ccc(S(N)(=O)=O)cc2)n1,'=',100000.0
CHEMBL286256,NS(=O)(=O)c1ccc(-n2nc(C(F)(F)F)cc2-c2cc(Cl)ccc2Cl)cc1,'>',100000.0
CHEMBL3322406,CS(=O)(=O)c1ccc(N2CCN=C2c2ccc(Cl)c(Cl)c2)cc1,'=',2100.0
CHEMBL212463,Cc1cc(=O)c(Oc2ccc(Br)cc2F)c(-c2ccc([S+](C)[O-])cc2)o1,'=',570.0
CHEMBL1957883,O=C(c1ccccc1)n1cc(/C=N/c2ccc(F)cc2)c2ccccc21,'=',430.0
CHEMBL389849,COC1=C(C)C(=O)C2=C(CCc3c(O)cccc3O2)C1=O,'>',34900.0
CHEMBL213338,Cc1ccc(-c2cc(C(F)(F)F)nn2-c2ccc(-c3nn[nH]n3)cc2)cc1,'=',1.9
CHEMBL4282681,NS(=O)(=O)c1ccc(/N=c2\scc(-c3ccc(Cl)cc3Cl)n2-c2ccccc2)cc1,'=',18320.0
CHEMBL3581346,COc1cc([C@@H]2CC(=O)c3c(cc(O)c(C/C=C(\C)CCC=C(C)C)c3O)O2)cc(O)c1OC,'=',6400.0
CHEMBL3113230,Cc1cc(C)cc(Nc2cnccc2NS(C)(=O)=O)c1,'>',100000.0
CHEMBL3113224,O=S(=O)(Nc1ccncc1Nc1cccc(I)c1)C(F)(F)F,'=',260.0
CHEMBL4440945,O=C(/C=C/C1=Cc2ccccc2OC1)c1ccc(C(F)(F)F)cc1,'=',830.0
CHEMBL4070457,CCc1ccc(N2C(=O)CS/C2=N/NC(=O)COc2ccc(Cl)cc2Cl)cc1,'=',6930.0
CHEMBL4245838,O=C(COc1cc(O)c2c(=O)cc(-c3ccccc3)oc2c1)OCc1cc(-c2cccc(Cl)c2)n(-c2ccccc2)n1,'=',4430.0
CHEMBL4242256,Cc1ccc(-n2nc(COC(=O)COc3cc(O)c4c(=O)cc(-c5ccccc5)oc4c3)cc2-c2cccc(Cl)c2)cc1,'=',4800.0
CHEMBL446319,CC(C)(O)[C@H](O)Cc1cc(/C=C/c2cc(O)cc(O)c2)ccc1O,'=',13900.0
CHEMBL386006,NS(=O)(=O)c1ccc(-n2cnc(Cl)c2-c2ccc(OCCCO)c(F)c2)cc1,'>',100000.0
CHEMBL3359450,CC(C(=O)NCCc1c[nH]c2ccc(O)cc12)c1cccc(Oc2ccccc2)c1,'=',7000.0
CHEMBL4567195,N#Cc1cnn(-c2ccc(S(N)(=O)=O)cc2)c1/N=C/c1ccc(Br)cc1,'=',64.9
CHEMBL2160144,O=C1CSC(N2N=C(c3ccc(Cl)c(Cl)c3)CC2c2ccc(Cl)cc2)=N1,'=',11700.0
CHEMBL4092736,Cc1c(-c2c(N=O)nc3ncccn23)cnn1-c1ccccc1,'=',1550.0
CHEMBL294050,N#Cc1ccc(-c2ccsc2-c2ccc(F)cc2)cc1,'>',30000.0
CHEMBL2387503,O=c1[nH]c2cc(-c3ccccc3)ccc2c2[nH]c(-c3c(F)cccc3Cl)nc12,'>',10000.0
CHEMBL4864146,O=C(NCCc1c[nH]c2ccccc12)c1ccccc1Nc1ccc(F)cc1,'=',2460.0
CHEMBL4877659,O=C(NCCc1c[nH]c2ccccc12)c1ccccc1Nc1ccc(Br)cc1,'=',5680.0
CHEMBL4873372,Cc1ccc(Nc2ccccc2C(=O)NCCc2c[nH]c3ccccc23)cn1,'=',19600.0
CHEMBL4873017,O=C(NCCc1c[nH]c2ccccc12)c1ccccc1Nc1cccnc1Cl,'=',2960.0
CHEMBL4849413,O=C(NCCc1c[nH]c2ccccc12)c1ccccc1Nc1ccc2nccnc2c1,'>',40000.0
CHEMBL4086962,CCOC(=O)C1=C(N)N2C(=O)CCC(=O)N2C1c1ccccc1O,'=',181.0
CHEMBL456147,CCCCCCCCC(Sc1nc(Cl)cc(Nc2cccc(C)c2C)n1)C(=O)O,'>',10.0
CHEMBL24869,COc1ccc2c(c1)c(CC(=O)NCCCCCO)c(C)n2C(=O)c1ccc(Cl)cc1,'=',290.0
CHEMBL3736245,COc1ccc(C2CC(c3ccc(S(C)(=O)=O)cc3)=NN2c2ccc(C(=O)O)cc2)cc1,'=',2170.0
CHEMBL68365,CCC(CC)OC1=C(c2ccc(S(C)(=O)=O)cc2)C(C)(C)OC1=O,'<',400.0
CHEMBL469433,CCCCCCCCCCCC1=CC(=O)C=C(OC)C1=O,'=',570.0
CHEMBL4473838,CS(=O)(=O)c1ccc(-c2c(-c3ccc(F)cc3)oc3ccccc23)cc1,'=',20.0
CHEMBL4289901,NS(=O)(=O)c1ccc(/N=c2\scc(-c3ccc(Br)cc3)n2-c2ccccc2)cc1,'=',19730.0
CHEMBL174777,CN1C(O)=C(C(=O)Nc2ccc(Cl)cc2Cl)c2cc(Cl)ccc2S1(=O)=O,'=',9.0
CHEMBL186634,NS(=O)(=O)c1ccc(-c2ccc(F)c(F)c2-c2ccc3c(c2)OCCO3)cc1,'=',32.36
CHEMBL149040,Cc1cn2c(-c3ccccc3)c(-c3ccc(S(C)(=O)=O)cc3)nc2s1,'=',140.0
CHEMBL149167,Cc1csc2nc(-c3ccc(S(C)(=O)=O)cc3)c(-c3ccccc3)n12,'=',1000.0
CHEMBL4529375,NS(=O)(=O)c1ccc(-n2nc(C(=O)N3CCSCC3)cc2-c2cccc(F)c2)cc1,'=',190.0
CHEMBL4290673,N#CCC(=O)N/N=C/c1c[nH]c2ccc(Br)cc12,'=',250.0
CHEMBL383092,Cc1ccc(-c2ncc(Cl)cc2-c2ccc([S+](C)[O-])cc2)cn1,'=',3700.0
CHEMBL4291092,O=c1c2ccccc2nc(SCc2cn(-c3ccc(Br)cc3)nn2)n1-c1ccc(Cl)cc1,'=',240.0
CHEMBL423576,CS(=O)(=O)c1ccc(-c2c(-c3ccc(F)c(F)c3)nc3sccn23)cc1,'=',12.0
CHEMBL359143,CSc1ccc(-c2c(-c3ccccc3)nc3sccn23)cc1,'=',420.0
CHEMBL4789344,NS(=O)(=O)c1ccc(-n2nc(NC(=O)NCCCCCCCCCCC(=O)O)cc2-c2ccccc2)cc1,'=',2180.0
CHEMBL94935,NS(=O)(=O)c1ccc(-n2nc(C(F)(F)F)c3c2-c2ccccc2CC3)cc1,'=',1096.48
CHEMBL4099420,Cc1c(C(=O)NCCc2ccc(N3CCCCC3)cc2)nc2ccc(Cl)cc2c1O,'=',2110.0
CHEMBL4069774,Cc1c(C(=O)NCc2nc3ccccc3[nH]2)nc2ccc(Cl)cc2c1O,'=',1210.0
CHEMBL4515876,Cc1onc(-c2ccc(S(C)(=O)=O)cc2)c1-c1ccc(F)cc1,'=',70.0
CHEMBL1206690,CCC(=O)NS(=O)(=O)c1ccc(-c2c(-c3ccccc3)noc2C)cc1,'=',5.0
CHEMBL4242859,Cc1ccc(-n2nc(COC(=O)COc3cc(O)c4c(=O)cc(-c5ccccc5)oc4c3)cc2-c2ccc([N+](=O)[O-])cc2)cc1,'=',1390.0
CHEMBL1630223,O=C(O)C1=Cc2c(ccc(Cl)c2Oc2ccccc2)OC1C(F)(F)F,'=',530.0
CHEMBL1630241,CC(C)(C)Oc1c(Cl)cc2c(c1Cl)OC(C(F)(F)F)C(C(=O)O)=C2,'<',28.0
CHEMBL1630242,O=C(O)C1=Cc2cc(Cl)c(OCC3CCCCC3)c(Cl)c2OC1C(F)(F)F,'<',34.0
CHEMBL4461039,CS(=O)(=O)c1ccc(Cc2nnnn2-c2ccc(O)cc2)cc1,'>',200000.0
CHEMBL4072067,O=C(O)C1=Cc2cc(S(F)(F)(F)(F)F)cc(Br)c2OC1C(F)(F)F,'=',56.0
CHEMBL4569790,N#Cc1cnn(-c2ccc(S(N)(=O)=O)cc2)c1/N=C/c1ccc(F)cc1,'=',38.73
CHEMBL4076689,N#Cc1c(N=Cc2cccnc2)c(C(=O)Nc2ccccc2)n2c1CCC2,'=',100.0
CHEMBL416589,Cc1nc(C2CCCCC2)c(-c2ccc(S(N)(=O)=O)c(N)c2)o1,'=',930.0
CHEMBL4165528,O=C(NCc1ccc(F)cc1)C(=O)Oc1sc2ccccc2c1Br,'=',14500.0
CHEMBL111787,NS(=O)(=O)c1ccc(C2=C(c3ccc(F)c(F)c3)CCC2)cc1,'=',18.0
CHEMBL3775974,NS(=O)(=O)c1ccc(-n2nc(C(F)(F)F)cc2-c2ccc(I)cc2)cc1,'=',8200.0
CHEMBL3774612,CS(=O)(=O)c1ccc(-c2cc(C(F)(F)F)nc(NCc3ccc(I)cc3)n2)cc1,'=',850.0
CHEMBL4210856,COc1ccc(-c2nc3cc(NC(=O)c4ccc([N+](=O)[O-])cc4Cl)ccc3o2)cc1OC,'=',460.0
CHEMBL4458529,COC(=O)CNC(=O)[C@H](C)NC(=O)[C@@H]1CCCN1C(=O)CNC(=O)[C@H](C)NC(=O)OCc1ccccc1,'=',400.0
CHEMBL4444316,Brc1ccc(/C=N/Nc2nnc(-c3ccncc3)o2)cc1,'=',110.0
CHEMBL4569755,Clc1ccc(/C=N/c2nnc(-c3cccnc3)o2)cc1,'=',130.0
CHEMBL4786489,Cc1c(-c2nn(-c3ccccc3)cc2/C=N/O)nnn1-c1ccc(Cl)cc1,'=',50.0
CHEMBL4781068,CC(=O)c1nnn(-c2ccc(C(=O)O)cc2)c1C,'=',420.0
CHEMBL4788147,C/C(=N\Nc1nc(-c2ccc(Cl)cc2)cs1)c1nnn(-c2ccc(Cl)cc2)c1C,'=',60.0
CHEMBL4576864,Oc1ccc(-c2nnc(CSc3nnc(-c4ccncc4)o3)o2)cc1,'=',100.0
CHEMBL4450458,Clc1ccc(-c2nnc(CSc3nnc(-c4ccncc4)o3)o2)cc1,'=',89.0
CHEMBL1171448,C[C@@H]1O[C@@H](O[C@H]2[C@H](O)[C@@H](O)[C@H](OC[C@H]3O[C@@H](OC(=O)[C@]45CCC(C)(C)C[C@H]4C4=CC[C@@H]6[C@@]7(C)CC[C@H](O)C(C)(C)[C@@H]7CC[C@@]6(C)[C@]4(C)CC5)[C@H](O)[C@@H](O)[C@@H]3O)O[C@@H]2CO)[C@H](O)[C@H](O)[C@H]1O,'>',50000.0
CHEMBL4592358,CC(C)C/C=N/c1c(C#N)c2n(c1C(=O)Nc1ccc(Br)cc1)CCC2,'=',13490.0
CHEMBL4790061,CCOC(=O)C1CCN(C(=O)Nc2cc(-c3ccccc3)n(-c3ccc(S(N)(=O)=O)cc3)n2)CC1,'=',2890.0
CHEMBL4790503,NS(=O)(=O)c1ccc(-n2nc(C(=O)NC34CC5CC(CC(C5)C3)C4)cc2-c2ccccc2)cc1,'=',2150.0
CHEMBL1950015,CCc1ccnc(C(=O)c2[nH]c3ccc(OC(F)(F)F)cc3c2CC(=O)O)c1,'=',5700.0
CHEMBL4763530,Fc1ccc(Nc2nc(/C=C/c3ccccc3)nc3ccccc23)cc1F,'=',10100.0
CHEMBL4103357,O=C(NN1C(=O)c2ccccc2C1=O)c1ccccc1O,'=',130.4
CHEMBL1669033,O=C(O)C1=Cc2cc(Cl)cc(-c3ccc(Cl)cc3)c2OC1C(F)(F)F,'=',21.1
CHEMBL1669035,CCc1ccc(-c2cc(Cl)cc3c2OC(C(F)(F)F)C(C(=O)O)=C3)cc1,'=',78.4
CHEMBL4559991,O=C1NC(=S)S/C1=C\c1ccc(OCc2cn(-c3ccccc3)nn2)cc1,'=',260.0
CHEMBL4582667,N#CC1=C(N)OC(c2ccccc2)=CC1c1cn(-c2ccccc2)nc1-c1ccc(OCc2ccccc2)cc1,'=',720.0
CHEMBL296098,CS(=O)(=O)Nc1ccc(-c2cc(C(F)F)nn2-c2ccc(F)cc2)cc1,'=',8000.0
CHEMBL43842,CC(=O)Nc1ccc(-c2cc(C(F)(F)F)nn2-c2ccc(Br)cc2)cc1,'=',70.0
CHEMBL3927662,COc1ccc(-c2nc(NCC(=O)N3CCOCC3)sc2-c2ccc(OC)cc2)cc1,'=',6890.0
CHEMBL490482,Oc1cc(O)cc(/C=C/c2cccc(F)c2)c1,'=',820.0
CHEMBL4239643,COc1ccc(-c2cc(COC(=O)COc3cc(O)c4c(=O)cc(-c5ccccc5)oc4c3)nn2-c2ccccc2)cc1,'=',540.0
CHEMBL4249752,COc1ccc(-c2cc(COC(=O)COc3cc(O)c4c(=O)cc(-c5ccccc5)oc4c3)nn2-c2ccc(C)cc2)cc1,'=',230.0
CHEMBL456792,CCCCCCC(Sc1nc(Cl)cc(Nc2ccc(-c3ccc(C#N)cc3)cc2)n1)C(=O)O,'>',10.0
CHEMBL4238681,O=C(COc1cc(O)c2c(=O)cc(-c3ccccc3)oc2c1)OCc1cc(-c2ccc([N+](=O)[O-])cc2)n(-c2ccccc2)n1,'=',1660.0
CHEMBL1163221,COc1ccc2c(c1)c1c(n2C(=O)c2c(Cl)cc(Cl)cc2Cl)CCN(CCCOc2cc(F)cc(C3(OC)CCOCC3)c2)C1.Cl,'=',100000.0
CHEMBL596887,CC(C(=O)O)c1ccccc1-c1ccn(C(F)F)c(=O)c1,'=',2600.0
CHEMBL602675,CS(=O)(=O)c1ccc(-n2nc(C(F)(F)F)cc2C2CCN(CCCCO[N+](=O)[O-])CC2)cc1,'=',15600.0
CHEMBL4065539,NS(=O)(=O)c1ccc(-n2nc(C(=O)Oc3ccc4ccc(=O)oc4c3)cc2-c2ccccc2)cc1,'=',2500.0
CHEMBL1684152,COc1c(OC)c(O)c2c(=O)cc(C)oc2c1Cl,'=',43410.0
CHEMBL358482,Cc1sc2nc(-c3ccccc3)c(-c3ccc(S(C)(=O)=O)cc3)n2c1C,'=',5000.0
CHEMBL1288771,Cc1cc2c(c(C)c1Cl)C=C(C(=O)O)C(C(F)(F)F)O2,'=',69.0
CHEMBL3735888,CS(=O)(=O)c1ccc(C2=NN(c3ccc(C(=O)O)cc3)C(c3ccc(Cl)cc3)C2)cc1,'=',3980.0
CHEMBL3265346,Cc1ccc(-c2nn(-c3ccccc3)cc2-c2nnc(-c3ccc(Cl)cc3)o2)cc1,'=',58000.0
CHEMBL1242460,COc1ccc(-c2nn(-c3ccccc3)cc2-c2nnc(-c3ccccc3)o2)cc1,'>',100000.0
CHEMBL1081856,Cc1ccccc1Nc1cnccc1NS(=O)(=O)C(F)(F)F,'=',2690.0
CHEMBL1079875,COc1cccc(Nc2cnccc2NS(=O)(=O)C(F)(F)F)c1,'=',1580.0
CHEMBL1079876,COc1ccc(Nc2cnccc2NS(=O)(=O)C(F)(F)F)cc1,'=',160.0
CHEMBL1078090,CS(=O)(=O)Nc1ccncc1Nc1cccc(Cl)c1,'=',730.0
CHEMBL1078682,COc1cccc(Nc2cnccc2NS(C)(=O)=O)c1,'>',100000.0
CHEMBL4212716,COc1ccc(-c2nc3cc(NC(=O)c4ccccc4Br)ccc3o2)cc1OC,'=',2240.0
CHEMBL491582,c1ccc(-c2ccc(-c3ccccc3)cc2)cc1,'=',144000.0
CHEMBL224136,CS(=O)(=O)Nc1ccncc1Oc1ccc(Cl)cc1Cl,'=',120.0
CHEMBL229245,COc1ccc(C2=Cc3ccccc3CC2)c(OC)c1OC,'=',660.0
CHEMBL228561,COc1ccc(C2=Cc3ccccc3C2)c(OC)c1OC,'=',1330.0
CHEMBL390117,COc1ccc(C2=Cc3ccccc3CC2)cc1OC,'>',100000.0
CHEMBL2171274,COC(=O)C(C)c1ccc2c(c1)[nH]c1ccc(Cl)cc12,'>',100000.0
CHEMBL404108,Cc1ccc(Nc2c(F)cccc2Cl)c(CC(=O)O)c1,'=',140.0
CHEMBL2171270,CC(=O)n1c2ccc(Cl)cc2c2ccc(C(C)C(=O)O)cc21,'>',100000.0
CHEMBL2347673,CCSc1nc(-c2ccc(Cl)cc2)c(-c2ccc(S(C)(=O)=O)cc2)[nH]1,'=',110.0
CHEMBL2347672,CCSc1nc(-c2ccc(F)cc2)c(-c2ccc(S(C)(=O)=O)cc2)[nH]1,'=',80.0
CHEMBL4277617,O=C(O)c1ccc(-n2cc(CSc3nc4ccccc4c(=O)n3-c3ccccc3)nn2)cc1,'=',670.0
CHEMBL4287667,O=c1c2ccccc2nc(SCc2cn(-c3ccccc3)nn2)n1-c1ccc(Br)cc1,'=',250.0
CHEMBL4290032,O=c1c2ccccc2nc(SCc2cn(-c3ccc(Cl)cc3)nn2)n1-c1ccc(Br)cc1,'=',160.0
CHEMBL517675,CCCOCCc1cc(-c2ccc(S(C)(=O)=O)cc2)n(-c2ccccc2)c1C,'=',1300.0
CHEMBL3410350,NS(=O)(=O)c1ccc(N2N=C3c4ccccc4CCC3C2c2ccc(Br)cc2)cc1,'=',26340.0
CHEMBL457332,CS(=O)(=O)c1ccc(-n2nncc2-c2ccc(F)cc2)cc1,'=',30.0
CHEMBL271962,Cc1ccc(/N=C/c2ccc(S(N)(=O)=O)cc2)cc1,'=',4620.0
CHEMBL3359443,O=C(NCCc1c[nH]c2ccc(O)cc12)c1ccccc1O,'=',1740.0
CHEMBL4076889,NS(=O)(=O)c1ccc(-n2nc(COC(=O)c3cc4ccccc4oc3=O)cc2-c2ccc(F)cc2)cc1,'=',3360.0
CHEMBL4466390,O=C(O)C[C@@H]1C(=O)O[C@H]2[C@@H]3OC(=O)c4cc(O)c(O)c(O)c4-c4ccccc4C(=O)OC[C@H]2O[C@@H](OC(=O)c2cc(O)c(O)c(O)c2)[C@@H]3OC(=O)c2cc(O)c(O)c3c2[C@H]1[C@H](O)C(=O)O3,'=',920.0
CHEMBL4211316,COc1ccc(-c2nc3cc(NC(=O)c4ccc(C)cc4)ccc3o2)cc1OC,'=',1390.0
CHEMBL4206085,CCOc1ccc(/C=C/c2ccc([N+](=O)[O-])cc2)cc1,'=',4017.0
CHEMBL314774,COc1cc(/C=C/c2ccc([N+](=O)[O-])cc2)cc(OC)c1OC,'=',2168.0
CHEMBL4450095,Clc1ccc(/C=N/Nc2nnc(-c3ccncc3)o2)cc1,'=',290.0
CHEMBL1163237,COc1ccc2c(c1)c1c(n2C(=O)c2ccccc2)CCN(CCCOc2cc(F)cc(C3(OC)CCOCC3)c2)C1.Cl,'=',78300.0
CHEMBL3359452,CC(C)Cc1ccc(C(C)C(=O)NCCc2c[nH]c3ccc(O)cc23)cc1,'=',10000.0
CHEMBL800,Cc1c(CC(=O)O)c2cc(O)ccc2n1C(=O)c1ccc(Cl)cc1,'=',5000.0
CHEMBL224256,CS(=O)(=O)Nc1ccncc1S(=O)(=O)c1ccccc1,'>',100000.0
CHEMBL4780406,C/C(=N\Nc1nc(-c2ccc(Cl)cc2)cs1)c1nnn(-c2ccc(S(N)(=O)=O)cc2)c1C,'=',40.0
CHEMBL4784956,CC(=O)c1nnn(-c2ccc(F)cc2)c1C,'=',230.0
CHEMBL4781926,C/C(=N\NC(N)=O)c1nnn(-c2ccc(Cl)cc2)c1C,'=',320.0
CHEMBL4786875,CC(=O)c1nnn(-c2ccc(S(=O)(=O)Nc3nccs3)cc2)c1C,'=',290.0
CHEMBL4779437,C/C(=N\NC(N)=S)c1nnn(-c2ccc(S(=O)(=O)Nc3nccs3)cc2)c1C,'=',50.0
CHEMBL4852008,COc1cc(Cc2n[nH]c(=S)n(/N=C/c3cc4ccc(OCc5ccccc5)cc4nc3Cl)c2=O)cc(OC)c1OC,'=',120.0
CHEMBL4076002,NS(=O)(=O)c1ccc(-n2nc(C(=O)OCCOc3ccc4ccc(=O)oc4c3)cc2-c2ccccc2Cl)cc1,'=',770.0
CHEMBL4082622,COc1cc(-c2cc(C(=O)OCCOc3ccc4ccc(=O)oc4c3)nn2-c2ccc(S(N)(=O)=O)cc2)cc(OC)c1OC,'=',230.0
CHEMBL184436,CNC(=O)c1[nH]c2cc(S(C)(=O)=O)ccc2c1Sc1ccc(F)cc1F,'>',40000.0
CHEMBL498529,CC(COC(=O)C(C)c1ccc2c(c1)[nH]c1ccc(Cl)cc12)O[N+](=O)[O-],'=',45000.0
CHEMBL409468,NS(=O)(=O)c1ccc(-c2nc(NCc3ccco3)cc(C(F)(F)F)n2)cc1,'=',2790.0
CHEMBL270036,NS(=O)(=O)c1ccc(-c2nc(NCc3cccnc3)cc(C(F)(F)F)n2)cc1,'>',10000.0
CHEMBL2234865,CS(=O)(=O)c1ccc(-c2nc(NCCCc3cccs3)cc(C(F)(F)F)n2)cc1,'=',826456.5
CHEMBL148691,CCSc1ccc(-c2cc(C(F)(F)F)nn2-c2ccc(S(N)(=O)=O)c(CO)c2)cc1,'=',51200.0
CHEMBL1632396,CC(=O)N1N=C(c2ccc(S(C)(=O)=O)cc2)CC1c1ccc(Cl)cc1,'=',21700.0
CHEMBL405744,NS(=O)(=O)c1ccc(/N=C/c2ccc(O)c(C(=O)O)c2)cc1,'=',740.0
CHEMBL271911,COc1ccc(/C=N/c2ccc(S(N)(=O)=O)cc2)cc1,'=',9880.0
CHEMBL71455,CCc1ccc(-n2c(-c3ccc(S(N)(=O)=O)cc3)coc2=O)cc1,'=',1559.55
CHEMBL261265,Nc1cccc(NC(=O)c2cccc(C(F)(F)F)c2)c1,'>',100000.0
CHEMBL429148,Nc1ccc(NC(=O)c2cccc(C(F)(F)F)c2)nc1,'>',100000.0
CHEMBL2096835,Cc1cc(=O)c(Oc2ccc(Br)cc2F)c(-c2ccc([S@@+](C)[O-])cc2)o1,'=',1580.0
CHEMBL3397728,CCCC/C(=C\c1cc(OCCc2ccc(C(F)(F)F)cc2)ccc1OCc1ccc(C(F)(F)F)cc1)C(=O)O,'>',10000.0
CHEMBL3397724,CCCC/C(=C\c1cc(OCc2ccc(OCCN3CCOCC3)cc2)ccc1OCc1ccc(C(F)(F)F)cc1)C(=O)O,'>',10000.0
CHEMBL184375,Cc1ccc(-c2c(-c3ccc(S(N)(=O)=O)cc3)ccc(F)c2F)cc1C,'=',5.012
CHEMBL551419,CS(=O)(=O)c1ccc(-c2cc(C(F)(F)F)nc(OCC3CCCC3)n2)cc1,'=',22.0
CHEMBL188115,COc1ccc2c(-c3ccc(S(C)(=O)=O)cc3)c(-c3ccc(F)cc3)nn2n1,'=',51.0
CHEMBL1288695,Cc1c(Cl)cc2c(c1C)O[C@H](C(F)(F)F)C(C(=O)O)=C2,'=',30.0
CHEMBL271754,NS(=O)(=O)c1ccc(/C=N/c2ccc(C(F)(F)F)cc2)cc1,'=',6540.0
CHEMBL271832,COc1ccc(/C=N/c2ccc(S(N)(=O)=O)cc2)cc1OC,'=',3090.0
CHEMBL3322400,CS(=O)(=O)c1ccc(N2CCN=C2c2cccc(Cl)c2)cc1,'=',8100.0
CHEMBL3322404,COc1ccc(C2=NCCN2c2ccc(S(C)(=O)=O)cc2)cc1Cl,'>',10000.0
CHEMBL3322412,NS(=O)(=O)c1ccc(N2CCN=C2c2cccc(Br)c2)cc1,'=',2900.0
CHEMBL3322415,NS(=O)(=O)c1ccc(N2CCN=C2c2cccc(Cl)c2)cc1,'=',2500.0
CHEMBL365865,CS(=O)(=O)c1ccc(-c2c(-c3ccccc3)nn3ncccc23)cc1,'=',2.0
CHEMBL1086757,O=C(Nc1ccc(-c2cccc(Cl)c2Cl)cc1)C1=C(O)c2ccccc2S(=O)(=O)N1,'=',44400.0
CHEMBL3265351,O=[N+]([O-])c1ccc(-c2nn(-c3ccccc3)cc2-c2nnc(-c3ccc(Cl)cc3)o2)cc1,'=',1200.0
CHEMBL1242364,Fc1ccc(-c2nn(-c3ccccc3)cc2-c2nnc(-c3ccccc3)o2)cc1,'=',6500.0
CHEMBL25030,COc1ccc2c(c1)c(CC(=O)N[C@H](CO)C(C)C)c(C)n2C(=O)c1ccc(Cl)cc1,'=',370.0
CHEMBL95508,COC(=O)CNC(=O)Cc1c(C)n(C(=O)c2ccc(Cl)cc2)c2ccc(OC)cc12,'=',4000.0
CHEMBL277118,CSc1ccc(C2=C(c3ccc(S(C)(=O)=O)cc3)C(C)(O)OC2=O)cc1,'=',310.0
CHEMBL18867,CC(C)c1ccc(C2=C(c3ccc(S(C)(=O)=O)cc3)C(C)(O)OC2=O)cc1,'=',410.0
CHEMBL3290202,NS(=O)(=O)c1ccc(-n2nc(C(=O)NCc3ccccc3)nc2-c2ccccc2)cc1,'=',1700.0
CHEMBL558230,Cn1cccc1Cc1ncc(-c2ccc(S(C)(=O)=O)cc2)c(-c2ccc(F)cc2)n1,'=',23.0
CHEMBL29075,NS(=O)(=O)c1ccc(-n2nc(C(F)(F)F)cc2-c2ccccn2)cc1,'=',45600.0
CHEMBL30200,CNS(=O)(=O)c1ccc(-n2nc(C(F)(F)F)cc2-c2ccc(F)cc2)cc1,'>',100000.0
CHEMBL1682229,CS(=O)(=O)c1ccc(-c2nnnn2-c2ccccc2)cc1,'=',200000.0
CHEMBL503071,COC(=O)[C@H]1CC[C@]2(C)[C@H]3CC=C4[C@@H]5CC(C)(C)CC[C@]5(C(=O)O)CC[C@@]4(C)[C@]3(C)CC[C@H]2C1(C)C,'=',2200.0
CHEMBL3906347,Cc1cc(C)c2c(=O)n(CC(=O)N3CCN(c4cccc(Cl)c4)CC3)sc2n1,'=',407380.28
CHEMBL498882,COc1cc(NC(C)=O)ccc1O,'=',138000.0
CHEMBL3425989,CC(=O)N[C@H]1Oc2ccc(CCO)cc2O[C@@H]1c1ccc(O)c(O)c1,'=',2500.0
CHEMBL44319,CS(=O)(=O)Nc1ccc(-c2cc(C(F)(F)F)nn2-c2ccccc2)cc1,'=',2900.0
CHEMBL3309832,Cc1ccc(S(=O)(=O)N2N=C(C(F)(F)F)CC2c2cccc3c2OCO3)cc1,'=',57360.0
CHEMBL325787,C=CCc1cccc(-c2ccc(C(C)C(=O)O)cc2)c1,'=',150.0
CHEMBL289653,Cc1nc(-c2ccc(F)cc2)c(-c2ccc(S(N)(=O)=O)c(F)c2)o1,'=',40.0
CHEMBL3822753,NS(=O)(=O)c1ccc(-n2nc(C(=O)N/N=C/c3c(Cl)c4ccccc4oc3=O)cc2-c2ccccc2)cc1,'=',4530.0
CHEMBL3823814,Cc1ccc(-c2cc(C(=O)N/N=C/c3c(Cl)c4ccccc4oc3=O)nn2-c2ccc(S(N)(=O)=O)cc2)cc1C,'=',6250.0
CHEMBL3822899,NS(=O)(=O)c1ccc(-n2nc(C(=O)N/N=C/c3c(Cl)c4ccccc4oc3=O)cc2-c2ccccc2Cl)cc1,'=',1060.0
CHEMBL3822695,NS(=O)(=O)c1ccc(-n2nc(C(=O)N/N=C/c3c(Cl)c4ccccc4oc3=O)cc2-c2cccc(F)c2)cc1,'=',260.0
CHEMBL151929,Cc1ccc(Cl)c(Nc2ccccc2C(=O)N[C@@H](C)C(=O)O)c1Cl,'=',33000.0
CHEMBL226061,OC[C@H]1C[C@](O)(c2ccccc2Cl)[C@@H](c2ccccc2Cl)O1,'<',1000.0
CHEMBL45247,CS(=O)(=O)Nc1ccc(-c2cc(C(F)F)nn2-c2ccc(Cl)cc2)cc1,'=',150.0
CHEMBL332028,CC(C)(C)c1cc(-c2cn3ccsc3n2)cc2c1OCC2(C)C,'=',15.0
CHEMBL339258,Cc1cc(=O)c(Oc2ccc(C(F)(F)F)cc2)c(-c2ccc(S(C)(=O)=O)cc2)o1,'=',2449.06
CHEMBL319326,CN1CC(c2ccc(F)cc2)=C(c2ccccc2)O1,'=',5380.0
CHEMBL419947,COCCNC(=O)c1cc(C(C)(C)C)c2c(c1)C(C)(C)CO2,'=',30.0
CHEMBL326295,CC(C)(C)c1cc(NN2CCC=N2)cc2c1OCC2(C)C,'>',100000.0
CHEMBL1275972,CC(C(=O)O)c1ccc(C[C@H]2CCC[C@@H]2O)cc1F,'=',3100.0
CHEMBL359775,COc1ccc(-c2nn3ncccc3c2-c2ccc(S(C)(=O)=O)cc2)cc1,'<',10.0
CHEMBL4862415,CC(C)Oc1ccc2nc(O)c(/C=N/n3c(=S)[nH]nc(Cc4ccccc4)c3=O)cc2c1,'=',320.0
CHEMBL4454251,C#CCOc1ccc(/C=C2\SC(=O)NC2=O)cc1,'=',330.0
CHEMBL1241822,O=C(N/N=C/c1coc2ccccc2c1=O)c1ccccc1,'=',802320.0
CHEMBL4069692,NS(=O)(=O)c1ccc(-n2nc(C(=O)OCCOc3ccc4ccc(=O)oc4c3)cc2-c2ccc(Cl)cc2)cc1,'=',910.0
CHEMBL3355604,[2H]C([2H])([2H])c1c(Br)c2c(c(C([2H])([2H])[2H])c1Br)C=C(C(=O)O)C(C(F)(F)F)O2,'=',84.0
CHEMBL1682204,O=C(O)c1cccc(Nc2ccc(Br)cc2)c1,'>',100000.0
CHEMBL2171264,CCCCNC(=O)n1c2ccc(Cl)cc2c2ccc(C(C)C(=O)O)cc21,'>',100000.0
CHEMBL2171263,CNC(=O)n1c2ccc(Cl)cc2c2ccc(C(C)C(=O)O)cc21,'>',100000.0
CHEMBL1669029,O=C(O)C1=Cc2cc(Cl)cc(-c3ccc(CO)cc3)c2OC1C(F)(F)F,'=',6380.0
CHEMBL4640817,COC(=O)[C@@H](N)Cc1cn(-c2nc(Cl)nc(Nc3ccc(N4CCOCC4=O)cc3)n2)c2ccccc12,'=',30.0
CHEMBL4162045,O=C1COCCN1c1ccc(Nc2nc(Cl)nc(OCCCl)n2)cc1,'=',1000.0
CHEMBL4163160,O=C1COCCN1c1ccc(Nc2nc(Nc3ccc(Cl)cc3)nc(N3CCOCC3)n2)cc1,'=',6000.0
CHEMBL1956389,CS(=O)(=O)c1ccc(-n2nnnc2-c2ccccc2)cc1,'=',30000.0
CHEMBL1956391,COc1ccc(-c2nnnn2-c2ccc(S(C)(=O)=O)cc2)cc1,'>',100000.0
CHEMBL1956392,CS(=O)(=O)c1ccc(-n2nnnc2-c2ccc(F)cc2)cc1,'=',15000.0
CHEMBL3978014,Cc1cc(C)c2c(OCCCC(=O)N3CCN(c4cccc(Cl)c4)CC3)nsc2n1,'=',4570881.9
CHEMBL2398541,NS(=O)(=O)c1ccc(CCn2cc(-c3ccc(Cl)cc3)nn2)cc1,'=',170.0
CHEMBL2398539,NS(=O)(=O)c1ccc(CCn2cc(-c3ccccc3)nn2)cc1,'=',1100.0
CHEMBL2380867,Cc1ccc(-c2noc(C)c2-c2ccccc2)o1,'=',68200.0
CHEMBL2171249,C[C@H](C(=O)O)c1ccc2c(c1)[nH]c1ccc(Cl)cc12,'=',5300.0
CHEMBL2171255,CC(C(=O)O)c1ccc2c3cc(Cl)ccc3n(C)c2c1,'>',100000.0
CHEMBL3924357,O=C(O)Cn1cnc(-c2ccccc2)c1-c1ccccc1,'=',13450.0
CHEMBL3915359,CN1CCN(C(=O)Cn2cnc(-c3ccccc3)c2-c2ccccc2)CC1,'=',10230.0
CHEMBL3901520,O=C(CNc1nc(-c2ccccc2)c(-c2ccccc2)s1)N1CCOCC1,'=',8280.0
CHEMBL3290205,CC(C)NC(=O)c1nc(-c2ccccc2)n(-c2ccc(S(N)(=O)=O)cc2)n1,'=',16000.0
CHEMBL3290200,COc1ccc(NC(=O)c2nc(-c3ccccc3)n(-c3ccc(S(N)(=O)=O)cc3)n2)cc1OC,'=',1300.0
CHEMBL1242554,O=[N+]([O-])c1ccc(-c2nn(-c3ccccc3)cc2-c2nnc(-c3ccccc3)o2)cc1,'=',310.0
CHEMBL4794283,O=C(NCCc1c[nH]c2ccccc12)c1ccc(F)cc1O,'>',40000.0
CHEMBL2315856,O=C(N[C@H]1CCC[C@@H]1COc1ccccc1)C1CCN(c2nc3cc(Cl)ccc3o2)CC1,'=',84.7
CHEMBL76861,COc1ccc(-c2c(-c3ccc(S(N)(=O)=O)cc3)oc3ccccc23)cc1Cl,'=',20.0
CHEMBL147074,CC(C)(COc1ccc(Br)cc1)C(=O)NCCCN1c2ccccc2Sc2ccccc21,'=',21000.0
CHEMBL4649049,CSc1nc2ccccc2n1-c1csc(NC(=O)c2ccc(Cl)cc2)n1,'=',210.0
CHEMBL106023,NS(=O)(=O)c1ccc(-n2cc(C(F)(F)F)nc2-c2cncc(Br)c2)cc1,'=',340.0
CHEMBL16843,CC[S+]([O-])c1nnc(-c2cc(C(C)(C)C)c(O)c(C(C)(C)C)c2)s1,'>',20000.0
CHEMBL4085904,c1ccc(-n2nccc2-c2ccc(Nc3nc(N4CCOCC4)nc(N4CCOCC4)n3)cc2)cc1,'=',1450.0
CHEMBL4072942,c1ccc(-n2nccc2-c2ccc(Nc3nc(N4CCCCC4)nc(N4CCCCC4)n3)cc2)cc1,'=',1860.0
CHEMBL4085306,c1cc(-c2ccc(Nc3nc(N4CCCCC4)nc(N4CCCCC4)n3)cc2)[nH]n1,'=',1120.0
CHEMBL4466839,CCOC(=O)CSc1nnc(-c2ccc(S(C)(=O)=O)cc2)c(-c2ccc(F)cc2)n1,'=',10100.0
CHEMBL295654,CS(=O)(=O)c1ccc(-n2cc(C(=O)O)nc2-c2ccc(Cl)cc2)cc1,'>',100000.0
CHEMBL338927,Cc1cc(=O)c(-c2ccc(Br)cc2)c(-c2ccc(S(C)(=O)=O)cc2)o1,'=',1730.0
CHEMBL3309448,NS(=O)(=O)c1ccc(N2N=C(C(F)(F)F)CC2c2cccc3c2OCO3)cc1,'=',51.0
CHEMBL3289925,CCOC(OCC)c1ccc(/C=C2\COC/C(=C\c3ccc(C(OCC)OCC)cc3)C2=O)cc1,'=',11210.0
CHEMBL3289934,CN(C)c1ccc(/C=C2/CCC/C(=C\c3ccc(N(C)C)cc3[N+](=O)[O-])C2=O)c([N+](=O)[O-])c1,'>',100000.0
CHEMBL3309947,CN(C)c1ccc(/C=C2\COC/C(=C\c3ccc(N(C)C)cc3[N+](=O)[O-])C2=O)c([N+](=O)[O-])c1,'=',18550.0
CHEMBL3289940,CN(C)c1ccc(/C=C2\CC/C(=C\c3ccc(N(C)C)cc3[N+](=O)[O-])C2=O)c([N+](=O)[O-])c1,'>',100000.0
CHEMBL3309954,O=C1/C(=C/c2ccc(N3CCCC3)cc2)COC/C1=C\c1ccc(N2CCCC2)cc1,'>',100000.0
CHEMBL3290193,O=C1/C(=C/c2ccc(N3CCCC3)cc2)CC/C1=C\c1ccc(N2CCCC2)cc1,'=',46220.0
CHEMBL3127462,COc1cc2occc2c(OC)c1-c1cc(-c2ccc(C(F)(F)F)cc2)n(-c2ccc(S(N)(=O)=O)cc2)n1,'=',340.0
CHEMBL52760,CS(=O)(=O)c1ccc(-c2cc(F)c(F)cc2-c2ccc(F)c(Cl)c2)cc1,'=',2.0
CHEMBL4449234,O=C1NC(=S)S/C1=C\c1ccc(OCc2cn(Cc3ccccc3)nn2)cc1,'=',330.0
CHEMBL364966,CS(=O)(=O)c1ccc(-c2cc(C(F)(F)F)cnc2C(=O)c2ccccc2)cc1,'=',250.0
CHEMBL185638,Cc1cc(C)c(S(N)(=O)=O)c(C)c1-c1noc(C)c1-c1ccccc1,'>',100000.0
CHEMBL4474290,COc1ccc(-n2cc(COc3ccc(/C=C4\SC(=S)NC4=O)cc3)nn2)cc1,'=',100.0
CHEMBL4570970,O=C1NC(=O)/C(=C/c2ccc(OCc3cn(Cc4ccccc4)nn3)cc2)S1,'=',270.0
CHEMBL1288642,Cc1cc2c(c(C)c1Cl)C=C(C(=O)O)[C@H](C(F)(F)F)O2,'=',1280.0
CHEMBL229957,COc1ccc2c(c1)CCC(c1ccc(OC)c(OC)c1OC)=C2,'>',100000.0
CHEMBL4785750,COc1ccccc1/C=N/Nc1nc(-c2ccc(S(C)(=O)=O)cc2)cs1,'>',100000.0
CHEMBL4745350,CS(=O)(=O)c1ccc(-c2csc(N/N=C/c3ccc(O)cc3O)n2)cc1,'>',100000.0
CHEMBL4796831,Cc1ccc(Nc2nc(/C=C/c3ccccc3)nc3cc(-c4cccs4)ccc23)cc1,'>',50000.0
CHEMBL4640385,CSc1nc2ccccc2n1-c1csc(NCC(=O)c2ccc(Cl)cc2)n1,'=',140.0
CHEMBL4634111,CSc1nc2ccccc2n1-c1csc2nc(-c3ccccc3)cn12,'=',220.0
CHEMBL4635616,Clc1ccc(-c2nnc(Cn3c(CN4CCCCC4)nc4ccccc43)o2)cc1,'=',60.0
CHEMBL2283158,CC/C(=C(\c1ccccc1)c1cc(C(C)(C)C)c(O)c(C(C)(C)C)c1)c1ccc(S(C)(=O)=O)cc1,'=',1770.0
CHEMBL4443940,CCOC(=O)CSc1nnc(-c2ccc(S(C)(=O)=O)cc2)c(-c2ccc(OC)cc2)n1,'=',10100.0
CHEMBL316771,COc1cc(OC)cc(-c2ccc(C(C)C(=O)O)cc2F)c1,'=',70.0
CHEMBL339798,CSc1ccc(-c2cc(C(F)(F)F)nn2-c2ccc(S(N)(=O)=O)cc2F)cc1,'=',34.0
CHEMBL214101,O=C1OCC(c2ccc(-c3nn[nH]n3)cc2)=C1c1ccccc1,'=',1.8
CHEMBL117911,CC(C)(C)c1cc(/C=C\c2cccs2)cc2c1OCC2(C)C,'=',35.0
CHEMBL225113,O=S(=O)(Nc1ccncc1Oc1ccc(Cl)cc1)C(F)(F)F,'=',1530.0
CHEMBL224640,O=S(=O)(Nc1ccncc1Oc1ccccc1Cl)C(F)(F)F,'=',150.0
CHEMBL214710,COc1cc(/N=N/c2ccc(S(N)(=O)=O)cc2)ccc1O,'=',16850.0
CHEMBL435298,C[C@H](C(=O)O)c1ccc(-c2ccccc2)c(F)c1,'=',910.0
CHEMBL4443644,N#Cc1cnn(-c2ccc(S(N)(=O)=O)cc2)c1NC(=O)CCN1CCOCC1,'=',39.43
CHEMBL4281944,O=c1c2ccccc2nc(SCc2cc(-c3ccc(Cl)cc3)no2)n1-c1ccccc1,'=',560.0
CHEMBL4082443,Cc1c(C2=C(N=O)Oc3ccccc3N2)cnn1-c1ccccc1,'=',4200.0
CHEMBL4100461,Cc1c(C2=C(N=O)Oc3cccnc3N2)cnn1-c1ccccc1,'=',1220.0
CHEMBL4088373,Cc1c(C2=C(N=O)Nc3ccccc3N2)cnn1-c1ccccc1,'=',1610.0
CHEMBL4072432,CCCCCCCCCCOC(=O)c1c(O)c(-c2ccc(O)cc2)c[nH]c1=O,'>',10000.0
CHEMBL1938840,CC(C)(C)OC1Oc2ccccc2-c2nc(NN)ncc21,'=',60.0
CHEMBL29697,O=[N+]([O-])c1ccc(-n2nc(C(F)(F)F)cc2-c2ccc(F)cc2)cc1,'>',100000.0
CHEMBL4171339,COc1ccc(-c2noc(CC(=O)NCCCCCCCCCCC(=O)OC[C@H]3OC(O)[C@H](O)[C@@H](O)[C@H]3O)c2-c2ccc(OC)cc2)cc1,'=',270.0
CHEMBL4285512,O=c1c2ccccc2nc(SCc2cn(-c3ccccc3)nn2)n1-c1ccc(Cl)cc1,'=',960.0
CHEMBL173283,CS(=O)(=O)c1ccc(-c2ccccc2C2=CCCCC2)cc1,'=',33000.0
CHEMBL398087,O=C(O)Cc1ccn(-c2ccccc2F)c1,'=',2400.0
CHEMBL235786,O=C(O)Cc1ccc2c(c1)OCCO2,'>',100000.0
CHEMBL13988,CC(C)(C)c1cc(C(=O)/C=C/CC2CC2)cc2c1OCC2(C)C,'=',250.0
CHEMBL4544072,COC(=O)CNC(=O)[C@H](CCSC)NC(=O)[C@H](Cc1ccccc1)NC(=O)[C@@H]1CCCN1C(=O)OC(C)(C)C,'=',400.0
CHEMBL154533,CCCCCc1cc(O)cc(O)c1,'=',17260.0
CHEMBL99828,Cc1cc(-c2ccc(S(C)(=O)=O)cc2)c(-c2ccc(F)cc2)s1,'=',10000.0
CHEMBL90988,CS(=O)(=O)c1ccc(C2=C(c3ccccc3)C(=O)C23CCCC3)cc1,'=',12.0
CHEMBL307766,CS(=O)(=O)c1ccc(-c2coc(=O)n2-c2ccc(F)cc2F)cc1,'=',1348.96
CHEMBL178383,Oc1ccc(/C=C/c2cc(/C=C/c3ccc(O)cc3)[nH]n2)cc1,'=',32410.0
CHEMBL144515,CCCCC#CC(C)Sc1ccccc1OC(C)=O,'=',7000.0
CHEMBL358783,CCCCCCCS(=O)(=O)c1ccccc1OC(C)=O,'>',40000.0
CHEMBL145283,CCCCC#CCSc1ccccc1OC(=O)CC,'>',40000.0
CHEMBL4555803,C#CCc1cn(C)c2c(O)cccc12,'=',6220.0
CHEMBL108936,Cc1ccc(-c2nc(C(F)(F)F)cn2-c2ccc(S(N)(=O)=O)cc2)cn1,'=',290.0
CHEMBL2334135,COc1ccc(/C=C/c2cc(OC)cc(OC)c2/C=C/C(=O)N2CCCCC2)cc1,'=',23160.0
CHEMBL444396,CC(C(=O)OCCO[N+](=O)[O-])c1cccc(C(=O)c2ccccc2)c1,'=',770.0
CHEMBL279166,CC(C)(C)c1cc(C(=O)CCCC2CC2)cc2c1OCC2,'=',15000.0
CHEMBL4755188,O=C(/C=C/c1ccc(O)c(O)c1)NNC(=O)COc1ccc(Cl)cc1,'=',3170.0
CHEMBL4742702,COc1cc(O)cc(Br)c1O,'=',4810.0
CHEMBL2333747,COc1ccc(/C=C/c2cc(OC)cc(OC)c2/C=C/C(=O)NCC(C)C)cc1,'=',15090.0
CHEMBL2333745,COc1ccc(/C=C/c2cc(OC)cc(OC)c2/C=C/C(=O)NC(C)C)cc1,'=',2010.0
CHEMBL4513580,Cc1onc(-c2ccc([N+](=O)[O-])cc2)c1-c1ccc(F)cc1,'>',50000.0
CHEMBL4589007,O=C1NC(=O)/C(=C/c2ccc(OCc3cn(CC(=O)c4ccc(Br)cc4)nn3)cc2)S1,'=',100.0
CHEMBL4450483,Cc1ccc(-n2cc(COc3ccc(/C=C4\SC(=O)NC4=O)cc3)nn2)cc1,'=',520.0
CHEMBL4544031,O=C1NC(=O)/C(=C/c2ccc(OCc3cn(-c4ccc(Cl)cc4)nn3)cc2)S1,'=',260.0
CHEMBL4098347,O=CC1=Cc2cc(S(F)(F)(F)(F)F)cc(Br)c2OC1C(F)(F)F,'>',10000.0
CHEMBL4874336,COc1ccc(N2CCN(CCc3c(C)nc4oc(-c5ccc(Cl)cc5)nn4c3=O)CC2)cc1,'=',15.0
CHEMBL517149,C[C@@H]1O[C@@H](O[C@H]2Cc3c(O)cc(O)cc3O[C@@H]2c2ccc(O)cc2)[C@H](O)[C@H](O)[C@H]1O,'=',19700.0
CHEMBL4462866,CC1(C)CC[C@]2(C)CC[C@]3(C)C(=CC(=O)[C@@H]4[C@@]5(C)CC[C@H](O)C(C)(C)[C@@H]5CC[C@]43C)[C@@H]2C1,'>',40000.0
CHEMBL236433,C[C@H](C(=O)O)c1ccc2c(c1)OCCO2,'=',16500.0
CHEMBL259842,CCc1cccc(C)c1Nc1ccccc1CC(=O)O,'=',327.0
CHEMBL4794089,C/C(=N\Nc1nc(-c2ccc(Cl)cc2)cs1)c1nnn(-c2ccc(S(=O)(=O)Nc3nccs3)cc2)c1C,'=',40.0
CHEMBL237021,COc1ccc2c(c1)c(CC(=O)NCCCO[N+](=O)[O-])c(C)n2C(=O)c1ccc(Cl)cc1,'=',1200.0
CHEMBL457331,CN(C)c1ccc(-c2cnnn2-c2ccc(S(C)(=O)=O)cc2)cc1,'=',360.0
CHEMBL2159927,Cc1ccc(C2=NN(C3=NC(=O)CS3)C(c3cccc(Cl)c3)C2)cc1C,'=',5200.0
CHEMBL3287559,Oc1ccc(-c2ccccc2-c2nc3ccccc3o2)cc1Cl,'=',410.0
CHEMBL3287560,CS(=O)(=O)c1ccc(-c2ccccc2-c2nc3ccccc3o2)cc1,'=',1340.0
CHEMBL513096,Nn1c(SC(C(=O)O)c2ccccc2)nc2ccc(Br)cc2c1=O,'=',7000.0
CHEMBL4749908,Cc1ccc2[nH]cc(CCNC(=O)c3ccccc3Nc3ccccc3)c2c1,'=',27050.0
CHEMBL271104,CC(C)c1cc(NCc2cccs2)nc(-c2ccc(S(C)(=O)=O)cc2)n1,'=',9.8
CHEMBL407951,CS(=O)(=O)c1ccc(-c2nc(NCc3csc4ccccc34)cc(C(F)(F)F)n2)cc1,'>',10000.0
CHEMBL184076,Cc1ccc(-c2c(-c3ccc(S(N)(=O)=O)cc3)ccc(F)c2F)cc1,'=',3.981
CHEMBL195894,COc1ccc2c(c1F)CSc1c(C(F)(F)F)nn(-c3ccc(S(C)(=O)=O)cc3)c1-2,'=',75.86
CHEMBL257054,CS(=O)(=O)c1ccc(-c2nc(NCC3CC=CCC3)cc(C(F)(F)F)n2)cc1,'=',43.1
CHEMBL257301,CS(=O)(=O)c1ccc(-c2nc(NCc3nc4ccccc4[nH]3)cc(C(F)(F)F)n2)cc1,'>',10000.0
CHEMBL272627,CS(=O)(=O)c1ccc(-c2nc(NCc3ccsc3)cc(C(F)(F)F)n2)cc1,'=',17.6
CHEMBL195825,Cc1ccc2c(c1F)CSc1c(C(F)(F)F)nn(-c3ccc(S(N)(=O)=O)cc3)c1-2,'=',15.85
CHEMBL2380879,O=C(O)c1c(-c2ccccc2)noc1-c1ccccc1,'>',100000.0
CHEMBL2380878,O=C(O)c1c(-c2ccc(Cl)o2)noc1-c1ccccc1,'>',100000.0
CHEMBL1221729,CCCC/C(=C(\c1ccccc1)c1ccc(OCCF)cc1)c1ccc(S(C)(=O)=O)cc1,'=',22300.0
CHEMBL466862,COc1ccc2c(c1)c(CC(=O)OC[C@@H]1CCCN1/[N+]([O-])=N/OCOC(C)=O)c(C)n2C(=O)c1ccc(Cl)cc1,'=',9300.0
CHEMBL306639,CS(=O)(=O)c1ccc(-c2occc(=O)c2-c2ccc(F)cc2)cc1,'=',2236145.2
CHEMBL519521,O=C(O)c1ccccc1/N=C/c1coc2ccccc2c1=O,'=',65720.0
CHEMBL4460448,CC/C=N/c1c(C#N)c2n(c1C(=O)Nc1ccc(Br)cc1)CCC2,'=',13310.0
CHEMBL4454216,N#Cc1c(/N=C/c2ccco2)c(C(=O)Nc2ccc(Br)cc2)n2c1CCC2,'=',1650.0
CHEMBL4466133,CCC1SCC(=O)N1c1c(C#N)c2n(c1C(=O)Nc1ccc(C)cc1)CCC2,'=',1250.0
CHEMBL4579212,CCC1SCC(=O)N1c1c(C#N)c2n(c1C(=O)Nc1ccccc1)CCCC2,'=',56100.0
CHEMBL2347671,CCSc1nc(-c2ccccc2)c(-c2ccc(S(C)(=O)=O)cc2)[nH]1,'=',50.0
CHEMBL482199,CS(=O)(=O)Nc1cc2c(cc1C(=O)N/N=C/c1ccccc1)OCO2,'=',10200.0
CHEMBL2096829,Cc1ccc(-c2ncc(Cl)cc2-c2ccc([S@+](C)[O-])cc2)cn1,'=',3500.0
CHEMBL2230270,CC1(C)C=Cc2c(O)cc(/C=C/c3ccc(O)cc3)cc2O1,'>',20000.0
CHEMBL540943,C[C@@H]1O[C@@H](O[C@H]2[C@H](O)[C@@H](O)[C@H](OC[C@H]3O[C@@H](OC(=O)[C@]45CCC(C)(C)C[C@H]4C4=CC[C@@H]6[C@@]7(C)CC[C@H](O)[C@@](C)(CO)[C@@H]7CC[C@@]6(C)[C@]4(C)CC5)[C@H](O)[C@@H](O)[C@@H]3O)O[C@@H]2CO)[C@H](O)[C@H](O)[C@H]1O,'>',50000.0
CHEMBL2159922,Cc1ccc(C2=NN(C3=NC(=O)CS3)C(c3ccc(F)cc3)C2)cc1C,'=',6400.0
CHEMBL2159925,Cc1ccc(C2CC(c3ccc(C)c(C)c3)=NN2C2=NC(=O)CS2)cc1,'=',1200.0
CHEMBL3397726,CCCC/C(=C\c1cc(OCC(c2ccccc2)c2ccccc2)ccc1OCc1ccc(C(F)(F)F)cc1)C(=O)O,'>',10000.0
CHEMBL5283165,COc1ccc(-c2cc(-c3ccc(Br)cc3)n(-c3ccc(S(N)(=O)=O)cc3)n2)cc1,'=',43.0
CHEMBL3746042,COc1cc(C2CC(c3cccs3)=NN2c2ccc(S(N)(=O)=O)cc2)cc(OC)c1OC,'=',6340.0
CHEMBL3127306,COc1c(-c2cc(C)nn2-c2ccc(S(N)(=O)=O)cc2)c(O)cc2occc12,'=',7500.0
CHEMBL399879,Cc1ccc(N2C(=O)CSC2c2ccc(S(C)(=O)=O)cc2)cc1,'=',150.0
CHEMBL257539,CCOc1cccc(OCC)c1-c1ccc(C(C)C(=O)O)cc1F,'=',100.0
CHEMBL2333750,COc1ccc(/C=C/c2cc(OC)cc(OC)c2/C=C/C(=O)NC2CCCCC2)cc1,'=',5090.0
CHEMBL4864897,CC(C)(O)COc1ncc(CO)cc1-c1ccc(S(C)(=O)=O)cc1,'>',50000.0
CHEMBL2333742,COc1ccc(/C=C/c2cc(OC)cc(OC)c2/C=C/C(=O)NCCCl)cc1,'=',1360.0
CHEMBL2375786,C/C=C(\C)C(=O)O[C@@H]1[C@@H](C)[C@@]2(O)[C@@H](C=C(CO)C[C@]3(O)C(=O)C(C)=C[C@@H]23)[C@@H]2C(C)(C)[C@]12OC(=O)C(C)CC,'>',50000.0
CHEMBL2283157,CS(=O)(=O)c1ccc(/C=C(/C(=O)O)c2ccc(O)cc2)cc1,'=',5300.0
CHEMBL2283155,CS(=O)(=O)c1ccc(/C=C(/C(=O)O)c2cccc(Br)c2)cc1,'=',310.0
CHEMBL3233596,Cc1ccc(C2=C(c3ccc(S(N)(=O)=O)cc3)C(=O)NC2=O)cc1,'=',1500.0
CHEMBL2171246,CC(C(=O)O)c1ccc2c3cc(Cl)ccc3n(C(=O)c3cocn3)c2c1,'=',27800.0
CHEMBL4471996,COc1cccc(-c2cc(C(=O)N3CCOCC3)nn2-c2ccc(S(N)(=O)=O)cc2)c1,'=',2250.0
CHEMBL4445481,NS(=O)(=O)c1ccc(-n2nc(C(=O)NCCCN3CCOCC3)cc2-c2ccc(C(F)(F)F)cc2)cc1,'=',170.0
CHEMBL4532838,CCOc1ccc(-c2cc(C(=O)NCCN3CCOCC3)nn2-c2ccc(S(N)(=O)=O)cc2)cc1,'=',850.0
CHEMBL4455944,CCOc1ccc(-c2cc(C(=O)NCCCN3CCOCC3)nn2-c2ccc(S(N)(=O)=O)cc2)cc1,'=',910.0
CHEMBL5267677,COc1ccc(NCc2nc3ccccc3n2C(=O)c2ccccc2)cc1,'=',7600.0
CHEMBL5284897,O=c1[nH]n2c(=O)c3ccccc3nc2/c1=C/c1ccc(F)cc1,'=',47.0
CHEMBL5278682,COc1ccc(/C=c2\c(=O)[nH]n3c(=O)c4ccccc4nc23)cc1,'=',47.0
CHEMBL4763059,COc1ccc(/C=N/Nc2nc(-c3ccc(S(C)(=O)=O)cc3)cs2)cc1O,'=',175.0
CHEMBL4789520,NS(=O)(=O)c1ccc(-n2nc(C(=O)NCCCC(=O)O)cc2-c2ccccc2)cc1,'=',4000.0
CHEMBL5276771,COc1cccc(/C=c2\c(=O)[nH]n3c(=O)c4ccccc4nc23)c1,'=',488.2
CHEMBL5280992,CON(C)C(=O)c1ccc(-c2nc(CSc3nc4ccccc4s3)no2)cc1,'=',7600.0
CHEMBL5286816,O=C(NC1CCCCC1)c1cc(NCc2cc(O)ccc2O)ccc1O,'=',100.0
CHEMBL5280920,O=C1/C(=C/c2ccc(Cl)cc2)N=C(c2ccccc2)N1c1ccc(-c2nc3ccccc3o2)cc1,'=',250.0
CHEMBL2023850,CN(c1ccc(O)cc1)c1nc(-c2ccc(Cl)cc2)cs1,'=',1080.0
CHEMBL1075636,O=S(=O)(Nc1ccncc1Nc1ccccc1Cl)C(F)(F)F,'=',2110.0
CHEMBL309156,CS(=O)(=O)c1ccc(-c2occ(Cl)c(=O)c2-c2ccccc2F)cc1,'=',6309573.44
CHEMBL306673,CS(=O)(=O)c1ccc(-c2occ(Cl)c(=O)c2-c2cccc(F)c2)cc1,'=',1425607.59
CHEMBL70296,CS(=O)(=O)c1ccc(-c2occ(Cl)c(=O)c2-c2ccc(Cl)cc2)cc1,'=',936052.05
CHEMBL68873,CS(=O)(=O)c1ccc(-c2occ(Cl)c(=O)c2-c2cc(F)cc(F)c2)cc1,'=',2343689.1
CHEMBL185196,Cc1cc(-c2c(-c3ccc(S(N)(=O)=O)cc3)ccc(F)c2F)ccc1Cl,'=',3.02
CHEMBL363270,CN(C)c1ccc(-c2c(-c3ccc(S(N)(=O)=O)cc3)ccc(F)c2F)cc1Cl,'=',6.026
CHEMBL366102,NS(=O)(=O)c1ccc(-c2c(-c3ccc(F)cc3)nn3ncccc23)cc1,'<',10.0
CHEMBL4287517,CS(=O)(=O)c1ccc(-c2cc(-c3ccccc3)no2)cc1,'=',13550.0
CHEMBL4281362,NS(=O)(=O)c1ccc(-c2cc(-c3ccc(F)cc3)no2)cc1,'=',81200.0
CHEMBL4286359,CS(=O)(=O)c1ccc(-c2c(-c3ccc(F)cc3)noc2C(F)(F)F)cc1,'=',8145.0
CHEMBL28084,CS(=O)(=O)c1ccc(-c2cc(C(F)F)nn2-c2ccc(S(N)(=O)=O)cc2)cc1,'>',100000.0
CHEMBL72515,COc1ccc(-n2c(-c3ccc(S(N)(=O)=O)cc3)coc2=O)cc1Cl,'=',780.0
CHEMBL28545,NS(=O)(=O)c1ccc(-n2nc(C(=O)O)c(Cl)c2-c2ccc(Cl)cc2)cc1,'=',70000.0
CHEMBL71010,NS(=O)(=O)c1ccc(-c2coc(=O)n2-c2ccccc2Cl)cc1,'=',6500.0
CHEMBL4247830,O=C(COc1cc(O)c2c(=O)cc(-c3ccccc3)oc2c1)OCc1cc(-c2cccc(C(F)(F)F)c2)n(-c2ccccc2)n1,'=',4790.0
CHEMBL2398540,NS(=O)(=O)c1ccc(CCn2cc(-c3ccc(F)cc3)nn2)cc1,'=',1000.0
CHEMBL513185,COc1ccc(-c2cn(-c3ccc(S(N)(=O)=O)cc3)nn2)cc1,'=',11000.0
CHEMBL3325872,Cc1nn(-c2ccccc2)c(N2CCOCC2)c1/C=N/Nc1nc2ccccc2nc1O,'=',500.0
CHEMBL5275971,CCOP(=O)(OCC)C(NC(=O)c1cc(-c2ccsc2)n(-c2ccc(S(N)(=O)=O)cc2)n1)c1ccc(Br)cc1,'=',220.0
CHEMBL5275772,COc1ccc(/C=C/C(=O)c2cccc(-n3cnnn3)c2)cc1,'=',100.0
CHEMBL5280463,Cc1ccc(/C=C2\CN(C)CC3C2=NN(c2ccccc2)C3c2ccc(C)s2)s1,'=',2.0
CHEMBL5282397,Cc1ccc(-c2nc(N(c3ccccc3)c3ccccc3)sc2C(=O)c2cccs2)cc1,'=',90.0
CHEMBL5276822,O=C(c1cccs1)c1sc(Nc2ccccc2)nc1-c1ccc(F)cc1,'=',90.0
CHEMBL5287114,O=C(/N=c1\scc(-c2ccc(F)cc2)n1-c1ccccc1)c1cccs1,'=',90.0
CHEMBL5290194,COc1ccc(C2CC(c3cccc(-n4cnnn4)c3)=NN2)cc1,'=',39.0
CHEMBL5278797,CS(=O)(=O)c1ccc(-c2cc(-c3ccc(Br)cc3)n(-c3ccc(S(N)(=O)=O)cc3)n2)cc1,'=',43.0
CHEMBL5267243,NC(=O)N1N=C(c2ccc(F)cc2)CC1c1cn(-c2ccccc2)nc1-c1ccc(Cl)cc1,'=',1090.0
CHEMBL5286505,Cc1ccc(C2=NN(C(N)=O)C(c3cn(-c4ccccc4)nc3-c3ccccc3)C2)cc1,'=',1090.0
CHEMBL1380054,O=Cc1cn(-c2ccccc2)nc1-c1ccccc1,'=',17.0
CHEMBL5282037,Cc1nnc(/N=C2\NC(=O)/C(=C/c3ccc(Cl)cc3)S2)s1,'=',100.0
CHEMBL1631309,NC(=O)[C@@H]1CSC(c2cn(-c3ccccc3)nc2-c2ccccc2)N1,'=',470.0
CHEMBL2380880,CC(=O)/C(=C(\N)c1ccc(Cl)o1)c1ccccc1,'>',100000.0
CHEMBL1258959,COc1ccc2c(c1)c(CC(=O)O)c(C)n2C(=O)C1=CCC(=O)N(C(F)F)C1,'>',100000.0
CHEMBL4535881,O=C(Nc1ccccc1)Nc1nnc(-c2cccnc2)o1,'=',170.0
CHEMBL4582518,N#CCC(=O)Nc1nnc(-c2cccnc2)o1,'=',560.0
CHEMBL4533452,CCO/C=N/c1nnc(-c2cccnc2)o1,'=',380.0
CHEMBL4541315,Clc1ccc(-c2nnc(/N=C/c3ccccc3)o2)cc1,'=',81.0
CHEMBL1288554,O=C(O)C1=Cc2cc(Cl)c(Cl)cc2OC1C(F)(F)F,'=',62.0
CHEMBL304793,CCc1ccc(-c2c(-c3ccc(S(C)(=O)=O)cc3)occ(Cl)c2=O)cc1,'=',720111.92
CHEMBL469220,Cc1ccc(-c2cn(-c3ccc(S(N)(=O)=O)cc3)nn2)cc1,'=',14000.0
CHEMBL2380864,FC(F)(F)c1onc(-c2ccc(Cl)o2)c1-c1ccccc1,'>',100000.0
CHEMBL188071,Cc1cc(-c2c(-c3ccc(S(C)(=O)=O)cc3)ccc(F)c2F)ccc1F,'=',5.012
CHEMBL185407,COc1ccc(-c2c(-c3ccc(S(C)(=O)=O)cc3)ccc(F)c2F)cc1Cl,'=',19.05
CHEMBL1766286,NS(=O)(=O)c1ccc(-n2nc(CCCNC(=O)Nc3ccc(Cl)cc3)cc2-c2ccccc2)cc1,'=',6000.0
CHEMBL319099,CS(=O)(=O)c1ccc(-c2cscc2-c2ccc(S(C)(=O)=O)cc2)cc1,'>',300000.0
CHEMBL284914,FC(F)(F)c1cc(-c2ccc(Cl)cc2)n(-c2ccc(Cl)cc2)n1,'=',4786.3
CHEMBL3746730,CS(=O)(=O)c1ccc(N2N=C(C(=O)O)CC2c2cccs2)cc1,'=',1430.0
CHEMBL5272670,O=c1[nH]n2c(=O)c3ccccc3nc2/c1=C/c1ccccc1F,'=',47.0
CHEMBL1669038,CC(C)Cc1ccc(-c2cc(Cl)cc3c2OC(C(F)(F)F)C(C(=O)O)=C3)cc1,'=',13400.0
CHEMBL5277274,COC1c2c(-c3ccccc3)c(-c3ccc(Cl)cc3)c(C)n2CC1(C)C,'=',7500.0
CHEMBL2283150,CC(=C(c1ccccc1)c1ccccc1)c1ccc(S(C)(=O)=O)cc1,'=',630.0
CHEMBL2283164,CS(=O)(=O)c1ccc(/C=C(/C(=O)O)c2ccc(-c3ccc(S(C)(=O)=O)cc3)cc2)cc1,'=',320.0
CHEMBL2283162,CS(=O)(=O)c1ccc(/C=C(/C(=O)O)c2cccc(-c3ccc(F)cc3F)c2)cc1,'>',100000.0
CHEMBL2283159,CC(=O)Nc1ccc(/C(=C\c2ccc(S(C)(=O)=O)cc2)C(=O)O)cc1,'=',2500.0
CHEMBL2283154,CC/C(=C(\c1ccccc1)c1ccc(OC(C)=O)cc1)c1ccc(S(C)(=O)=O)cc1,'=',30.0
CHEMBL1221677,CC/C(=C(\c1ccccc1)c1ccc(O)cc1)c1ccc(S(C)(=O)=O)cc1,'=',1900.0
CHEMBL3113237,O=S(=O)(Nc1ccncc1Nc1ccc(F)c(Br)c1)C(F)(F)F,'=',2270.0
CHEMBL63706,CC(=O)NS(=O)(=O)c1ccc(-c2ccsc2-c2ccc(F)cc2)cc1,'=',5400.0
CHEMBL412307,COc1ccc2c(c1)c(CC(=O)N[C@H](CO)Cc1ccccc1)c(C)n2C(=O)c1ccc(Cl)cc1,'=',85.0
CHEMBL1630227,CC(C)Cc1cc2c(cc1Cl)C=C(C(=O)O)C(C(F)(F)F)O2,'=',20.0
CHEMBL5094564,COc1ccc(NC(=O)c2ccccc2Nc2cccc(C)c2C)cc1OC,'=',48130.0
CHEMBL5080484,COc1ccc(NC(=O)c2ccccc2Nc2cccc(Cl)c2C)cc1OC,'=',92640.0
CHEMBL5079590,CSc1ccc(NC(=O)c2ccccc2Nc2cccc(C(F)(F)F)c2)cc1,'>',150000.0
CHEMBL508588,Cc1ccc(-n2c(-c3ccc(Br)cc3)cs/c2=N\N=C/c2cn(-c3ccc(S(=O)(=O)/N=C/N(C)C)cc3)nc2-c2ccccc2)cc1,'=',1290.0
CHEMBL1689434,CONS(=O)(=O)CCOC(=O)C(C)c1ccc(CC(C)C)cc1,'=',630.0
CHEMBL2334138,COc1ccc(/C=C/c2cc(OC)cc(OC)c2/C=C/C(=O)N2CCC(C)CC2)cc1,'=',10280.0
CHEMBL69053,C[Se](=O)(=O)c1ccc(-c2ccsc2-c2ccc(F)cc2)cc1,'=',550.0
CHEMBL148428,NS(=O)(=O)c1ccc(-n2nc(C(F)(F)F)cc2-c2ccc(Cl)cc2)cc1CO,'=',712.0
CHEMBL1775110,CS(=O)(=O)Nc1ccc(Oc2ccc(OCCN3CCCC3)cc2)cc1,'>',100000.0
CHEMBL1775096,CS(=O)(=O)c1ccc(Oc2ccc(OCCN3CCCC3)cc2)c([N+](=O)[O-])c1,'>',100000.0
CHEMBL2023853,Fc1ccc(-c2csc(Nc3ccc(Oc4ccccc4)cc3)n2)cc1,'>',5000.0
CHEMBL65793,CCOC(=O)Cn1nc(-c2ccc(S(C)(=O)=O)cc2)c(-c2ccc(F)cc2)c1C(F)(F)F,'=',440.0
CHEMBL266858,CC(C)(C)c1cc(C(=O)CS(=O)(=O)CC2CC2)cc2c1OCC2(C)C,'=',2000.0
CHEMBL141113,C[S+]([O-])c1ccc(C(Nc2nccs2)C(=O)c2ccc(F)cc2)cc1,'=',2100.0
CHEMBL441769,COc1ccc2c(c1)c(CC(=O)NC[C@@H](O)c1ccccc1)c(C)n2C(=O)c1ccc(Cl)cc1,'=',47.0
CHEMBL2303835,CS(=O)(=O)c1ccc(-c2cc(Cl)cnc2-c2ccc(CO[C@@H]3O[C@@H](C(=O)O)[C@@H](O)[C@H](O)[C@@H]3O)nc2)cc1,'>',33000.0
CHEMBL1630245,CC1CCC(C)N1Cc1cc2c(cc1Cl)C=C(C(=O)O)C(C(F)(F)F)O2,'=',96000.0
CHEMBL1630226,CCCc1cc2c(cc1Cl)C=C(C(=O)O)C(C(F)(F)F)O2,'=',150.0
CHEMBL1630228,CC(C)CCc1cc2c(cc1Cl)C=C(C(=O)O)C(C(F)(F)F)O2,'=',94.0
CHEMBL127514,Cc1cc(=O)c(Oc2ccc(Br)cc2)c(-c2ccc(S(C)(=O)=O)cc2)o1,'=',360.0
CHEMBL124188,Cc1cc(=O)c(C(C)C)c(-c2ccc(S(C)(=O)=O)cc2)o1,'=',6550.0
CHEMBL129473,Cc1cc(=O)c(Oc2ccc([N+](=O)[O-])cc2)c(-c2ccc(S(C)(=O)=O)cc2)o1,'=',3990.0
CHEMBL5277139,CCOP(=O)(OCC)C(NC(=O)c1cc(-c2ccc(Br)cc2)n(-c2ccc(S(N)(=O)=O)cc2)n1)c1ccc(Br)cc1,'=',280.0
CHEMBL5289951,CCOP(=O)(OCC)C(NC(=O)c1cc(-c2ccc(F)cc2)n(-c2ccc(S(N)(=O)=O)cc2)n1)c1ccc(Br)cc1,'=',280.0
CHEMBL5270815,NS(=O)(=O)c1ccc(N2N=C(/C=C/c3ccc(Cl)cc3)CCC2=O)cc1,'=',43.8
CHEMBL5281211,CS(=O)(=O)c1ccc(-c2cc(-c3ccc(Cl)cc3)n(-c3ccc(S(N)(=O)=O)cc3)n2)cc1,'=',43.0
CHEMBL5283867,CS(=O)(=O)c1ccc(C(=O)OCCn2cc(-c3ccc(C(F)(F)F)cc3)nn2)cc1,'=',2.0
CHEMBL5274788,CCCCNc1cc(C(=O)n2nc(C)cc2C)cc(S(N)(=O)=O)c1Oc1ccccc1,'=',4750.0
CHEMBL5280475,CCC(=O)c1nnn(-c2ccc(S(N)(=O)=O)cc2)c1C,'=',2610.0
CHEMBL19056,CC1(O)OC(=O)C(c2ccsc2)=C1c1ccc(S(C)(=O)=O)cc1,'=',110.0
CHEMBL5195879,CC(C)NC(=O)[C@@H](Cn1ccnc1)NC(=O)[C@@H](C)c1cccc(C(=O)c2ccccc2)c1,'=',3020.0
CHEMBL5204848,COC1(c2cc(O)ccc2O)C=C(CC[C@@H]2C(C)(C)[C@@H]3CC[C@]2(C)O3)C(=O)O1,'=',9960.0
CHEMBL5197207,CC(C)=CCC/C(C)=C/CCC1=C[C@]2(OC1=O)c1cc(O)ccc1OC(=O)[C@]2(CC/C=C(\C)CCC=C(C)C)CC(=O)c1cc(O)ccc1O,'=',1290.0
CHEMBL332937,CC(C)(C)c1cc(C(=O)c2cccs2)cc2c1OCC2(C)C,'=',38.0
CHEMBL1288467,O=C(O)C1=Cc2cc(Cl)ccc2OC1C(F)(F)F,'=',320.0
CHEMBL1669031,O=C(O)C1=Cc2cc(Cl)cc(-c3ccc(C(=O)O)cc3)c2OC1C(F)(F)F,'>',100000.0
CHEMBL1814717,CC(C(=O)[O-])c1ccc(CC2CCCC2=O)c(-c2ccc(OC(F)(F)F)cc2)c1.[Na+],'=',72000.0
CHEMBL1814728,CC(C(=O)[O-])c1ccc(C[C@H]2CCC[C@H]2O)cc1-c1ccc(O)cc1.[Na+],'=',17000.0
CHEMBL43103,CNc1ccc(-c2nc(C(F)(F)F)cn2-c2ccc(S(C)(=O)=O)cc2)cc1,'=',1470.0
CHEMBL298729,CS(=O)(=O)c1ccc(-c2cc3c(cc2-c2ccc(F)cc2)OCO3)cc1,'=',83.0
CHEMBL330314,NS(=O)(=O)c1ccc(C2=C(c3ccc(C(F)(F)F)cc3)CC3(CC3)C2)cc1,'=',1.0
CHEMBL356203,Cc1ccc(Cl)c(Nc2ccccc2C(=O)NCCBr)c1Cl,'=',2000.0
CHEMBL4165467,CCOc1ccc(-c2cc(-c3ccc(C(F)(F)F)cc3)n(-c3ccc(S(C)(=O)=O)cc3)n2)cc1,'=',970.0
CHEMBL5277674,O=C(NNC(=S)NCc1ccccc1)c1ccc(C2=CN3c4ccccc4NC3S2)nc1,'=',16.52
CHEMBL5270605,N=C1/C(=N\Nc2ccc(Cl)cc2)C(N)=NN1c1ccc(S(N)(=O)=O)cc1,'=',580.0
CHEMBL1221727,CC/C(=C(\c1ccccc1)c1ccc(OC)cc1)c1ccc(S(C)(=O)=O)cc1,'=',10700.0
CHEMBL29424,NS(=O)(=O)c1ccc(-n2nc(COCc3ccccc3)cc2-c2ccc(Cl)cc2)cc1,'=',29.0
CHEMBL1630225,CC(C)(C)c1cc2c(cc1Cl)C=C(C(=O)O)C(C(F)(F)F)O2,'=',5.0
CHEMBL2315019,COc1ccc2cc([C@H](C)C(=O)n3c4ccccc4c(=O)c4ccccc43)ccc2c1,'=',9800.0
CHEMBL5288634,CS(=O)(=O)c1ccc(-n2cc(/C=N/Nc3ccc(S(N)(=O)=O)cc3)c(-c3ccc(Br)cc3)n2)cc1,'=',420.0
CHEMBL341320,Cc1ccc(Oc2c(-c3ccc(S(C)(=O)=O)cc3)oc(C)cc2=O)c(F)c1,'=',60.01
CHEMBL4755592,COc1ccc(-n2nc(-c3ccco3)cc2N)cc1,'=',30600.0
CHEMBL298031,COc1ccc(-n2nc(C(F)(F)F)cc2-c2ccc(NS(C)(=O)=O)cc2)cc1,'=',960.0
CHEMBL4747321,O=C(/C=C/c1ccc(O)c(O)c1)NNC(=O)COc1cccnc1,'=',5000.0
CHEMBL1632404,CS(=O)(=O)c1ccc(C2=NN(C(N)=S)C(c3ccccc3)C2)cc1,'=',50310.0
CHEMBL271763,CS(=O)(=O)c1ccc(-c2nc(NCc3ccncc3)cc(C(F)(F)F)n2)cc1,'=',298.5
CHEMBL269832,CS(=O)(=O)c1ccc(-c2nc(O)cc(NCc3ccccc3)n2)cc1,'=',49.3
CHEMBL272145,CC(C)c1ccc(Nc2cc(C(F)(F)F)nc(-c3ccc(S(C)(=O)=O)cc3)n2)cc1,'>',10000.0
CHEMBL2303696,CS(=O)(=O)c1ccc(C2=C(c3ccccc3)C(=O)OC2O[C@@H]2O[C@@H](C(=O)O)[C@@H](O)[C@H](O)[C@@H]2O)cc1,'>',33000.0
CHEMBL407109,Cc1ccc(Nc2c(Cl)cc(Cl)cc2Cl)c(CC(=O)O)c1,'=',28.0
CHEMBL321182,Cc1cc(F)ccc1C1=C(c2ccc(S(C)(=O)=O)cc2)CCC1,'=',75.0
CHEMBL277515,C=CCONC1=NC(=O)/C(=C/c2cc(C(C)(C)C)c(O)c(C(C)(C)C)c2)O1,'=',26000.0
CHEMBL302687,CC(C)(O)c1ccc(-c2sccc2-c2ccc(S(N)(=O)=O)cc2)cc1,'>',30000.0
CHEMBL1288556,O=C(O)C1=Cc2c(Cl)cc(Cl)cc2OC1C(F)(F)F,'=',12000.0
CHEMBL1290563,O=C(O)C1=Cc2cc(C(F)(F)F)ccc2OC1C(F)(F)F,'=',41.0
CHEMBL283497,NS(=O)(=O)c1ccc(-n2nc(C(=O)Nc3cccc(Cl)c3)cc2-c2ccc(F)cc2)cc1,'=',56.0
CHEMBL359269,NS(=O)(=O)c1ccc(-n2nc(C(F)(F)F)cc2-c2cccc(Cl)c2)cc1CO,'=',1950.0
CHEMBL4216007,COc1ccc(C(=O)Nc2ccc3oc(-c4ccc(OC)c(OC)c4)nc3c2)cc1,'=',10590.0
CHEMBL319359,COc1ccc2c(c1)c(CC(=O)NOCc1ccc([N+](=O)[O-])cc1)c(C)n2C(=O)c1ccc(Cl)cc1,'=',60.0
CHEMBL146247,CCOc1ccc(-c2cc(C(F)(F)F)nn2-c2ccc(S(N)(=O)=O)c(CO)c2)cc1,'=',901.0
CHEMBL356980,NS(=O)(=O)c1ccc(-n2nc(C(F)(F)F)cc2-c2ccccc2F)cc1CO,'=',3300.0
CHEMBL559089,O=C(/C=C/c1ccc(O)c(O)c1)NCCc1c[nH]c2ccc(O)cc12,'=',42500.0
CHEMBL3823600,Cc1cccc(-c2cc(C(=O)N/N=C/c3c(Cl)c4ccccc4oc3=O)nn2-c2ccc(S(N)(=O)=O)cc2)c1,'=',4790.0
CHEMBL95989,CCCC/C=C/COC(=O)Cc1c(C)n(C(=O)c2ccc(Cl)cc2)c2ccc(OC)cc12,'=',50.0
CHEMBL300687,COc1ccccc1N1CC(c2ccc(S(C)(=O)=O)cc2)=C(c2ccc(F)cc2)C1=O,'=',1050.0
CHEMBL2041556,COc1ccc(Nc2cccc(C(=O)O)c2)c([N+](=O)[O-])c1,'>',100000.0
CHEMBL127153,Cc1ccc(Oc2c(-c3ccc(S(C)(=O)=O)cc3)oc(C)cc2=O)c(Cl)c1,'=',239.99
CHEMBL1630239,O=C(O)C1=Cc2cc(Cl)c(OCC3CCCC3)c(Cl)c2OC1C(F)(F)F,'<',6.0
CHEMBL100156,CS(=O)(=O)c1ccc(-c2cscc2-c2ccccc2)cc1,'=',4000.0
CHEMBL512227,CC(C)=CCC1C(=O)C(C(=O)CC(C)C)=C(O)C(O)(CC=C(C)C)C1=O,'=',1600.0
CHEMBL1275940,CC(C(=O)[O-])c1ccc(CC2CCCC2=O)cc1Br.[Na+],'=',65000.0
CHEMBL1814715,CSc1ccc(-c2cc(C(C)C(=O)[O-])ccc2CC2CCCC2=O)cc1.[Na+],'>',1000000.0
CHEMBL191534,CCCCC/C=C\C/C=C\C/C=C\C/C=C\CCCC(=O)NCCc1c[nH]c2ccc(O)cc12,'=',5000.0
CHEMBL2023948,CCc1sc(Nc2ccc(OC)cc2)nc1C,'>',5000.0
CHEMBL257108,Cc1ccc(CNc2nc(-c3ccc(S(C)(=O)=O)cc3)nc(Cl)c2C)cc1,'=',36.7
CHEMBL4785934,NS(=O)(=O)c1ccc(-n2nc(C(=O)O)cc2-c2cc3ccccc3s2)cc1,'=',10.0
CHEMBL215872,NS(=O)(=O)c1ccc(/N=N/c2ccc(O)c(Cl)c2)cc1,'=',11340.0
CHEMBL371849,COc1ccccc1-n1c(-c2ccc(S(N)(=O)=O)cc2)nc2ccccc21,'=',8000.0
CHEMBL4746714,CCCCC/C=C\C/C=C\C/C=C\C/C=C\CCCC(=O)Nc1ccc(NC(=O)Cc2onc(-c3ccc(OC)cc3)c2-c2ccc(OC)cc2)cc1,'>',50000.0
CHEMBL4789403,CCCCC/C=C\C/C=C\C/C=C\C/C=C\CCCC(=O)Nc1ccc(-c2ccc(NC(=O)Cc3onc(-c4ccc(OC)cc4)c3-c3ccc(OC)cc3)cc2)cc1,'=',90.0
CHEMBL2347668,CSc1nc(-c2ccc(Cl)cc2)c(-c2ccc(S(C)(=O)=O)cc2)[nH]1,'=',100.0
CHEMBL4760091,CC(C(=O)O)c1ccc(C[SiH](C)C)cc1,'=',8300.0
CHEMBL183279,COc1ccc(Sc2c(C#N)[nH]c3cc(S(C)(=O)=O)ccc23)c(Cl)c1,'=',1090.0
CHEMBL1830459,CCOC(=O)C1CCN(C(=O)CCc2cc(-c3ccc(C(F)(F)F)cc3)n(-c3ccc(Cl)nn3)n2)CC1,'>',10000.0
CHEMBL1830480,Cc1ccc(-c2cc(CCC(=O)Oc3ccc(C(C)C)cc3)nn2-c2ccc3ccccc3n2)cc1,'>',10000.0
CHEMBL43270,Cc1cn(-c2ccc(F)cc2)c(-c2ccc(S(C)(=O)=O)cc2)n1,'>',100000.0
CHEMBL566929,CC(C)=CCC[C@H](C(=O)O)[C@H]1CC[C@]2(C)C3=C(CC[C@@]12C)[C@@]1(C)CCC(=O)C(C)(C)[C@H]1CC3,'>',10000.0
CHEMBL2380861,CC(=O)/C(=C(\N)c1ccco1)c1ccccc1,'>',100000.0
CHEMBL100091,CCCCOCCOC(=O)Cc1c(C)n(C(=O)c2ccc(Cl)cc2)c2ccc(OC)cc12,'=',60.0
CHEMBL603434,O=C1OC(=O)C(c2ccc3c(c2)OCO3)=C1c1ccccc1,'=',18520.0
CHEMBL603856,CS(=O)(=O)c1ccc(C2=C(c3ccccc3)C(=O)NC2=O)cc1,'=',17500.0
CHEMBL4639025,CSc1nc2ccccc2n1-c1csc(NC/C(C)=N/N=c2\scc(-c3ccccc3)n2-c2ccccc2)n1,'=',58.0
CHEMBL4642268,CSc1nc2ccccc2n1-c1csc(NC/C(C)=N/N=C2\SCC(=O)N2c2ccccc2)n1,'=',67.0
CHEMBL4521668,O=C1NC(=O)/C(=C/c2ccc(OCc3cn(CC(=O)c4ccc(Cl)cc4)nn3)cc2)S1,'=',220.0
CHEMBL4461022,O=C1NC(=O)/C(=C/c2ccc(OCc3cn(-c4ccc(Br)cc4)nn3)cc2)S1,'=',120.0
CHEMBL4475190,O=C1NC(=O)/C(=C/c2ccc(OCc3cn(Cc4ccc(Br)cc4)nn3)cc2)S1,'=',100.0
CHEMBL1766295,NS(=O)(=O)c1ccc(-n2nc(CNC(=O)Nc3cccc(C(F)(F)F)c3)cc2-c2ccccc2)cc1,'=',1000.0
CHEMBL282390,NS(=O)(=O)c1ccc(-n2nc(C(F)(F)F)cc2-c2ccc(O)cc2)cc1,'>',100000.0
CHEMBL122065,CCCNC(=O)c1cc(C(C)(C)C)c2c(c1)C(C)(C)CO2,'=',950.0
CHEMBL274841,Cc1ccc(-c2ncc(Cl)cc2-c2ccc(S(C)(=O)=O)cc2)c[n+]1[O-],'=',18000.0
CHEMBL5272856,CC1=c2c(OCc3nnc(SCC(=O)N4CCN(c5ccccc5)CC4)o3)nn(C)c(=O)c2=C(C)C1c1ccccc1,'=',6800.0
CHEMBL281694,NS(=O)(=O)c1ccc(-n2nc(C(F)F)cc2-c2ccc3c(c2)OCO3)cc1,'=',24.0
CHEMBL5269592,CC1(C)Cn2c(CC(=O)O)c(-c3ccc(Cl)cc3)c(-c3ccccc3)c2C1=O,'=',2100.0
CHEMBL5290904,CS(=O)(=O)c1ccc(-c2cn3c(c2-c2ccccc2)CCC3)cc1,'=',30.0
CHEMBL25371,COc1ccc2c(c1)c(CC(=O)NC[C@H](C)O)c(C)n2C(=O)c1ccc(Cl)cc1,'=',320.0
CHEMBL48758,Cc1ccc(N2CC(c3ccc(S(C)(=O)=O)cc3)=C(c3ccccc3)C2=O)cc1,'=',1000.0
CHEMBL358140,CS(=O)(=O)c1ccc(C2=C(c3cc(F)c(F)c(F)c3)CCC2)cc1,'>',100000.0
CHEMBL257295,CS(=O)(=O)c1ccc(-c2nc(NC3CCCCC3)cc(C(F)(F)F)n2)cc1,'=',252.6
CHEMBL2347674,CCS(=O)(=O)c1nc(-c2ccccc2)c(-c2ccc(S(C)(=O)=O)cc2)[nH]1,'=',240.0
CHEMBL303036,COC(=O)c1ccc(-c2ccsc2-c2ccc(F)cc2)cc1,'>',30000.0
CHEMBL1086612,O=C(Nc1ccc(Oc2ccc(Cl)cc2)cc1)C1=C(O)c2ccccc2S(=O)(=O)N1,'=',70000.0
CHEMBL4797035,[N-]=[N+]=Nc1cc(-c2ccco2)nn1-c1ccc(C(=O)O)cc1,'>',100000.0
CHEMBL324472,CS(=O)(=O)c1ccc(-n2cnc(Cl)c2-c2ccc(OC(F)(F)F)cc2)cc1,'=',10000.0
CHEMBL357380,CCCCCC#CCSc1ccccc1OC(C)=O,'=',7000.0
CHEMBL145220,CC(=O)Oc1ccccc1SCc1ccccc1,'=',250000.0
CHEMBL1288696,Cc1c(Cl)cc2c(c1C)O[C@@H](C(F)(F)F)C(C(=O)O)=C2,'=',100000.0
CHEMBL333755,CS(=O)(=O)c1ccc(-c2c(Cl)nc(Cl)n2-c2ccc(F)cc2)cc1,'>',10000.0
CHEMBL277813,COc1ccc(-c2nc(-c3ccc(F)cc3)c(-c3ccc(S(C)(=O)=O)cc3)s2)cc1,'=',270.0
CHEMBL288773,Cc1ccc(-c2ccc(S(C)(=O)=O)cc2)n1Cc1ccc(F)cc1,'>',100000.0
CHEMBL149402,CCOC(=O)/C=C/c1cc(CC)cc(C(=O)c2ccccc2)c1,'=',5000.0
CHEMBL54605,COc1ccc(-c2ccccc2-c2ccc(S(C)(=O)=O)cc2)cc1F,'>',100000.0
CHEMBL125682,Cc1cc(=O)c(Oc2ccc(Cl)c(Cl)c2)c(-c2ccc(S(C)(=O)=O)cc2)o1,'=',3380.0
CHEMBL148931,CCCCCCCCNC(=O)c1ccccc1Nc1c(Cl)ccc(C)c1Cl,'=',60.0
CHEMBL5278569,COc1ccc(C2CC(c3cccc(-n4cnnn4)c3)=NN2C(C)=O)cc1,'=',39.0
CHEMBL5268168,NC(=O)N1N=C(c2ccc(F)cc2)CC1c1cn(-c2ccccc2)nc1-c1ccccc1,'=',1090.0
CHEMBL358222,Cc1ccc(Cl)c(Nc2ccccc2C(=O)NOCc2ccccc2)c1Cl,'=',66000.0
CHEMBL1958349,CC(C)Cc1ccc(C(C)C(=O)Oc2ccc(CCO)cc2)cc1,'=',0.2
CHEMBL5279175,O=C(/N=c1\scc(-c2ccc([N+](=O)[O-])cc2)n1-c1ccccc1)c1cccs1,'=',90.0
CHEMBL5277424,CCOP(=O)(OCC)C(NC(=O)c1cc(-c2cccc3ccccc23)n(-c2ccccc2F)n1)c1ccccc1OC,'=',220.0
CHEMBL5280300,CCOP(=O)(OCC)C(NC(=O)c1cc(-c2cccc3ccccc23)n(-c2ccc(F)cc2)n1)c1ccccc1,'=',220.0
CHEMBL5267632,CCOP(=O)(OCC)C(NC(=O)c1cc(-c2ccccc2F)n(-c2ccc(S(N)(=O)=O)cc2)n1)c1ccccc1,'=',280.0
CHEMBL5275292,CCOP(=O)(OCC)C(NC(=O)c1cc(-c2cccc(Cl)c2)n(-c2ccc(S(N)(=O)=O)cc2)n1)c1ccccc1,'=',280.0
CHEMBL5274739,COc1ccc(-c2cc(-c3ccc(F)cc3)n(-c3ccc(S(N)(=O)=O)cc3)n2)cc1,'=',43.0
CHEMBL279336,CCN(CC)CCSc1nnc(-c2cc(C(C)(C)C)c(O)c(C(C)(C)C)c2)s1,'=',19000.0
CHEMBL29133,Cc1c(C(F)(F)F)nn(-c2ccc(S(N)(=O)=O)cc2)c1-c1ccc(Cl)cc1,'=',22.0
CHEMBL149213,Cc1ccc(Cl)c(Nc2ccccc2C(=O)NCCCCl)c1Cl,'=',2400.0
CHEMBL4644152,O=[N+]([O-])c1ccc(-n2c(-c3ccccc3)nc3ccccc32)cc1,'=',162000.0
CHEMBL2333754,COc1ccc(/C=C/c2cc(OC)cc(OC)c2/C=C/C(=O)N(C)C)cc1,'=',12980.0
CHEMBL151322,COC(=O)[C@H](C)NC(=O)c1ccccc1Nc1c(Cl)ccc(C)c1Cl,'=',2600.0
CHEMBL345333,CS(=O)(=O)c1ccc(-c2c(-c3ccccc3)nc3scc(C(=O)O)n23)cc1,'>',5000.0
CHEMBL443993,CS(=O)(=O)c1ccc(-c2sc(-c3ccccc3Cl)nc2-c2ccccc2)cc1,'=',10.0
CHEMBL157623,CS(=O)(=O)c1ccc(-c2c(-c3ccccc3)sc3nncn23)cc1,'=',230.0
CHEMBL2380871,CC(=O)OCc1onc(-c2ccc(Cl)o2)c1-c1ccccc1,'>',100000.0
CHEMBL497507,CC(C(=O)OCCO[N+](=O)[O-])c1ccc(C(=O)c2cccs2)cc1,'=',5800.0
CHEMBL126418,CS(=O)(=O)c1ccc(-c2[nH]c(Br)cc2-c2ccc(F)cc2)cc1,'=',40000.0
CHEMBL97040,COc1ccc2c(c1)c(CC(=O)OCCN1CCOCC1)c(C)n2C(=O)c1ccc(Cl)cc1,'=',680.0
CHEMBL2112399,COC(=O)[C@H](C)NC(=O)Cc1c(C)n(C(=O)c2ccc(Cl)cc2)c2ccc(OC)cc12,'=',190.0
CHEMBL318206,COc1ccc2c(c1)c(CC(=O)N[C@H](C)c1ccc(C)cc1)c(C)n2C(=O)c1ccc(Cl)cc1,'=',60.0
CHEMBL281457,COc1ccc2c(c1)c(CC(=O)NCCCCCCO)c(C)n2C(=O)c1ccc(Cl)cc1,'=',210.0
CHEMBL119720,Cn1cccc1C(=O)c1cc(C(C)(C)C)c2c(c1)C(C)(C)CO2,'=',45.0
CHEMBL281975,Cc1ccc(-c2cc(C(F)F)nn2-c2ccc(S(N)(=O)=O)cc2)cc1,'=',13.0
CHEMBL305505,NS(=O)(=O)c1ccc(-c2coc(=O)n2-c2cccc3ccccc23)cc1,'=',4700.0
CHEMBL52889,COc1ccc(-c2cc(F)c(F)cc2-c2ccc(S(C)(=O)=O)cc2)cc1OC,'=',338.84
CHEMBL5410341,Cc1c(C(=O)/C=C/c2ccco2)c(C(=O)/C=C/c2ccco2)nn1-c1ccc(Cl)cc1,'=',1500.0
CHEMBL280226,CSC1=NC(=O)/C(=C/c2cc(C(C)(C)C)c(O)c(C(C)(C)C)c2)S1,'=',1800.0
CHEMBL5270639,CCOC(=O)c1c(SC)nn(C(=O)CSc2nnc(CCCOc3ccc(C)cc3C(=O)c3ccc(F)cc3)o2)c1N,'=',100.0
CHEMBL5277627,COc1c2occc2c(OC)c2c(C)c(/C(=N/c3cc(N4CCNCC4)nc(N4CCNCC4)n3)N3CCNCC3)oc12,'=',42.0
CHEMBL15945,CC(C)(C)c1cc(/C=C2\NC(=S)NC2=O)cc(C(C)(C)C)c1O,'=',260.0
CHEMBL325437,CS(=O)(=O)c1ccc(-n2cnc(Cl)c2-c2ccc(Cl)cc2)cc1,'=',18.0
CHEMBL66630,NC(=O)c1ccc(-c2ccsc2-c2ccc(F)cc2)cc1,'>',30000.0
CHEMBL69667,CS(=O)(=O)c1ccc(-c2coc(=O)n2-c2ccc(Cl)cc2)cc1,'=',319.89
CHEMBL185639,Cc1onc(-c2ccc(Cl)o2)c1-c1ccc(S(N)(=O)=O)cc1,'>',100000.0
CHEMBL186817,COc1cc(OC)c(-c2noc(C)c2-c2ccc(S(N)(=O)=O)cc2)c(OC)c1Cl,'>',100000.0
CHEMBL1813328,C[C@]1(O)C[C@@H](O)[C@](O)(CC=O)[C@@H]1C=O,'=',43300.0
CHEMBL3402334,COc1ccc2cc(C(C)c3nc4s/c(=C\c5ccc(Br)s5)c(=O)n4n3)ccc2c1,'=',17300.0
CHEMBL1288555,O=C(O)C1=Cc2cc(Cl)cc(Cl)c2OC1C(F)(F)F,'=',300.0
CHEMBL5286316,O=C(/N=C1\SC=C(c2ccc([N+](=O)[O-])cc2)C1c1ccccc1)c1cccc2ccccc12,'=',80.0
CHEMBL342538,CCc1ccc(Sc2cc3c(cc2NS(C)(=O)=O)CCC3=O)cc1,'=',100.0
CHEMBL3113229,Cc1cc(C)cc(Nc2cnccc2NS(=O)(=O)C(F)(F)F)c1,'=',1040.0
CHEMBL37371,Cc1ccc(Sc2cc3c(cc2NS(C)(=O)=O)CCC3=O)nc1,'=',640.0
CHEMBL1669040,COc1ccc(-c2cc(Cl)cc3c2OC(C(F)(F)F)C(C(=O)O)=C3)cc1C,'=',339.0
CHEMBL16689,CS(=O)(=O)c1ccc(-c2sc(-c3cccs3)nc2-c2ccc(F)cc2)cc1,'=',21.0
CHEMBL92485,CC1(C)C(=O)C(c2ccc(S(C)(=O)=O)cc2)=C1c1ccccc1,'=',96.0
CHEMBL1814708,CC(C(=O)[O-])c1ccc(CC2CCCC2=O)cc1I.[Na+],'=',540000.0
CHEMBL16855,CON(C)C1=NC(=O)/C(=C/c2cc(C(C)(C)C)c(O)c(C(C)(C)C)c2)S1,'=',18000.0
CHEMBL279308,CC(C)(C)c1cc(-c2nsc(O)n2)cc(C(C)(C)C)c1O,'=',1100.0
CHEMBL3576980,Cc1ccc(S(=O)(=O)n2cc(C(=O)C(=O)NCC(=O)N[C@H](Cc3c[nH]c4ccccc34)C(=O)O)c3ccccc32)cc1,'=',2500.0
CHEMBL161788,CCCCCCCCCCCCCCCc1cccc(OC)c1CSc1nc2cc(C)ccc2[nH]1,'=',2630.0
CHEMBL3604186,COc1ccccc1C(=O)N/N=C/c1cc(Cc2ccccc2Cl)ccc1O,'>',10000.0
CHEMBL4749219,COc1ccc(-c2noc(CC(=O)NCCCCNC(=O)Cc3onc(-c4ccc(OC)cc4)c3-c3ccc(OC)cc3)c2-c2ccc(OC)cc2)cc1,'>',50000.0
CHEMBL4794474,CCCCC/C=C\C/C=C\C/C=C\C/C=C\CCCC(=O)NCCCCNC(=O)Cc1onc(-c2ccc(OC)cc2)c1-c1ccc(OC)cc1,'=',800.0
CHEMBL4075910,CS(=O)(=O)c1ccc(-n2nccc2-c2ccc(Nc3nc(N4CCCCC4)nc(N4CCCCC4)n3)cc2)cc1,'=',1960.0
CHEMBL4080823,c1cc(-c2ccc(Nc3nc(N4CCCCC4)nc(N4CCCCC4)n3)cc2)on1,'=',1980.0
CHEMBL1086884,Cc1ccc(-c2ccc(NC(=O)C3=C(O)c4ccccc4S(=O)(=O)N3)cc2)cc1C,'>',57700.0
CHEMBL2333741,COc1ccc(/C=C/c2cc(OC)cc(OC)c2/C=C/C(=O)O)cc1,'=',6890.0
CHEMBL3576973,Cc1ccc(S(=O)(=O)n2cc(C(=O)C(=O)NCC(=O)NCC(=O)O)c3ccccc32)cc1,'=',890.0
CHEMBL3410351,NS(=O)(=O)c1ccc(N2N=C3c4ccccc4CCC3C2c2cccc(O)c2)cc1,'=',1760.0
CHEMBL99167,CS(=O)(=O)c1ccc(-c2ccsc2-c2ccc(O)cc2)cc1,'=',86000.0
CHEMBL299567,COc1ccc(-c2ccccc2-c2ccc(S(C)(=O)=O)cc2)cc1Cl,'=',11400.0
CHEMBL1957878,Cc1ccc(/N=C/c2c[nH]c3ccccc23)cc1,'=',30400.0
CHEMBL159206,CCCCCCCCCCCCCCCc1cccc(OC)c1CSc1nc2cc([N+](=O)[O-])ccc2[nH]1,'=',2270.0
CHEMBL458647,CS(=O)(=O)c1ccc(-n2nncc2-c2ccccc2)cc1,'=',110.0
CHEMBL1916961,O=C(NS(=O)(=O)c1ccccc1)c1ccccn1,'=',8800.0
CHEMBL1916967,O=C(NS(=O)(=O)c1ccc(F)cc1)c1cccc(C(=O)NS(=O)(=O)c2ccc(F)cc2)n1,'=',2600.0
CHEMBL5266540,CC(C)CC(=O)NC[C@H](O)CC[C@@H](CO)NC(=O)c1nc2ccccc2cc1O,'=',2100.0
CHEMBL1766302,CC(C)c1cccc(C(C)C)c1NC(=O)NCCCc1cc(-c2ccccc2)n(-c2ccc(S(N)(=O)=O)cc2)n1,'>',10000.0
CHEMBL107953,CCOc1cc(OCC)cc(-c2ccc(C(C)C(=O)O)cc2F)c1,'=',100.0
CHEMBL4641524,Fc1ccccc1-c1nnc(Cn2c(CN3CCCCC3)nc3ccccc32)o1,'=',60.0
CHEMBL24798,CCC(C)[C@@H](CO)NC(=O)Cc1c(C)n(C(=O)c2ccc(Cl)cc2)c2ccc(OC)cc12,'=',110.0
CHEMBL29941,CCCc1c(C(F)(F)F)nn(-c2ccc(S(N)(=O)=O)cc2)c1-c1ccc(F)cc1,'>',100000.0
CHEMBL63286,CSc1ccc(-c2ccsc2-c2ccc(F)cc2)cc1,'>',30000.0
CHEMBL288423,CSc1ccc(C2=C3c4cc(C)ccc4CCC3(O)OC2=O)cc1,'=',670.0
CHEMBL29943,NS(=O)(=O)c1ccc(-n2nc(C(=O)O)cc2-c2ccc(F)cc2)cc1,'>',100000.0
CHEMBL433160,COc1ccc2c(c1)c(CC(=O)OCCNC(=O)OC(C)(C)C)c(C)n2C(=O)c1ccc(Cl)cc1,'=',45.0
CHEMBL29500,NS(=O)(=O)c1ccc(-n2nc(C(F)(F)F)cc2-c2ccc3c(c2)CCC3)cc1,'=',30.9
CHEMBL357543,Cc1ccc(-c2cc(C(F)(F)F)nn2-c2ccc(S(N)(=O)=O)c(CO)c2)cc1,'=',760.0
CHEMBL3747568,NS(=O)(=O)c1ccc(N2N=C(c3ccco3)CC2c2cccs2)cc1,'=',3650.0
CHEMBL3746308,CSc1nc(-c2ccc(S(N)(=O)=O)cc2)n(-c2ccc(Cl)cc2)n1,'=',370.0
CHEMBL94944,COc1ccc2c(c1)c(CC(=O)Nc1cnccn1)c(C)n2C(=O)c1ccc(Cl)cc1,'=',4000.0
CHEMBL5411261,CC1=Nc2c(/N=N/c3ccc(O)cc3)c(N)nn2C1=O,'=',295390.0
CHEMBL3322413,CC1CN(c2ccc(S(N)(=O)=O)cc2)C(c2cccc(Br)c2)=N1,'=',10000.0
CHEMBL3355603,[2H]C([2H])([2H])c1cc2c(c(C([2H])([2H])[2H])c1Br)C=C(C(=O)O)C(C(F)(F)F)O2,'=',43.0
CHEMBL3127308,COc1c(-c2cc(-c3cccnc3)nn2-c2ccc(S(N)(=O)=O)cc2)c(O)cc2occc12,'=',400.0
CHEMBL3908604,CC(=O)NC1=NN(C(C)=O)C(c2cn(-c3ccccc3)nc2-c2ccc([N+](=O)[O-])cc2)S1,'=',20000.0
CHEMBL144728,CS(=O)(=O)Nc1cc2c(cc1Sc1ccc(Br)cc1)C(=O)CC2,'=',10.0
CHEMBL110462,CS(=O)(=O)c1ccc(-n2cc(CO)nc2-c2cccnc2)cc1,'=',934000.0
CHEMBL92443,C=C1C(c2ccccc2)=C(c2ccc(S(C)(=O)=O)cc2)C1(C)C,'=',2.2
CHEMBL145315,CS(=O)(=O)Nc1cc2c(cc1OC1CCOCC1)C(=O)CC2,'>',10000.0
CHEMBL1766290,CS(=O)(=O)c1ccc(-n2nc(CNC(=O)NC3CCCCCC3)cc2-c2ccccc2)cc1,'>',10000.0
CHEMBL1766291,CS(=O)(=O)c1ccc(-n2nc(CNC(=O)Nc3ccccc3)cc2-c2ccccc2)cc1,'>',10000.0
CHEMBL2041554,CC(=O)c1ccc(Nc2cccc(C(=O)O)c2)c(C(=O)O)c1,'>',100000.0
CHEMBL155206,CS(=O)(=O)c1ccc(-c2cnn(Cc3ccccc3)c(=O)c2Sc2ccccc2)cc1,'=',370.0
CHEMBL17111,CC(C)(C)c1ccc(-c2nc(-c3ccc(F)cc3)c(-c3ccc(S(C)(=O)=O)cc3)s2)cc1,'>',100000.0
CHEMBL17126,CS(=O)(=O)c1ccc(-c2sc(-c3ccccc3Cl)nc2-c2cc(F)ccc2F)cc1,'>',100000.0
CHEMBL1797511,CS(=O)(=O)c1ccc(C2=C(c3ccc(CO)cc3)C(=O)OC2)cc1,'=',4200.0
CHEMBL1957451,N[C@@H](Cc1c[nH]c2ccccc12)C(=O)N[C@@H](Cc1ccc(O)cc1)C(=O)N[C@@H](CC(=O)O)C(=O)O,'=',700000.0
CHEMBL1957453,CSCC[C@H](NC(=O)[C@H](Cc1c[nH]c2ccccc12)NC(=O)c1ccc(F)cc1)C(=O)N[C@@H](CCC(=O)O)C(=O)O,'=',350000.0
CHEMBL1957455,CSCC[C@H](NC(=O)[C@H](Cc1ccc(O)cc1)NC(=O)c1ccc(F)cc1)C(=O)N[C@@H](CCC(=O)O)C(=O)O,'=',500000.0
CHEMBL1241992,Cc1c(CC(=O)O)c2ccccc2n1C(=O)c1ccc(Cl)cc1,'=',39000.0
CHEMBL1814720,CC(C(=O)[O-])c1ccc(CC2CCCC2=O)cc1-c1ccccc1.[Na+],'=',70000.0
CHEMBL1814727,CC(C(=O)[O-])c1ccc(C[C@H]2CCC[C@@H]2O)cc1-c1ccc(O)cc1.[Na+],'=',20000.0
CHEMBL1775091,c1ccc(Oc2ccc(OCCN3CCCC3)cc2)nc1,'>',100000.0
CHEMBL1775087,O=[N+]([O-])c1ccccc1Oc1ccc(OCCN2CCCC2)cc1,'=',7700.0
CHEMBL1290684,CCc1cc(OC(F)(F)F)cc2c1O[C@H](C(F)(F)F)C(C(=O)O)=C2,'=',60.0
CHEMBL403985,CS(=O)(=O)c1ccc(-c2nc(Nc3ccccc3)cc(C(F)(F)F)n2)cc1,'>',10000.0
CHEMBL270087,COc1cc(/C=N/c2ccc(S(N)(=O)=O)cc2)cc(OC)c1O,'=',2710.0
CHEMBL270264,COc1cc(/C=N/c2ccc(S(N)(=O)=O)cc2)ccc1O,'=',2950.0
CHEMBL144675,Cc1ccccc1Sc1cc2c(cc1NS(C)(=O)=O)CCC2=O,'=',100.0
CHEMBL5278906,CC(=O)Oc1cc2oc(-c3cccc(F)c3)cc2cc1-c1c[se]nn1,'=',50.0
CHEMBL5281215,COc1ccc(-c2cc3cc(-c4c[se]nn4)c(OC(C)=O)cc3o2)cc1,'=',50.0
CHEMBL417266,CS(=O)(=O)c1ccc(-c2sc(CC#N)nc2-c2ccc(F)cc2)cc1,'=',350.0
CHEMBL5269431,CCC(C)C(=O)[C@H]1C(=O)[C@@]2(CC=C(C)C)C[C@H](C[C@H]3[C@@H](C[C@H](C(C)(C)O)C3(C)C)C2=O)C1(C)C,'=',8320.0
CHEMBL5271705,NS(=O)(=O)c1ccc(N2C(=O)/C(=C/c3ccc(OC(=O)c4ccccc4)cc3)N=C2c2ccccc2)cc1,'=',90.0
CHEMBL5276590,COc1ccccc1/C=C/C1=NN(c2ccc(S(N)(=O)=O)cc2)C(=O)CC1,'=',43.8
CHEMBL5268851,CCCCNc1cc(C(=O)N/N=c2\scc(-c3ccc(C)cc3)n2-c2ccccc2)cc(S(N)(=O)=O)c1Oc1ccccc1,'=',1520.0
CHEMBL2087936,NS(=O)(=O)c1ccc(NN2C(=O)CSC2c2ccc(Cl)cc2)cc1,'=',45500.0
CHEMBL1907447,COc1cccc(-c2csc(Nc3ccc(Oc4ccccc4)cc3)n2)c1,'>',5000.0
CHEMBL302663,O=C(O)c1ccc(-c2ccsc2-c2ccc(F)cc2)cc1,'>',30000.0
CHEMBL3410340,Cc1cccc(C2C3CCc4ccccc4C3=NN2c2ccc(S(N)(=O)=O)cc2)c1,'=',2480.0
CHEMBL3410341,Cc1ccc(C2C3CCc4ccccc4C3=NN2c2ccc(S(N)(=O)=O)cc2)cc1,'=',2160.0
CHEMBL3410343,COc1cccc(C2C3CCc4ccccc4C3=NN2c2ccc(S(N)(=O)=O)cc2)c1,'=',1120.0
CHEMBL3331465,CC(C)c1c(COC(=O)Cc2ccccc2Nc2c(Cl)cccc2Cl)n(C)n(-c2ccccc2)c1=O,'=',9900.0
CHEMBL1630248,CC(C)(C)c1cc2c(cc1Cl)C=C(C(=O)O)[C@H](C(F)(F)F)O2,'=',5150.0
CHEMBL2375787,C/C=C(\C)C(=O)O[C@@H]1[C@@H](C)[C@@]2(O)[C@@H](C=C(CO)C[C@]3(O)C(=O)C(C)=C[C@@H]23)[C@@H]2C(C)(C)[C@]12OC(=O)C(C)C,'>',50000.0
CHEMBL271173,CCOc1cc(NCc2cccs2)nc(-c2ccc(S(C)(=O)=O)cc2)n1,'=',0.3
CHEMBL270293,COc1cc(NCc2cccs2)nc(-c2ccc(S(C)(=O)=O)cc2)n1,'=',0.4
CHEMBL272863,COCOc1ccc(CNc2cc(C(F)(F)F)nc(-c3ccc(S(C)(=O)=O)cc3)n2)cc1,'>',10000.0
CHEMBL42398,Cc1cccc(-c2nc(C(F)(F)F)cn2-c2ccc(S(N)(=O)=O)cc2)c1,'=',30.0
CHEMBL365778,NS(=O)(=O)c1ccc(-n2nc(C(F)(F)F)c3c2-c2cccc(F)c2CS3)cc1,'=',20.89
CHEMBL29492,Cc1cc(-c2ccccc2)n(-c2ccc(S(N)(=O)=O)cc2)n1,'=',62800.0
CHEMBL316866,COc1ccc(OC(=O)Cc2c(C)n(C(=O)c3ccc(Cl)cc3)c3ccc(OC)cc23)cc1,'=',40.0
CHEMBL327751,COc1ccc2c(c1)c(CC(=O)Nc1ccc(C(N)=O)cc1)c(C)n2C(=O)c1ccc(Cl)cc1,'=',140.0
CHEMBL1258960,COc1ccc2c(c1)c(CC(=O)O)c(C)n2Cc1ccn(C(F)F)c(=O)c1,'=',31000.0
CHEMBL1288592,O=C(O)C1=Cc2c(cc(Cl)c(Cl)c2Cl)OC1C(F)(F)F,'=',6.0
CHEMBL93024,CC(=O)Oc1cccc(C2=C(c3ccc(S(C)(=O)=O)cc3)COC2=O)c1,'=',1.68
CHEMBL593268,CC(=O)Oc1ccc(C2=C(c3ccc(S(C)(=O)=O)cc3)C(=O)OC2=O)cc1,'=',16630.0
CHEMBL603439,CSc1ccc(C2=C(c3ccccc3)C(=O)NC2=O)cc1,'=',16340.0
CHEMBL2380876,Cc1onc(-c2ccc(Br)o2)c1-c1ccccc1,'=',34000.0
CHEMBL2380862,Cc1onc(-c2cccc(Cl)c2)c1-c1ccccc1,'=',270.0
CHEMBL601016,NS(=O)(=O)c1ccc(-n2nc(C(F)(F)F)cc2C2=CCN(CCCCO[N+](=O)[O-])CC2)cc1,'=',7500.0
CHEMBL1088300,O=C(Nc1ccc(C(=O)c2ccc(Cl)cc2)c(Cl)c1)C1=C(O)c2ccccc2S(=O)(=O)N1,'=',95600.0
CHEMBL1088301,O=C(Nc1cccc(C(=O)c2ccc(Cl)cc2)c1)C1=C(O)c2ccccc2S(=O)(=O)N1,'=',95300.0
CHEMBL1082015,O=C(Nc1ccc(-c2ccc(Cl)c(Cl)c2)nc1)C1=C(O)c2ccccc2S(=O)(=O)N1,'=',33700.0
CHEMBL1766287,NS(=O)(=O)c1ccc(-n2nc(CCCNC(=O)Nc3ccc(C(F)(F)F)cc3)cc2-c2ccccc2)cc1,'=',1300.0
CHEMBL1766294,CS(=O)(=O)c1ccc(-n2nc(CNC(=O)Nc3cccc(C(F)(F)F)c3)cc2-c2ccccc2)cc1,'=',2500.0
CHEMBL46761,Cc1cn(-c2ccc(S(C)(=O)=O)cc2)c(-c2ccc(Cl)cc2)n1,'=',240.0
CHEMBL468367,NS(=O)(=O)c1ccc(-n2cc(-c3ccc(F)cc3)nn2)cc1,'=',13500.0
CHEMBL291129,CCN(CC)C(=O)c1cn(-c2ccc(S(C)(=O)=O)cc2)c(-c2ccc(Cl)cc2)n1,'>',100000.0
CHEMBL503412,OC[C@H]1O[C@@H](Oc2cc(O)cc([C@H]3c4cc(/C=C/c5cc(O)cc(O)c5)ccc4O[C@@H]3c3ccc(O)cc3)c2)[C@H](O)[C@@H](O)[C@@H]1O,'=',7500.0
CHEMBL317606,CS(=O)(=O)c1ccc(-c2cc([N+](=O)[O-])sc2-c2ccc(F)cc2)cc1,'=',14000.0
CHEMBL4242033,O=C(COc1cc(O)c2c(=O)cc(-c3ccccc3)oc2c1)OCc1cc(-c2ccc(Cl)cc2)n(-c2ccccc2)n1,'=',1410.0
CHEMBL3741490,C#Cc1cccc(Nc2ncnc3cc(OCCO)c(OCCOC)cc23)c1,'>',10000.0
CHEMBL3747561,NS(=O)(=O)c1ccc(N2N=C(c3cccs3)CC2c2ccco2)cc1,'=',6110.0
CHEMBL3747206,NS(=O)(=O)c1ccc(N2N=C(c3ccco3)CC2c2ccc(C(F)(F)F)cc2)cc1,'=',560.0
CHEMBL4278057,O=c1c2ccccc2nc(SCc2cc(-c3ccc(Cl)cc3)no2)n1-c1ccc(Cl)cc1,'=',840.0
CHEMBL145029,CC(=O)Oc1ccccc1SCCc1ccccc1,'=',100000.0
CHEMBL145247,CCCCOCCSc1ccccc1OC(C)=O,'=',7000.0
CHEMBL45090,CS(=O)(=O)c1ccc(-n2cc(C(F)(F)F)nc2-c2cc(Cl)cc(Cl)c2)cc1,'=',169.82
CHEMBL42120,O=S(=O)(c1ccccc1)c1ccc(-n2cccc2-c2ccc(F)cc2)cc1,'>',100000.0
CHEMBL3425982,CCO[C@@]1(c2ccc(O)c(O)c2)Oc2cc(CCO)ccc2O[C@@H]1O,'=',13700.0
CHEMBL3425980,CO[C@@]1(c2ccc(O)c(O)c2)Oc2ccc(CCO)cc2O[C@@H]1O,'=',8240.0
CHEMBL3425990,CC(=O)/N=C/Cc1ccc2c(c1)O[C@H](c1ccc(O)c(O)c1)[C@@H](NC(C)=O)O2,'=',2700.0
CHEMBL145138,CCCCCCCN(C)c1ccccc1OC(C)=O,'>',40000.0
CHEMBL29445,NS(=O)(=O)c1ccc(-n2nc(C(F)F)cc2-c2ccccc2)cc1,'=',128.82
CHEMBL145358,CC(=O)Oc1ccccc1SCCCCCO,'>',50000.0
CHEMBL4530289,NS(=O)(=O)c1ccc(-n2nc(C(=O)OCCN3CCOCC3)cc2-c2ccc(Cl)cc2)cc1,'=',250.0
CHEMBL4553634,COc1ccc(-c2cc(C(=O)OCCCN3CCOCC3)nn2-c2ccc(S(N)(=O)=O)cc2)cc1,'=',1050.0
CHEMBL1077442,COc1ccccc1Nc1cnccc1NS(C)(=O)=O,'>',100000.0
CHEMBL1079074,O=S(=O)(CCC(F)(F)F)Nc1ccncc1Nc1ccccc1,'=',10830.0
CHEMBL350422,Cc1nc(-c2ccc(Cl)s2)c(-c2ccc(S(N)(=O)=O)cc2)o1,'=',20.0
CHEMBL1088299,O=C(Nc1ccc(Nc2ccc(Cl)cc2)cc1)C1=C(O)c2ccccc2S(=O)(=O)N1,'>',100000.0
CHEMBL1087254,O=C(Nc1ccccc1CCc1ccc(Cl)c(Cl)c1)C1=C(O)c2ccccc2S(=O)(=O)C1,'>',90000.0
CHEMBL320926,Cc1ncc(-c2nc(C(F)(F)F)cn2-c2ccc(S(N)(=O)=O)cc2)s1,'=',430.0
CHEMBL151042,NS(=O)(=O)c1ccc(-c2cc3c(cc2Cc2ccccc2)OCO3)cc1,'=',50.0
CHEMBL109017,Cc1csc(-c2nc(C(F)(F)F)cn2-c2ccc(S(N)(=O)=O)cc2)n1,'=',110.0
CHEMBL43282,CS(=O)(=O)c1ccc(-n2cc(C(F)(F)F)nc2-c2cccc(F)c2)cc1,'=',120.23
CHEMBL351914,Cc1nc(-c2ccc(F)cc2)c(-c2ccc(S(C)(=O)=O)cc2)o1,'=',70.0
CHEMBL312221,COc1ccc(-c2c(-c3ccc(S(C)(=O)=O)cc3)oc3ccccc23)cc1F,'=',93.0
CHEMBL154594,CS(=O)(=O)c1ccc(NNC(=O)c2ccc(Cl)cc2)cc1,'>',10000.0
CHEMBL108281,CC(C)c1cccc(-c2ccc(C(C)C(=O)O)cc2F)c1,'>',100000.0
CHEMBL148629,COC(=O)CNC(=O)c1ccccc1Nc1c(Cl)ccc(C)c1Cl,'=',1200.0
CHEMBL155927,CS(=O)(=O)c1ccc(-c2sc3nc(C(F)(F)F)nn3c2-c2cccc(F)c2)cc1,'=',13.0
CHEMBL98193,CN1CC(c2ccc(S(C)(=O)=O)cc2)=C(c2ccccc2)O1,'=',5380.0
CHEMBL170780,CS(=O)(=O)c1ccc(-c2ccccc2-c2ccc3ccccc3n2)cc1,'=',57000.0
CHEMBL1957454,CSCC[C@H](NC(=O)[C@H](Cc1ccc(O)cc1)NC(=O)c1ccc(F)cc1)C(=O)N[C@@H](CC(=O)O)C(=O)O,'>',1000000.0
CHEMBL1957567,O=C(N[C@@H](Cc1ccc(O)cc1)C(=O)N[C@@H](Cc1c[nH]c2ccccc12)C(=O)N[C@@H](CO)C(=O)O)c1ccc(F)cc1,'=',180000.0
CHEMBL1957573,O=C(N[C@@H](Cc1c[nH]c2ccccc12)C(=O)N[C@@H](CO)C(=O)O)c1ccc(F)cc1,'=',200000.0
CHEMBL4757345,Clc1ccc(OCCOc2nc3ccccc3s2)c(Cl)c1,'=',410.0
CHEMBL3775406,Cc1ccc(Nc2c(F)cccc2I)c(CC(=O)O)c1,'=',2500.0
CHEMBL3774618,CCNC(=O)Oc1cccc(-c2ccc(C(C)C(=O)O)cc2F)c1,'>',100000.0
CHEMBL3774999,CCCCCCNC(=O)Oc1cccc(-c2ccc(C(=O)O)cc2F)c1,'>',100000.0
CHEMBL3774941,CCCCCCNC(=O)Oc1cccc(-c2ccc(C(C)C(=O)O)cc2Cl)c1,'=',730.0
CHEMBL1775107,Nc1ccc(Oc2ccc(OCCN3CCCC3)cc2)cc1,'=',36300.0
CHEMBL1775092,c1cc(Oc2ccc(OCCN3CCCC3)cc2)ccn1,'>',100000.0
CHEMBL1775101,FC(F)(F)c1ccc(Oc2ccc(OCCN3CCCC3)cc2)cc1,'>',100000.0
CHEMBL328616,CC(=O)Oc1ccccc1C1=C(c2ccc(S(C)(=O)=O)cc2)COC1=O,'=',3.5
CHEMBL1956385,NS(=O)(=O)c1ccc(-n2nnnc2-c2ccc(Cl)cc2)cc1,'=',62000.0
CHEMBL70264,CS(=O)(=O)c1ccc(-c2occ(Cl)c(=O)c2-c2ccc(F)c(F)c2)cc1,'=',1234809.61
CHEMBL416165,CC(C)(C)c1cc(-c2nnc(SCc3ccccc3)s2)cc(C(C)(C)C)c1O,'>',20000.0
CHEMBL1956382,Cc1ccc(-c2nnnn2-c2ccc(S(N)(=O)=O)cc2)cc1,'>',100000.0
CHEMBL356596,CC(C)=Cc1cc(/C=C/S(N)(=O)=O)cc(C(=O)c2ccccc2)c1,'=',980.0
CHEMBL17229,CC(C)(C)c1cc(-c2nsc(NC#N)n2)cc(C(C)(C)C)c1O,'=',47.0
CHEMBL342770,Cc1cccc(-c2cc(C(F)(F)F)nn2-c2ccc(S(N)(=O)=O)c(CO)c2)c1,'=',728.0
CHEMBL302543,O=C(O)Cc1ccc(-c2ccsc2-c2ccc(F)cc2)cc1,'>',30000.0
CHEMBL1830468,Cc1ccc(-c2cc(CCC(=O)N3CCN(Cc4ccc(C(C)(C)C)cc4)CC3)nn2-c2ccccc2)cc1,'>',10000.0
CHEMBL3325875,CC(=O)N1CCN(c2c(/C=N/Nc3nc4ccccc4nc3O)c(C)nn2-c2ccccc2)CC1,'=',460.0
CHEMBL443819,CS(=O)(=O)c1ccc(-c2nnnn2-c2ccc(F)c(F)c2)cc1,'>',30000.0
CHEMBL280471,CCONC1=NC(=O)/C(=C/c2cc(C(C)(C)C)c(O)c(C(C)(C)C)c2)O1,'=',79000.0
CHEMBL322807,CC1(C)OC(=O)C(Oc2ncccc2Cl)=C1c1ccc(S(C)(=O)=O)cc1,'<',400.0
CHEMBL157358,CS(=O)(=O)c1ccc(-c2c(-c3ccccc3)sc3nc(C(F)(F)F)nn23)cc1,'>',50000.0
CHEMBL119418,CCCCCNC(=O)c1cc(C(C)(C)C)c2c(c1)C(C)(C)CO2,'=',250.0
CHEMBL1957886,O=C(c1ccccc1)n1cc(/C=N/c2ccc(Cl)cc2)c2ccccc21,'=',6530.0
CHEMBL368468,CN1C(=O)/C(=C(/O)Nc2ccccc2)c2ccccc2C1=O,'=',170.0
CHEMBL1288590,O=C(O)C1=Cc2c(Cl)ccc(Cl)c2OC1C(F)(F)F,'=',100.0
CHEMBL1290320,O=C(O)C1=Cc2cc(Cl)cc(-c3ccccc3)c2OC1C(F)(F)F,'=',110.0
CHEMBL223619,CS(=O)(=O)c1ccc(-n2cnc(Cl)c2-c2ccc(OCCO[N+](=O)[O-])c(F)c2)cc1,'=',6900.0
CHEMBL219893,CS(=O)(=O)c1ccc(-n2cnc(Cl)c2-c2ccc(OCCO)c(F)c2)cc1,'=',56000.0
CHEMBL280093,Cc1nc(-c2ccc(S(N)(=O)=O)cc2)c(-c2ccc(Br)cc2)s1,'=',24.0
CHEMBL278246,C/C(=C1/SC(N=C(N)N)=NC1=O)c1cc(C(C)(C)C)c(O)c(C(C)(C)C)c1,'=',12000.0
CHEMBL1916948,O=C(NS(=O)(=O)c1ccc(F)cc1)c1cccnc1,'=',11700.0
CHEMBL46584,NS(=O)(=O)c1ccc(-n2cc(C(F)(F)F)nc2-c2cccc(Br)c2)cc1,'=',7.0
CHEMBL289561,COc1cc(-c2nc(C(F)(F)F)cn2-c2ccc(S(N)(=O)=O)cc2)ccc1Cl,'=',20.0
CHEMBL69998,CC1(C)OC(=O)C(OCC2CC2)=C1c1ccc(S(C)(=O)=O)cc1,'=',140.0
CHEMBL275838,CCCSc1nnc(-c2cc(C(C)(C)C)c(O)c(C(C)(C)C)c2)s1,'=',100000.0
CHEMBL54367,CS(=O)(=O)c1ccc(-c2c(F)c(F)c(F)c(F)c2-c2ccc(F)cc2)cc1,'>',100000.0
CHEMBL27875,COc1ccc2c(c1)c(Cc1nc(-c3ccc(Cl)cc3)cs1)c(C)n2C(=O)c1ccc(Cl)cc1,'=',14.0
CHEMBL339355,COC(=O)c1ccc(Oc2c(-c3ccc(S(C)(=O)=O)cc3)oc(C)cc2=O)cc1,'>',10000.0
CHEMBL275188,CSc1nnc(-c2nc(C(C)(C)C)c(O)c(C(C)(C)C)n2)s1,'=',1400.0
CHEMBL1775099,FC(F)(F)c1ccccc1Oc1ccc(OCCN2CCCC2)cc1,'=',41400.0
CHEMBL1775098,O=[N+]([O-])c1cccnc1Oc1ccc(OCCN2CCCC2)cc1,'>',100000.0
CHEMBL1957572,O=C(N[C@@H](Cc1ccc(O)cc1)C(=O)N[C@@H](CO)C(=O)O)c1ccc(F)cc1,'=',140000.0
CHEMBL3264691,COc1ccc(-n2cc(CSc3nc4ccccc4o3)nn2)cc1,'=',2300.0
CHEMBL3264695,Brc1ccc(-n2cc(CSc3nc4ccccc4o3)nn2)cc1,'=',2800.0
CHEMBL3264700,Cc1ccc(-n2cc(CSc3nc4ccccc4o3)nn2)cc1C,'=',4350.0
CHEMBL106828,C=Cc1cncc(-c2ccc(C(C)C(=O)O)cc2)c1,'=',190.0
CHEMBL3289099,CC(C)=CCC[C@H](C(=O)O)[C@@H]1CC[C@]2(C)C3=CC[C@H]4C(C)(C)[C@H](O)CC[C@]4(C)[C@H]3CC[C@@]12C,'>',10000.0
CHEMBL1830335,Cc1ccc(-c2cc(CCC(=O)Oc3ccc(C(C)C)cc3)nn2-c2ccc(Cl)nn2)cc1,'>',10000.0
CHEMBL1830478,Cc1ccc(-c2cc(CCC(=O)Oc3ccc(C(C)C)cc3)nn2-c2ccccc2)cc1,'>',10000.0
CHEMBL1830479,CCOC(=O)C1CCN(C(=O)CCc2cc(-c3ccc(C)cc3)n(-c3ccc4ccccc4n3)n2)CC1,'>',10000.0
CHEMBL292607,Cc1ccc(-c2cc(F)c(F)cc2-c2ccc(S(C)(=O)=O)cc2)nc1,'=',52300.0
CHEMBL148100,COc1ccc(-c2cc(C(F)(F)F)nn2-c2ccc(S(N)(=O)=O)c(CO)c2)cc1,'=',365.0
CHEMBL126810,Cc1cc(=O)c(-c2ccc(F)cc2F)c(-c2ccc(S(C)(=O)=O)cc2)o1,'=',1120.0
CHEMBL5197095,CC(C)OC(=O)[C@@H](Cn1cncn1)NC(=O)[C@@H](C)c1cccc(C(=O)c2ccccc2)c1,'=',3410.0
CHEMBL42077,CC(=O)[N-]S(=O)(=O)c1ccc(-c2c(-c3ccccc3)noc2C)cc1.[Na+],'=',20000.0
CHEMBL499068,COc1ccc(-c2c(-c3ccc(S(N)(=O)=O)cc3)[nH]c3ccccc23)cc1,'=',6.0
CHEMBL150130,CCc1cc(/C=C/C(N)=O)cc(C(=O)c2ccccc2)c1,'=',1800.0
CHEMBL44466,Cc1ccccc1-c1nc(C(F)(F)F)cn1-c1ccc(S(C)(=O)=O)cc1,'=',800.0
CHEMBL2158362,CC(Oc1cc(=O)oc2ccccc12)C(=O)N1CCOCC1,'=',69940.0
CHEMBL2158363,COC(=O)C(CC(C)C)NC(=O)C(C)Oc1cc(=O)oc2ccccc12,'=',8250.0
CHEMBL433892,c1ccc(-c2nn(-c3ccccc3)c3c2CCCC3)cc1,'=',570.0
CHEMBL43933,CSCc1cn(-c2ccc(S(C)(=O)=O)cc2)c(-c2ccc(Cl)cc2)n1,'=',323.59
CHEMBL117618,CS(=O)(=O)c1ccc(-n2c(-c3ccc(F)cc3)cnc2CO)cc1,'>',10000.0
CHEMBL117650,CS(=O)(=O)c1ccc(-n2cnc(Cl)c2-c2ccccc2F)cc1,'=',28.0
CHEMBL114162,CS(=O)(=O)c1ccc(-c2cncn2-c2ccc(F)cc2)cc1,'>',10000.0
CHEMBL117295,COc1ccc(-c2c(Cl)ncn2-c2ccc(S(C)(=O)=O)cc2)cc1Cl,'=',8.0
CHEMBL1766292,CS(=O)(=O)c1ccc(-n2nc(CNC(=O)Nc3ccc(OC(F)(F)F)cc3)cc2-c2ccccc2)cc1,'=',7000.0
CHEMBL366807,CS(=O)(=O)c1ccc(-c2cnsc2-c2ccc(F)cc2)cc1,'=',2100.0
CHEMBL417204,CC(C)c1cc(-c2ccc(S(N)(=O)=O)cc2)c(-c2ccc(F)cc2)s1,'=',10.0
CHEMBL322703,CC1(C)OC(=O)C(Oc2ccc(Br)cn2)=C1c1ccc(S(C)(=O)=O)cc1,'=',30.0
CHEMBL418516,CN(C)c1ccc(-n2nc(C(F)(F)F)cc2-c2ccc(NS(C)(=O)=O)cc2)cc1,'=',530.0
CHEMBL318053,CCC#CCC(C)OC(=O)Cc1c(C)n(C(=O)c2ccc(Cl)cc2)c2ccc(OC)cc12,'=',120.0
CHEMBL415895,CS(=O)(=O)c1ccc(-n2cc(C#N)nc2-c2ccc(Cl)cc2)cc1,'=',229.09
CHEMBL460184,CCCCC(Sc1nc(OCCc2ccccc2)cc(OCCc2ccccc2)n1)C(=O)OCC,'>',10.0
CHEMBL459720,CCCCCCC(Sc1nc(Cl)cc(Nc2cccc(C)c2C)n1)C(=O)OCC,'>',10.0
CHEMBL559812,Cc1c(-c2ccc(S(C)(=O)=O)cc2)nc(NC2CCCCC2)nc1C(F)(F)F,'>',10000.0
CHEMBL148976,CS(=O)(=O)c1ccc(-c2c(-c3ccc(F)cc3)nc3sccn23)cc1,'=',14.0
CHEMBL562768,CS(=O)(=O)c1ccc(-c2cnc(NCc3ccccc3)nc2-c2ccc(F)cc2)cc1,'=',686.0
CHEMBL43331,COc1c(C)cc(-c2nc(C(F)(F)F)cn2-c2ccc(S(C)(=O)=O)cc2)cc1C,'=',724.44
CHEMBL4567742,COc1ccc(-c2c(-c3ccc(NC(C)=O)cc3)noc2CC(=O)O)cc1,'>',50000.0
CHEMBL3410361,NS(=O)(=O)c1ccc(N2N=C3c4ccccc4OCC3C2c2ccccc2Br)cc1,'=',1260.0
CHEMBL296673,Cc1ccc(-c2nc(C(F)(F)F)cn2-c2ccc(S(C)(=O)=O)cc2)cc1Cl,'=',30.2
CHEMBL3309956,CN1C/C(=C\c2ccc(N3CCCC3)cc2)C(=O)/C(=C/c2ccc(N3CCCC3)cc2)C1,'>',100000.0
CHEMBL3290192,O=C(/C=C/c1ccc(N2CCCC2)cc1)/C=C/c1ccc(N2CCCC2)cc1,'=',69820.0
CHEMBL91118,C=C1CC(c2ccc(S(C)(=O)=O)cc2)=C1c1ccccc1,'=',1.2
CHEMBL298281,CNS(=O)(=O)c1ccc(-n2cccc2-c2ccc(F)cc2)cc1,'>',100000.0
CHEMBL4538175,CS(=O)(=O)c1ccc(-c2nnnn2-c2ccc(CCO)cc2)cc1,'=',70000.0
CHEMBL4461324,CS(=O)(=O)c1ccc(-c2nnnn2-c2ccc(CO)cc2)cc1,'>',500000.0
CHEMBL359202,Cc1ccc(/C=C/S(N)(=O)=O)cc1C(=O)c1ccccc1,'=',19000.0
CHEMBL3397721,CCCC/C(=C\c1cc(OCc2ccc3nc(C(F)(F)F)cc(OC)c3c2)ccc1OCc1ccc(C(F)(F)F)cc1)C(=O)O,'>',10000.0
CHEMBL3309948,CN(C)c1ccc(/C=C2\CNC/C(=C\c3ccc(N(C)C)cc3[N+](=O)[O-])C2=O)c([N+](=O)[O-])c1,'=',7880.0
CHEMBL3309950,CN(C)c1ccc(/C=C2\CN(Cc3ccccc3)C/C(=C\c3ccc(N(C)C)cc3[N+](=O)[O-])C2=O)c([N+](=O)[O-])c1,'=',19220.0
CHEMBL95625,COc1ccc2c(c1)c(CC(=O)Oc1ccccc1SC)c(C)n2C(=O)c1ccc(Cl)cc1,'=',60.0
CHEMBL161677,Cc1nc(C2CCCCC2)c(-c2ccc(S(C)(=O)=O)cc2)o1,'=',70.0
CHEMBL2204564,COc1ccc(C(=O)n2nc(C)c3nnc4cc(Cl)c(F)cc4c32)cc1,'=',10000.0
CHEMBL145646,CCCCCCCOc1ccccc1OC(C)=O,'>',40000.0
CHEMBL2171258,CC(C(=O)O)c1ccc2c3cc(Cl)ccc3n(Cc3ccc(Cl)cc3)c2c1,'>',100000.0
CHEMBL424303,Cc1cccc(Sc2cc3c(cc2NS(C)(=O)=O)CCC3=O)c1,'>',10000.0
CHEMBL279133,CCOC(=O)c1nc(-c2ccc(F)cc2)c(-c2ccc(S(C)(=O)=O)cc2)s1,'=',610.0
CHEMBL4590005,COc1ccc2c(c1)c(Cc1nn(C)nc1O)c(C)n2C(=O)c1ccc(Cl)cc1,'>',100000.0
CHEMBL1775108,CS(=O)(=O)N(c1ccccc1Oc1ccc(OCCN2CCCC2)cc1)S(C)(=O)=O,'>',100000.0
CHEMBL162424,c1ccc(Oc2ccc(OCCN3CCCC3)cc2)cc1,'>',100000.0
CHEMBL514418,COc1ccc(-c2cnnn2-c2ccc(S(C)(=O)=O)cc2)cc1,'=',170.0
CHEMBL2380873,O=C(OCCCO[N+](=O)[O-])c1onc(-c2ccc(Cl)o2)c1-c1ccccc1,'>',100000.0
CHEMBL2380872,O=C(OCCCN1CCOCC1)c1onc(-c2ccc(Cl)o2)c1-c1ccccc1,'>',100000.0
CHEMBL2380870,OCc1onc(-c2ccc(Cl)o2)c1-c1ccccc1,'>',100000.0
CHEMBL2380863,Cc1onc(-c2ccccc2Cl)c1-c1ccccc1,'=',1100.0
CHEMBL209689,Cc1ccc2c(c1)c(-c1ccnc3c(C)cccc13)c(C)n2CC(=O)O,'=',3000.0
CHEMBL3314087,O=C1Nc2ccccc2/C1=C/c1coc2ccccc2c1=O,'=',29.0
CHEMBL3314089,CC1=NN(c2cccc(Cl)c2)C(=O)/C1=C/c1coc2c([N+](=O)[O-])cc(F)cc2c1=O,'>',10000.0
CHEMBL3309820,CS(=O)(=O)c1ccc(N2N=C(C(F)(F)F)CC2c2cccc3c2OCO3)cc1,'=',41.0
CHEMBL3331466,CC(C)c1c(COC(=O)C(C)c2cccc(C(=O)c3ccccc3)c2)n(C)n(-c2ccccc2)c1=O,'=',2200.0
CHEMBL1076742,O=C(Nc1ccc(-c2ccccc2)cc1)C1=C(O)c2ccccc2S(=O)(=O)N1,'=',92600.0
CHEMBL1290565,CCc1cc(OC(F)(F)F)cc2c1OC(C(F)(F)F)C(C(=O)O)=C2,'=',49.0
CHEMBL3357103,COc1ccc(C2=C(c3cccc(F)c3)C(=O)OC2)cc1,'>',5000.0
CHEMBL3311308,COc1ccc(S(=O)(=O)Nc2c(C)cc(C)cc2C)cc1,'>',100000.0
CHEMBL343198,CS(=O)(=O)Nc1cc2c(cc1Sc1cccc(F)c1)C(=O)CC2,'>',10000.0
CHEMBL3290201,COc1ccc(NC(=O)c2nc(-c3ccccc3)n(-c3ccc(S(N)(=O)=O)cc3)n2)cc1,'=',890.0
CHEMBL1684149,COc1cc2oc(C)cc(=O)c2c(O)c1OCC=C(C)C,'=',15490.0
CHEMBL110396,CCOC(=O)c1cn(-c2ccc(S(C)(=O)=O)cc2)c(-c2cccnc2)n1,'>',100000.0
CHEMBL275843,CS(=O)(=O)c1ccc(-c2sc(-c3cccnc3)nc2-c2ccc(F)cc2)cc1,'=',430.0
CHEMBL1760551,COc1cc(/C=C/C(=O)NCCc2c[nH]c3ccc(O)cc23)cc(OC)c1O,'>',400000.0
CHEMBL16048,CC(C)(C)c1cc(/C=C2\SC(NC#N)=NC2=O)cc(C(C)(C)C)c1O,'=',55000.0
CHEMBL4065530,O=C(c1ccccc1O)n1nc(Nc2ccccc2)cc1-c1ccccc1O,'=',16.2
CHEMBL4164251,Nc1nc(Cl)nc(Nc2ccc(N3CCOCC3=O)cc2)n1,'=',500.0
CHEMBL4170378,O=C1COCCN1c1ccc(Nc2nc(Cl)nc(Nc3ccc(O)cc3)n2)cc1,'=',40.0
CHEMBL4170800,O=C(NCCOc1nc(Cl)nc(Nc2ccc(N3CCOCC3=O)cc2)n1)c1ccc(Cl)s1,'=',500.0
CHEMBL4160157,Cc1ccc(S(=O)(=O)NCCOc2nc(Cl)nc(Nc3ccc(N4CCOCC4=O)cc3)n2)cc1,'=',80000.0
CHEMBL4293190,COc1ccc(-c2cc(CSc3nc4ccccc4c(=O)n3-c3ccc(Cl)cc3)on2)cc1,'=',1340.0
CHEMBL117917,CCOc1ccc(-c2c(Cl)ncn2-c2ccc(S(N)(=O)=O)cc2)cc1Cl,'=',7.0
CHEMBL3265347,Fc1ccc(-c2nn(-c3ccccc3)cc2-c2nnc(-c3ccc(Cl)cc3)o2)cc1,'=',5500.0
CHEMBL3309830,Cc1ccc(S(=O)(=O)N2N=C(C(F)(F)F)CC2c2ccc3c(c2)OCO3)cc1,'=',530.0
CHEMBL3264523,CCOC(=O)c1c(C)oc2ccc(Oc3ccccn3)cc12,'=',8100.0
CHEMBL129215,CCC1(CC)CC(c2ccc(F)cc2)=C(c2ccc(S(C)(=O)=O)cc2)C1,'=',65000.0
CHEMBL366306,Cc1[nH]c2cc(S(C)(=O)=O)ccc2c1S(=O)(=O)c1ccc(F)cc1,'>',40000.0
CHEMBL281379,COc1ccc2c(c1)c(CC(=O)N[C@H](CO)CCSC)c(C)n2C(=O)c1ccc(Cl)cc1,'=',1000.0
CHEMBL119170,CC(C)(C)c1cc(C(=O)NC2CC2)cc2c1OCC2(C)C,'=',550.0
CHEMBL4442101,Cc1cccc(/C=C/c2ccc(=O)[nH]n2)c1,'=',15.56
CHEMBL4761793,Nc1cc(-c2ccco2)nn1-c1ccc(Cl)cc1,'>',100000.0
CHEMBL4789452,COc1ccc(-c2noc(CC(=O)NCCCCN)c2-c2ccc(OC)cc2)cc1,'=',3500.0
CHEMBL551017,CC(C)Oc1nc(-c2ccc(S(C)(=O)=O)cc2)cc(C(F)(F)F)n1,'=',63.0
CHEMBL4851853,Cc1ccc(-c2cc(C)n(S(=O)(=O)Oc3ccccc3)n2)cc1,'=',1.1
CHEMBL4869842,Cc1ccc(-c2cc(C)n(S(=O)(=O)Oc3ccccc3I)n2)cc1,'=',92.0
CHEMBL4848113,O=S(=O)(Oc1ccccc1)n1nc(-c2ccccc2)cc1-c1ccccc1,'<',10.0
CHEMBL172720,CS(=O)(=O)c1ccc(-c2nccnc2-c2ccccc2)cc1,'>',300000.0
CHEMBL4799227,CCOC(=O)C1CCN(C(=O)c2cc(-c3ccccc3)n(-c3ccc(S(N)(=O)=O)cc3)n2)CC1,'=',4120.0
CHEMBL4438116,NS(=O)(=O)c1ccc(-n2nc(C(=O)NCCCN3CCOCC3)cc2-c2ccccc2)cc1,'=',420.0
CHEMBL4451916,NS(=O)(=O)c1ccc(-n2nc(C(=O)OCCCN3CCOCC3)cc2-c2ccc(C(F)(F)F)cc2)cc1,'=',210.0
CHEMBL4535676,C[C@H](NC(=O)OCc1ccccc1)C(=O)NCC(=O)N1CCC[C@H]1C(=O)O,'=',20.0
CHEMBL4529874,COC(=O)[C@@H]1CCCN1C(=O)CNC(=O)[C@H](C)NC(=O)OCc1ccccc1,'=',300.0
CHEMBL1766284,NS(=O)(=O)c1ccc(-n2nc(CCCNC(=O)NC34CC5CC(CC(C5)C3)C4)cc2-c2ccccc2)cc1,'=',7000.0
CHEMBL4165753,O=C1COCCN1c1ccc(Nc2nc(Cl)nc(Nc3ccccc3)n2)cc1,'=',100.0
CHEMBL1078377,CCc1ccccc1Nc1cnccc1NS(C)(=O)=O,'>',100000.0
CHEMBL148542,CS(=O)(=O)Nc1ccncc1Oc1ccccc1,'>',100000.0
CHEMBL4171063,O=C1COCCN1c1ccc(Nc2nc(Cl)nc(NC3CCCCC3)n2)cc1,'=',600.0
CHEMBL462523,CCCCCCC(Sc1nc(Cl)cc(NCc2ccc(-c3ccccc3)cc2)n1)C(=O)O,'>',10.0
CHEMBL1221678,CCCC/C(=C(\c1ccccc1)c1ccc(O)cc1)c1ccc(S(C)(=O)=O)cc1,'=',11800.0
CHEMBL1819479,CCCC/C(=C\c1cc(OCc2ccc(C(F)(F)F)cc2)ccc1OCc1ccc(C(F)(F)F)cc1)C(=O)O,'>',10000.0
CHEMBL552082,CS(=O)(=O)c1ccc(-c2cc(C(F)(F)F)nc(OC3CCCCCCC3)n2)cc1,'<',10.0
CHEMBL551830,Cc1ccc(CNc2nc(-c3ccc(S(C)(=O)=O)cc3)cc(C(F)(F)F)n2)cc1,'<',10.0
CHEMBL561086,CS(=O)(=O)c1ccc(-c2cc(C(F)(F)F)nc(Nc3ccc(F)cc3)n2)cc1,'=',7.2
CHEMBL564962,CS(=O)(=O)c1ccc(-c2cnc(Nc3ccccc3)nc2-c2ccc(F)cc2)cc1,'=',56.0
CHEMBL559952,CS(=O)(=O)c1ccc(-c2cnc(Cc3ccc(F)cc3)nc2-c2ccc(F)cc2)cc1,'=',277.0
CHEMBL2018670,Cc1noc2c(Cc3ccc([N+](=O)[O-])cc3)nn(Cc3n[nH]c(=S)n3C)c(=O)c12,'=',4600.0
CHEMBL3309449,CS(=O)(=O)c1ccc(N2N=C(C(F)(F)F)CC2c2cccc3ccccc23)cc1,'=',110.0
CHEMBL1210017,N.NS(=O)(=O)c1ccc(-n2nc(C(F)(F)F)cc2-c2ccc(/[N+]([O-])=N\O)cc2)cc1,'=',6100.0
CHEMBL3410345,NS(=O)(=O)c1ccc(N2N=C3c4ccccc4CCC3C2c2cccc(F)c2)cc1,'=',4830.0
CHEMBL3410362,NS(=O)(=O)c1ccc(N2N=C3c4ccccc4OCC3C2c2ccc(Br)cc2)cc1,'=',6880.0
CHEMBL3265350,COc1ccc(-c2nn(-c3ccccc3)cc2-c2nnc(-c3ccc(Cl)cc3)o2)cc1,'=',67000.0
CHEMBL3735490,COc1ccc(C2CC(c3ccc(S(C)(=O)=O)cc3)=NN2c2ccc(C(=O)O)cc2)cc1OC,'=',3740.0
CHEMBL3735457,CS(=O)(=O)c1ccc(C2=NN(c3ccc(S(N)(=O)=O)cc3)C(c3ccc(F)cc3)C2)cc1,'=',3410.0
CHEMBL3735929,COc1cc(C2CC(c3ccc(S(C)(=O)=O)cc3)=NN2c2ccc(S(N)(=O)=O)cc2)cc(OC)c1OC,'=',4670.0
CHEMBL3741768,C#Cc1cccc(Nc2ncnc3cc(OCCOC(=O)C(C)c4ccc5cc(OC)ccc5c4)c(OCCOC(=O)C(C)c4ccc5cc(OC)ccc5c4)cc23)c1,'>',10000.0
CHEMBL3342570,Cc1cc(Br)cc2c1OC(C(F)(F)F)C(C(=O)O)=C2,'=',28.0
CHEMBL3355607,[2H]C([2H])([2H])c1cc2c(c(C([2H])([2H])[2H])c1)OC(C(F)(F)F)C(C(=O)O)=C2,'=',150.0
CHEMBL3264704,Clc1ncccc1-n1cc(CSc2nc3ccccc3o2)nn1,'=',5030.0
CHEMBL3309831,Cc1ccc(S(=O)(=O)N2N=C(C(F)(F)F)CC2c2cccc3c2OCCO3)cc1,'>',500000.0
CHEMBL3309829,Cc1ccc(S(=O)(=O)N2N=C(C(F)(F)F)CC2c2ccc3c(c2)OCCO3)cc1,'=',1320.0
CHEMBL3309828,Cc1ccc(S(=O)(=O)N2N=C(C(F)(F)F)CC2c2ccc3ccccc3c2)cc1,'=',95380.0
CHEMBL2160148,Cc1cccc(C2CC(c3ccc(Cl)c(Cl)c3)=NN2C2=NC(=O)CS2)c1,'=',7200.0
CHEMBL3265354,Fc1ccc(-c2nn(-c3ccccc3)cc2-c2nnc(-c3ccncc3)o2)cc1,'=',2300.0
CHEMBL3309447,NS(=O)(=O)c1ccc(N2N=C(C(F)(F)F)CC2c2cccc3c2OCCO3)cc1,'=',59.0
CHEMBL3314086,CC(C)c1ccc2occ(/C=C3/C(=O)N(c4c(Cl)cccc4Cl)c4ccccc43)c(=O)c2c1,'=',5.8
CHEMBL3314088,O=C1Nc2ccccc2/C1=C/c1coc2ccc(Br)cc2c1=O,'=',20.0
CHEMBL1814725,CC(C(=O)[O-])c1ccc(CC2CCCC2=O)cc1-c1ccc(C(=O)[O-])cc1.[Na+].[Na+],'=',76000.0
CHEMBL213939,CC(C)c1ccc(NC(=O)Oc2ccc(/N=N/c3ccc(S(N)(=O)=O)cc3)cc2OC(=O)Nc2ccc(C(C)C)cc2)cc1,'=',12370.0
CHEMBL29920,NS(=O)(=O)c1ccc(-n2nc(C(F)(F)F)cc2-c2ccccc2)cc1,'=',160.0
CHEMBL3397711,CCCC/C(=C\c1cc(OC/C=C/c2ccccc2)ccc1OCc1ccc(C(F)(F)F)cc1)C(=O)O,'>',10000.0
CHEMBL3397723,CCCC/C(=C\c1cc(OCc2ccc(Oc3ccccn3)cc2)ccc1OCc1ccc(C(F)(F)F)cc1)C(=O)O,'>',10000.0
CHEMBL3915322,COc1cc2c(cc1OC)CN(C(=O)CCn1sc3nc(C)cc(C)c3c1=O)CC2,'=',288403.15
CHEMBL144013,O=C1CCc2cc(NS(=O)(=O)C(F)(F)F)c(Sc3ccc(F)cc3F)cc21,'=',40.0
CHEMBL4076451,COc1cccc(-c2cc(C(=O)OCCOc3ccc4ccc(=O)oc4c3)nn2-c2ccc(S(N)(=O)=O)cc2)c1,'=',820.0
CHEMBL564729,CS(=O)(=O)c1ccc(-c2cc(C(F)(F)F)nc(OCC3CCCCC3)n2)cc1,'=',45.0
CHEMBL563759,CS(=O)(=O)c1ccc(-c2cc(C(N)=O)nc(NC3CCCCC3)n2)cc1,'>',10000.0
CHEMBL559886,CS(=O)(=O)c1ccc(-c2cc(C(F)(F)F)nc(NC3CCOCC3)n2)cc1,'=',18.0
CHEMBL563455,CS(=O)(=O)c1ccc(-c2cnc(Cc3ccccc3)nc2-c2ccc(F)cc2)cc1,'=',104.0
CHEMBL559422,CS(=O)(=O)c1ccc(-c2cnc(Sc3ccccc3)nc2-c2ccc(F)cc2)cc1,'>',7200.0
CHEMBL4745938,Nc1cc(-c2ccco2)nn1-c1ccc(F)cc1,'>',100000.0
CHEMBL4553947,NS(=O)(=O)c1ccc(-n2nc(C(=O)N3CCSCC3)cc2-c2ccc(Cl)cc2)cc1,'=',230.0
CHEMBL4569221,NS(=O)(=O)c1ccc(-n2nc(C(=O)N3CCOCC3)cc2-c2ccc(Cl)cc2)cc1,'=',350.0
CHEMBL3909240,COc1cc(C(=O)O)ccc1C1CC(C(C)(C)C)=NN1c1ccc(C(=O)O)cc1,'>',100000.0
CHEMBL3979746,COc1ccc(C2CC(c3ccccc3)=NN2c2ccc(C(=O)O)cc2)cc1,'>',100000.0
CHEMBL2380874,Cc1onc(-c2ccco2)c1-c1ccccc1,'=',20440.0
CHEMBL2380865,Cc1onc(-c2ccc(Cl)o2)c1-c1ccccc1F,'>',100000.0
CHEMBL2398542,Cc1ccc(-c2cn(CCc3ccc(S(N)(=O)=O)cc3)nn2)cc1,'=',3400.0
CHEMBL3927500,CSc1ccc(-n2c(-c3ccc(S(C)(=O)=O)cc3)cc(CC(=O)OCCCCO[N+](=O)[O-])c2C)cc1,'=',220.0
CHEMBL1939514,CSc1ccc(-n2c(-c3ccc(S(C)(=O)=O)cc3)cc(CC(=O)OCCO)c2C)cc1,'=',85.0
CHEMBL3906128,Cc1c(CC(=O)OCCCCO)cc(-c2ccc(S(C)(=O)=O)cc2)n1-c1cccc(F)c1,'=',110.0
CHEMBL3290197,NS(=O)(=O)c1ccc(-n2nc(C(=O)Nc3nc4ccccc4s3)nc2-c2ccccc2)cc1,'=',380.0
CHEMBL3290203,Cc1ccc(NC(=O)c2nc(-c3ccccc3)n(-c3ccc(S(N)(=O)=O)cc3)n2)cc1,'=',1900.0
CHEMBL4172129,O=C1COCCN1c1ccc(Nc2nc(Cl)nc(Cl)n2)cc1,'=',7000.0
CHEMBL4165902,O=C1COCCN1c1ccc(Nc2nc(Cl)nc(Nc3ccc(Cl)cc3)n2)cc1,'=',80.0
CHEMBL563,CC(C(=O)O)c1ccc(-c2ccccc2)c(F)c1,'=',10.0
CHEMBL1242459,Cc1ccc(-c2nn(-c3ccccc3)cc2-c2nnc(-c3ccccc3)o2)cc1,'=',25000.0
CHEMBL3909479,COc1ccc(-c2nc(NCC(=O)O)sc2-c2ccc(OC)cc2)cc1,'=',9230.0
CHEMBL3892572,O=C(O)CNc1nc(-c2ccccc2)c(-c2ccccc2)s1,'=',10710.0
CHEMBL98610,CCCCCCCCCCCCCCCc1cc(O)cc(O)c1,'=',2360.0
CHEMBL451044,CCCCCCCCCCCCCc1cc(O)cc(O)c1,'=',2740.0
CHEMBL3264687,O=[N+]([O-])c1cccc(-n2cc(CSc3nc4ccccc4o3)nn2)c1,'=',9580.0
CHEMBL3264703,c1cncc(-n2cc(CSc3nc4ccccc4o3)nn2)c1,'=',3980.0
CHEMBL3809116,CC(C)C[C@H](NC(=O)[C@H](Cc1ccccc1)NC(=O)CNC(=O)CN)C(=O)O,'=',400.0
CHEMBL4093362,Cc1c(-c2nnc(-c3ccccc3)c3conc23)cnn1-c1ccccc1,'=',780.0
CHEMBL3643413,CCC(=O)N1CC[C@H](Nc2ncnc3c2CN(c2cnc(OC)c(C(F)(F)F)c2)CC3)C1,'>',30000.0
CHEMBL3342569,Cc1c(Br)c(C)c2c(c1Br)OC(C(F)(F)F)C(C(=O)O)=C2,'=',69.0
CHEMBL3237067,COc1ccc(-n2nc(C(=O)Nc3ccc(Br)cc3)nc2-c2cc(OC)c(OC)c(OC)c2)cc1,'>',100000.0
CHEMBL4794910,NS(=O)(=O)c1ccc(-n2nc(C(=O)NCCCCCCCCCCC(=O)O)cc2-c2ccccc2)cc1,'=',3040.0
CHEMBL2160142,O=C1CSC(N2N=C(c3ccc(Cl)c(Cl)c3)CC2c2ccccc2)=N1,'=',2700.0
CHEMBL3823238,Cc1ccc(-c2cc(C(=O)N/N=C/c3c(Cl)c4ccccc4oc3=O)nn2-c2ccc(S(N)(=O)=O)cc2)cc1,'=',6940.0
CHEMBL3823400,COc1ccc(-c2cc(C(=O)N/N=C/c3c(Cl)c4ccccc4oc3=O)nn2-c2ccc(S(N)(=O)=O)cc2)cc1,'=',10360.0
CHEMBL3824003,COc1cccc(-c2cc(C(=O)N/N=C/c3c(Cl)c4ccccc4oc3=O)nn2-c2ccc(S(N)(=O)=O)cc2)c1,'=',6090.0
CHEMBL3823735,NS(=O)(=O)c1ccc(-n2nc(C(=O)N/N=C/c3c(Cl)c4ccccc4oc3=O)cc2-c2ccc([N+](=O)[O-])cc2)cc1,'=',130.0
CHEMBL3974298,Cc1cc(C)c2c(=O)n(CCC(=O)N3CCN(c4cccc(Cl)c4)CC3)sc2n1,'=',388000.0
CHEMBL4781249,COC1=CC(=O)C=C(Br)C1=O,'=',4480.0
CHEMBL2018566,CCNc1nnc(Cn2nc(Cc3ccc([N+](=O)[O-])cc3)c3onc(C)c3c2=O)s1,'=',39600.0
CHEMBL2018675,COc1ccc(Cc2nn(Cc3n[nH]c(=S)n3-c3ccccc3)c(=O)c3c(C)noc23)cc1,'=',10800.0
CHEMBL1288537,COc1ccc2c(c1)C=C(C(=O)O)C(C(F)(F)F)O2,'=',100000.0
CHEMBL3113234,Cc1ccc(Nc2cnccc2NS(=O)(=O)C(F)(F)F)cc1Br,'=',90.0
CHEMBL3113227,O=S(=O)(C1CC1)N(c1ccncc1Nc1ccccc1)S(=O)(=O)C1CC1,'=',56760.0
CHEMBL3113225,O=S(=O)(Nc1ccncc1Nc1ccc(O)cc1)C(F)(F)F,'>',100000.0
CHEMBL2160147,O=C1CSC(N2N=C(c3ccc(Cl)c(Cl)c3)CC2c2cccc(Cl)c2)=N1,'=',16100.0
CHEMBL4445953,O=C1NC(=S)S/C1=C\c1ccc(OCc2cn(-c3ccc(C(=O)O)cc3)nn2)cc1,'=',360.0
CHEMBL1916947,O=C(NS(=O)(=O)c1ccccc1)c1cccnc1,'=',15800.0
CHEMBL1916951,Cc1ccc(S(=O)(=O)NC(=O)c2cccnc2)cc1,'=',18200.0
CHEMBL3265355,Clc1ccc(-c2nn(-c3ccccc3)cc2-c2nnc(-c3ccncc3)o2)cc1,'=',4400.0
CHEMBL3233597,COc1ccc(C2=C(c3ccc(S(N)(=O)=O)cc3)C(=O)NC2=O)cc1,'=',1200.0
CHEMBL3264694,Clc1ccccc1-n1cc(CSc2nc3ccccc3o2)nn1,'=',3530.0
CHEMBL3234231,COC(=O)/C(=C/c1ccc2ccccc2c1)CSc1nc2ccccc2s1,'=',2930.0
CHEMBL3234225,COC(=O)/C(=C/c1ccc(OC)cc1)CSc1nc2ccccc2o1,'=',4760.0
CHEMBL4452428,N#Cc1c(/N=C/c2ccccc2)c(C(=O)Nc2ccc(Br)cc2)n2c1CCC2,'=',1490.0
CHEMBL4747094,NS(=O)(=O)c1ccc(-n2nc(C(=O)O)cc2-c2ccc(Cl)s2)cc1,'=',400.0
CHEMBL3400662,CCC(C)C(=O)O[C@@]12[C@H](OC(C)=O)[C@@H](C)[C@@]3(O)[C@@H](C(=O)C(CO)=C[C@]4(O)C(=O)C(C)=C[C@@H]34)[C@@H]1C2(C)C,'>',50000.0
CHEMBL3410338,NS(=O)(=O)c1ccc(N2N=C3c4ccccc4CCC3C2c2ccccc2)cc1,'=',8340.0
CHEMBL3402318,COc1ccc2cc(C(C)c3nc4s/c(=C\c5ccc(C(C)C)cc5)c(=O)n4n3)ccc2c1,'>',100000.0
CHEMBL1242275,c1ccc(-c2nnc(-c3cn(-c4ccccc4)nc3-c3ccccc3)o2)cc1,'=',1500.0
CHEMBL361504,CCc1onc(-c2ccccc2)c1-c1ccccc1,'=',1490.0
CHEMBL1950014,Cc1ccnc(C(=O)c2[nH]c3ccc(OC(F)(F)F)cc3c2CC(=O)O)c1,'=',39.6
CHEMBL1950020,O=C(O)Cc1c(C(=O)c2cc3c(cn2)CCCC3)[nH]c2cc(Cl)ccc12,'=',19.2
CHEMBL4443350,S=c1nc(-c2ccccc2)cc(-c2cn(-c3ccccc3)nc2-c2ccc(OCc3ccccc3)cc2)[nH]1,'=',1000.0
CHEMBL3397727,CCCC/C(=C\c1cc(OCC2CCC(C(F)(F)F)CC2)ccc1OCc1ccc(C(F)(F)F)cc1)C(=O)O,'>',10000.0
CHEMBL3410353,NS(=O)(=O)c1ccc(N2N=C3c4ccccc4CCC3C2c2ccc(Cl)cc2Cl)cc1,'=',32260.0
CHEMBL4465261,CCOc1ccc(-c2cc(C(=O)N3CCOCC3)nn2-c2ccc(S(N)(=O)=O)cc2)cc1,'=',2990.0
CHEMBL4473603,NS(=O)(=O)c1ccc(-n2nc(C(=O)OCCCN3CCOCC3)cc2-c2ccccc2)cc1,'=',560.0
CHEMBL4440769,COc1ccc(-c2cc(C(=O)NCCN3CCOCC3)nn2-c2ccc(S(N)(=O)=O)cc2)cc1,'=',870.0
CHEMBL271572,Cn1cccc1CCNc1cc(C(F)(F)F)nc(-c2ccc(S(C)(=O)=O)cc2)n1,'=',3980.0
CHEMBL3264699,Fc1ccccc1-n1cc(CSc2nc3ccccc3o2)nn1,'=',2400.0
CHEMBL3322419,COc1ccc(C2=NCCN2c2ccc(S(N)(=O)=O)cc2)cc1Cl,'=',6200.0
CHEMBL3918044,COc1ccc(C2CC(C(C)(C)C)=NN2c2ccc(C(=O)O)cc2)cc1,'>',100000.0
CHEMBL3922249,CC(C)(C)C1=NN(c2ccc(C(=O)O)cc2)C(c2ccccc2Br)C1,'>',100000.0
CHEMBL3909725,CC(C)(C)C1=NN(c2ccc(C(=O)O)cc2)C(c2ccccc2Cl)C1,'>',100000.0
CHEMBL3912663,CC(C)(C)C1=NN(c2ccc(C(=O)O)cc2)C(c2cccc(Cl)c2)C1,'>',100000.0
CHEMBL3908967,CC(C)(C)C1=NN(c2ccc(C(=O)O)cc2)C(c2ccc(Br)cc2)C1,'>',100000.0
CHEMBL1917099,CC(C)(C)c1ccc(S2=NS(=O)(=O)c3cc([N+](=O)[O-])ccc32)cc1,'=',270.0
CHEMBL1917102,O=[N+]([O-])c1ccc2c(c1)S(=O)(=O)N=S2c1ccc(-c2ccccc2)cc1,'=',500.0
CHEMBL1630234,Nc1c(Cl)ccc2c1C=C(C(=O)O)C(C(F)(F)F)O2,'=',1480.0
CHEMBL1630238,Cc1ccccc1-c1c(Cl)ccc2c1C=C(C(=O)O)C(C(F)(F)F)O2,'=',1980.0
CHEMBL4878968,Nc1ccccc1Nc1ccccc1C(=O)NCCc1c[nH]c2ccccc12,'=',1210.0
CHEMBL4857659,CN(C)c1ccc(Nc2ccccc2C(=O)NCCc2c[nH]c3ccccc23)cc1,'=',1430.0
CHEMBL4450248,O=C(/C=C/C1=Cc2ccccc2OC1)c1ccc(F)cc1,'=',370.0
CHEMBL4533060,COc1ccc(C(=O)/C=C/C2=Cc3ccccc3OC2)cc1,'=',460.0
CHEMBL4567855,COc1ccc(C(=O)/C=C/C2=Cc3c(ccc4ccccc34)OC2)cc1,'=',380.0
CHEMBL4440974,NS(=O)(=O)c1ccc(-n2nc(C(=O)N3CCSCC3)cc2-c2cccc(Cl)c2)cc1,'=',210.0
CHEMBL4552101,NS(=O)(=O)c1ccc(-n2nc(C(=O)NCCN3CCOCC3)cc2-c2ccc(F)cc2)cc1,'=',160.0
CHEMBL3410347,NS(=O)(=O)c1ccc(N2N=C3c4ccccc4CCC3C2c2ccccc2Cl)cc1,'=',4920.0
CHEMBL3410349,NS(=O)(=O)c1ccc(N2N=C3c4ccccc4CCC3C2c2cccc(Br)c2)cc1,'=',3480.0
CHEMBL3402332,COc1ccc2cc(C(C)c3nc4s/c(=C\c5ccc(C)s5)c(=O)n4n3)ccc2c1,'=',20500.0
CHEMBL4800072,Nc1cc(-c2ccco2)nn1-c1ccc(C(=O)O)cc1,'>',100000.0
CHEMBL4084676,O=C(O)C1=Cc2cc(S(F)(F)(F)(F)F)cc(Br)c2O[C@@H]1C(F)(F)F,'=',8.0
CHEMBL4081499,O=C(O)C1=Cc2ccc(S(F)(F)(F)(F)F)cc2OC1C(F)(F)F,'>',10000.0
CHEMBL4062140,O=C(O)C1=Cc2cc(S(F)(F)(F)(F)F)ccc2O[C@H]1C(F)(F)F,'=',302.0
CHEMBL4067108,Cc1c(C2=C(N=O)Sc3ccccc3N2)cnn1-c1ccccc1,'=',1830.0
CHEMBL4077764,Cc1c(-c2nc3ccccc3nc2N=O)cnn1-c1ccccc1,'=',6600.0
CHEMBL4064047,Cc1c(C(=O)c2conc2C(=O)c2cnn(-c3ccccc3)c2C)cnn1-c1ccccc1,'=',4500.0
CHEMBL4077191,Cc1ccc(-c2nnc(-c3cnn(-c4ccccc4)c3C)c3nocc23)cc1,'=',1280.0
CHEMBL3425979,CCOC1(c2ccc(O)c(O)c2)Oc2ccc(CCO)cc2OC1O,'=',6040.0
CHEMBL3402594,Cc1c(CC(=O)NC(C)C)cc(-c2ccc(S(C)(=O)=O)cc2)n1-c1cccc(F)c1,'=',7000.0
CHEMBL2160145,O=C1CSC(N2N=C(c3ccc(Cl)c(Cl)c3)CC2c2ccc(Br)cc2)=N1,'=',7600.0
CHEMBL3309446,NS(=O)(=O)c1ccc(N2N=C(C(F)(F)F)CC2c2ccc3c(c2)OCO3)cc1,'=',15.0
CHEMBL3309825,O=S(=O)(c1ccccc1)N1N=C(C(F)(F)F)CC1c1cccc2c1OCCO2,'=',27090.0
CHEMBL293229,OCc1ccc(-c2ccsc2-c2ccc(F)cc2)cc1,'>',30000.0
CHEMBL4063273,COc1cc(/C=C/C(=O)c2ccc(Nc3nc(N4CCOCC4)nc(N4CCOCC4)n3)cc2)cc(OC)c1OC,'=',870.0
CHEMBL4791001,COC(=O)CC1N(C(=O)Nc2nnc(C)s2)C(=O)c2ccccc2S1(=O)=O,'=',799900.0
CHEMBL4799825,COC(=O)CC1NC(=O)c2ccccc2S1(=O)=O,'=',275800.0
CHEMBL4754793,COC(=O)CC1N(C(=O)Nc2ncc(C)s2)C(=O)c2ccccc2S1(=O)=O,'=',194000.0
CHEMBL3289927,CCOC(OCC)c1ccc(/C=C2\CN(C)C/C(=C\c3ccc(C(OCC)OCC)cc3)C2=O)cc1,'=',38210.0
CHEMBL1079335,O=S(=O)(Nc1ccncc1Nc1cccc(Br)c1)C(F)(F)F,'=',120.0
CHEMBL3309823,O=S(=O)(c1ccccc1)N1N=C(C(F)(F)F)CC1c1ccc2c(c1)OCCO2,'=',1970.0
CHEMBL3322420,NS(=O)(=O)c1ccc(N2CCN=C2c2ccc(F)c(F)c2)cc1,'=',6700.0
CHEMBL2333755,CCN(CC)C(=O)/C=C/c1c(/C=C/c2ccc(OC)cc2)cc(OC)cc1OC,'=',4670.0
CHEMBL4455511,CCc1ccc(-n2cc(CNC(=O)C(=O)c3cc4ccccc4[nH]3)nn2)cc1,'=',120.0
CHEMBL4471323,CCC1SCC(=O)N1c1c(C#N)c2n(c1C(=O)Nc1ccccc1)CCC2,'=',10790.0
CHEMBL4528233,CCC1SCC(=O)N1c1c(C#N)c2n(c1C(=O)Nc1ccc(Cl)cc1)CCC2,'=',1150.0
CHEMBL4440531,CCO/C=N/c1nnc(-c2ccccc2)o1,'=',110.0
CHEMBL2023860,COc1ccccc1-c1csc(Nc2ccc3c(c2)OCO3)n1,'=',930.0
CHEMBL1907465,COc1ccccc1-c1csc(Nc2ccc(Oc3ccccc3)cc2)n1,'>',5000.0
CHEMBL2283156,CCCCCCCC(=C(c1ccccc1)c1ccccc1)c1ccc(S(C)(=O)=O)cc1,'=',150.0
CHEMBL2283181,CCCC/C(=C(\c1ccccc1)c1ccc(N=[N+]=[N-])cc1)c1ccccc1,'=',1000.0
CHEMBL2283178,C/C(=C(\c1ccccc1)c1ccc(NS(C)(=O)=O)cc1)c1ccccc1,'=',33100.0
CHEMBL3325870,Cc1nn(-c2ccccc2)c(Cl)c1/C=N/Nc1nc2ccccc2[nH]c1=O,'=',32000.0
CHEMBL4797489,C/C(=N\Nc1nc(-c2ccc(Cl)cc2)cs1)c1nnn(-c2ccc(C(=O)O)cc2)c1C,'=',70.0
CHEMBL4750050,Fc1cccc(COc2nc3ccccc3s2)c1,'=',280.0
CHEMBL1275971,CC(C(=O)O)c1ccc(C[C@@H]2CCC[C@@H]2O)cc1Br,'=',34000.0
CHEMBL149781,CC(=O)NCc1cc(-n2nc(C(F)(F)F)cc2-c2ccc(C)cc2)ccc1S(N)(=O)=O,'=',6850.0
CHEMBL601015,CS(=O)(=O)c1ccc(-n2nc(C(F)(F)F)cc2C2=CCN(CCCCO[N+](=O)[O-])CC2)cc1,'=',12800.0
CHEMBL1086883,O=C(Nc1ccc(-c2ccc(Cl)cc2Cl)cc1)C1=C(O)c2ccccc2S(=O)(=O)N1,'>',74800.0
CHEMBL1078378,CCc1cccc(Nc2cnccc2NS(C)(=O)=O)c1,'>',100000.0
CHEMBL4444717,Cc1nc(C)c(CN2CCN(C(=O)c3cc4cc(Cl)ccc4n3Cc3ccc(Cl)cc3)CC2)nc1C,'=',21.86
CHEMBL2315015,COc1ccc2cc([C@H](C)C(=O)OCCn3c4ccccc4c(=O)c4ccccc43)ccc2c1,'=',6800.0
CHEMBL4473089,CCCCn1c(C)c2c(c1C)C(=O)N(CN1CCN(c3ccccc3F)CC1)C2=O,'=',44000.0
CHEMBL4559331,NS(=O)(=O)c1ccc(-c2nnnn2-c2ccc(CCO)cc2)cc1,'=',99000.0
CHEMBL4588254,NS(=O)(=O)c1ccc(-c2nnnn2-c2ccc(CO)cc2)cc1,'=',24000.0
CHEMBL5280391,CC1=NN(c2ccccc2)C(=O)/C1=N/Nc1cccc(-c2nc3ccccc3s2)c1,'=',100.0
CHEMBL5266991,C=C1c2nc3ccccc3n2CC(c2ccc(S(C)(=O)=O)cc2)N1c1cc(OC)c(OC)c(OC)c1,'=',110.0
CHEMBL5279915,Cc1cc(-c2ccccc2)n(-c2nc3c(cnn3-c3ccccc3)c(=O)n2-c2ccccc2)n1,'=',870.0
CHEMBL4527978,CC/C=N/c1c(C#N)c2n(c1C(=O)Nc1ccccc1)CCC2,'=',52970.0
CHEMBL4537621,COc1ccc2cc(CCS(C)(=O)=O)ccc2c1,'=',10000.0
CHEMBL2063734,CC(C(=O)O)c1ccc(OC2CCCC2)cc1F,'=',26300.0
CHEMBL2041555,O=C(O)c1cccc(Nc2ccc(C(F)(F)F)cc2[N+](=O)[O-])c1,'>',100000.0
CHEMBL1288772,Cc1c(Cl)cc2c(c1C)OC(C(F)(F)F)C(C(=O)O)=C2,'=',120.0
CHEMBL4794203,C/C(=N\NC(N)=S)c1nnn(-c2ccc(Cl)cc2)c1C,'=',240.0
CHEMBL4061105,Cc1c(C(=O)NCCc2ccccc2)nc2ccc(Cl)cc2c1O,'=',2540.0
CHEMBL4789246,Cc1csc(NC(=O)N2C(=O)c3ccccc3S(=O)(=O)C2C)n1,'=',291800.0
CHEMBL4796006,Cc1cccc(NC(=O)N2C(=O)c3ccccc3S(=O)(=O)C2C)n1,'=',494900.0
CHEMBL4449420,Nc1onc(-c2ccc([N+](=O)[O-])cc2)c1-c1ccc(F)cc1,'>',50000.0
CHEMBL4867038,CCCCOc1nc(-c2ccc(F)cc2)c(-c2ccc(S(C)(=O)=O)cc2)cc1CO,'=',49.0
CHEMBL1630255,CC(C)CN(C)c1cc2c(cc1Cl)C=C(C(=O)O)[C@H](C(F)(F)F)O2,'=',85.0
CHEMBL1630256,CC(C)CN(C)c1cc2c(cc1Cl)C=C(C(=O)O)[C@@H](C(F)(F)F)O2,'=',870.0
CHEMBL4872034,O=C(NCCc1c[nH]c2ccccc12)c1ccccc1Nc1cccc(F)c1,'>',40000.0
CHEMBL4858939,O=C(NCCc1c[nH]c2ccccc12)c1ccccc1Nc1ccc(Cl)cc1,'=',3980.0
CHEMBL4873475,O=C(NCCc1c[nH]c2ccccc12)c1ccccc1Nc1ccc(C(F)(F)F)cc1,'>',40000.0
CHEMBL4861158,COc1cc(Nc2ccccc2C(=O)NCCc2c[nH]c3ccccc23)cc(OC)c1OC,'=',8290.0
CHEMBL4204840,COc1ccc(-c2nc3cc(NC(=O)c4cccc(Cl)c4)ccc3o2)cc1OC,'=',1390.0
CHEMBL16826,CC(C)(C)c1cc(-c2nnc(N=C(N)N)s2)cc(C(C)(C)C)c1O,'=',17000.0
CHEMBL4471266,CS(=O)(=O)c1ccc(Cc2nnnn2-c2ccc(CO)cc2)cc1,'=',38000.0
CHEMBL17062,Cc1nc(-c2ccc(S(N)(=O)=O)cc2)c(-c2ccccc2)s1,'=',29.0
CHEMBL302527,C=CCn1cc(-c2ccc(F)cc2)c(-c2ccc(S(C)(=O)=O)cc2)n1,'>',100000.0
CHEMBL4088012,CCCCc1cc(S(F)(F)(F)(F)F)cc2c1OC(C(F)(F)F)C(C(=O)O)=C2,'=',190.0
CHEMBL4062843,CN(C)/C=C/C(=O)c1ccc(Nc2nc(N3CCOCC3)nc(N3CCOCC3)n2)cc1,'=',550.0
CHEMBL4089144,COc1cc(C2CC(c3ccc(Nc4nc(N5CCCCC5)nc(N5CCCCC5)n4)cc3)=NN2C(C)=O)cc(OC)c1OC,'=',690.0
CHEMBL4104574,CC(=O)c1ccc(Nc2nc(N3CCCCC3)nc(N3CCCCC3)n2)cc1,'=',2410.0
CHEMBL428710,CS(=O)(=O)c1ccc(C2=C(c3cc(Cl)ccn3)C(=O)CC2)cc1,'=',190.0
CHEMBL410419,CC1(C)OC(=O)C(Nc2ccccc2)=C1c1ccc(S(C)(=O)=O)cc1,'=',500.0
CHEMBL318678,c1ccc(-c2ccsc2-c2ccccc2)cc1,'>',300000.0
CHEMBL173169,CS(=O)(=O)c1ccc(-c2cc(O)ccc2-c2ccccc2)cc1,'=',147000.0
CHEMBL3977032,CCC(C(=O)N1CCN(c2ccccc2)CC1)n1sc2nc(C)cc(C)c2c1=O,'=',343600.0
CHEMBL1290321,O=C(O)C1=Cc2cc(Cl)cc(C#Cc3ccccc3)c2OC1C(F)(F)F,'=',140.0
CHEMBL67581,COc1ccc(-n2nc(C(=O)CCCO[N+](=O)[O-])cc2-c2ccc(S(C)(=O)=O)cc2)cc1,'=',2500.0
CHEMBL5290170,COc1ccc2c(c1)c(Cc1nonc1O)c(C)n2C(=O)c1ccccc1,'>',100000.0
CHEMBL5181965,NS(=O)(=O)c1ccc(-n2nc3ccccc3c2-c2ccc([18F])cc2)cc1,'=',400.0
CHEMBL597733,Cc1ccc(-c2c(-c3ccc(S(C)(=O)=O)cc3)cn3c2CCC3)cc1,'=',5.0
CHEMBL1221730,CCC(=C(c1ccccc1)c1ccccc1)c1ccc(S(C)(=O)=O)cc1,'=',1200.0
CHEMBL5266357,N#Cc1c(-c2ccc(Cl)cc2)csc1NC(=O)CN1CCOCC1,'=',5450.0
CHEMBL5198267,CC1=NN(c2ccccc2C(=O)O)C(=O)/C1=N/Nc1ccc(S(N)(=O)=O)cc1,'=',720.0
CHEMBL5274157,CSc1nn(-c2ccc(S(C)(=O)=O)cc2)c2ncnc(NCC(=O)/N=C/c3ccco3)c12,'=',100.0
CHEMBL313048,CS(=O)(=O)c1ccc([C@@H](CO)[C@H](C(=O)O)c2ccccc2)cc1,'>',33000.0
CHEMBL369492,CN1C(O)=C(C(=O)Nc2ccc(Cl)cc2)c2cc(Cl)ccc2S1(=O)=O,'=',64.0
CHEMBL3746930,NS(=O)(=O)c1ccc(N2N=C(c3ccco3)CC2c2ccccc2)cc1,'=',3890.0
CHEMBL280009,CC1(O)OC(=O)C(c2ccc(F)c(F)c2)=C1c1ccc(S(C)(=O)=O)cc1,'=',200.0
CHEMBL2087935,NS(=O)(=O)c1ccc(NN2C(=O)CSC2c2ccccc2)cc1,'=',78200.0
CHEMBL338371,Cc1cc(=O)c(-c2ccc3c(c2)CCCC3)c(-c2ccc(S(C)(=O)=O)cc2)o1,'>',10000.0
CHEMBL126743,Cc1cc(=O)c(Oc2ccc(C(F)(F)C(F)(F)F)cc2)c(-c2ccc(S(C)(=O)=O)cc2)o1,'>',10000.0
CHEMBL89392,CS(=O)(=O)c1ccc([C@H]2COC(=O)[C@H]2c2ccccc2)cc1,'>',100000.0
CHEMBL399198,COc1ccc2c(c1)c(CC(=O)NCC(C)(C)CO[N+](=O)[O-])c(C)n2C(=O)c1ccc(Cl)cc1,'=',1200.0
CHEMBL429796,COc1ccc2c(c1)c(CCOC(=O)NS(=O)(=O)NCCCO[N+](=O)[O-])c(C)n2C(=O)c1ccc(Cl)cc1,'>',100000.0
CHEMBL2023649,O=C(O)Cc1cnc(C(=O)c2ccc(NC(=O)c3ccc(Cl)c(Cl)c3)cc2)c2ccccc12,'>',10000.0
CHEMBL2023859,Clc1ccccc1-c1csc(Nc2ccc3c(c2)OCO3)n1,'=',910.0
CHEMBL2023858,COc1ccc(-c2csc(Nc3ccc(C)cc3)n2)cc1,'=',810.0
CHEMBL1622194,COc1ccc(Nc2nc(-c3ccc(OC)cc3)cs2)cc1,'=',1370.0
CHEMBL4569865,CCOc1ccc(-c2cc(C(=O)OCCCN3CCOCC3)nn2-c2ccc(S(N)(=O)=O)cc2)cc1,'=',7640.0
CHEMBL4571604,C(=N/Nc1nnc(-c2ccncc2)o1)\c1ccccc1,'=',430.0
CHEMBL29620,NS(=O)(=O)c1ccc(-n2nc(C(F)(F)F)cc2-c2cccc(F)c2)cc1,'=',7730.0
CHEMBL170180,CS(=O)(=O)c1ccc(-c2ccc([N+](=O)[O-])cc2-c2ccccc2)cc1,'=',44000.0
CHEMBL190011,COC1(c2cc(-c3ccc(S(C)(=O)=O)cc3)n(-c3ccc(C)cc3)n2)CCCO1,'=',1200.0
CHEMBL279755,CNc1nnc(-c2cc(C(C)(C)C)c(O)c(C(C)(C)C)c2)s1,'=',9600.0
CHEMBL442548,CS(=O)(=O)Nc1ccc(-c2cc(C(F)(F)F)nn2-c2ccc(F)cc2)cc1,'=',760.0
CHEMBL149076,Cc1csc2nc(-c3ccccc3)c(-c3ccc(S(C)(=O)=O)cc3)n12,'=',3000.0
CHEMBL72294,Cc1ccc(-n2c(-c3ccc(S(N)(=O)=O)cc3)c(C)oc2=O)cc1,'=',1700.0
CHEMBL45331,Cc1cc(-c2ccc(NS(C)(=O)=O)cc2)n(-c2ccc(Br)cc2)n1,'=',770.0
CHEMBL376143,CCS(=O)(=O)Nc1ccncc1Oc1ccccc1,'=',14110.0
CHEMBL2171253,C[C@H](C(=O)O)c1ccc2c3cc(Cl)ccc3n(C(=O)c3cocn3)c2c1,'=',2500.0
CHEMBL4177185,CS(=O)(=O)c1ccc2c(c1)c1c(n2S(=O)(=O)c2ccc(Cl)cc2)CCCC1,'=',340.0
CHEMBL4165597,CS(=O)(=O)c1ccc2c(c1)c1c(n2C(=O)c2ccc(Cl)cc2)CCCC1,'=',810.0
CHEMBL4159797,O=C(NCCOc1nc(Cl)nc(Nc2ccc(N3CCOCC3=O)cc2)n1)C1CCCN1C(=O)OCc1ccccc1,'=',6000.0
CHEMBL1814709,CC(C(=O)[O-])c1ccc(CC2CCCC2=O)cc1[N+](=O)[O-].[Na+],'=',49000.0
CHEMBL1684148,C=CCOc1c(OC)cc2oc(C)cc(=O)c2c1O,'=',18010.0
CHEMBL3906921,CC(C)(C)C1=NN(c2ccc(C(=O)O)cc2)C(c2ccccc2F)C1,'>',100000.0
CHEMBL5182027,N.O=C(O)c1cc(-c2ccc(CNc3ccc(Br)cc3)o2)ccc1O,'=',35000.0
CHEMBL5190903,CCOC(=O)c1c(O)ccc2ccn(C)c12,'>',380000.0
CHEMBL4096865,Cc1ccc(NC(=O)c2c(N=Cc3cccnc3)c(C#N)c3n2CCC3)cc1,'=',160.0
CHEMBL3973623,CC(=O)c1ccc(C(=O)O)c(Nc2ccccc2C(=O)O)c1,'>',100000.0
CHEMBL4434843,COc1ccc2c(c1)c(Cc1nonc1O)c(C)n2C(=O)c1ccc(Cl)cc1,'>',100000.0
CHEMBL4441218,CCOc1ccc(-c2cc(C(=O)OCCN3CCOCC3)nn2-c2ccc(S(N)(=O)=O)cc2)cc1,'=',1110.0
CHEMBL175,CC(C)Cc1ccc([C@H](C)C(=O)O)cc1,'=',730.0
CHEMBL4454204,Cc1ccc(-n2cc(COc3ccc(/C=C4\SC(=S)NC4=O)cc3)nn2)cc1,'=',410.0
CHEMBL1903990,COc1ccc(-c2csc(Nc3ccc(Oc4ccccc4)cc3)n2)cc1,'>',5000.0
CHEMBL1955883,O=C(N[C@@H](CS)C(=O)N[C@@H](CO)C(=O)O)c1ccc(F)cc1,'=',15000.0
CHEMBL1957571,O=C(O)C[C@H](NC(=O)[C@H](CS)NC(=O)c1ccc(F)cc1)C(=O)O,'=',14000.0
CHEMBL4545249,COc1ccc(-c2cc(C(=O)N3CCOCC3)nn2-c2ccc(S(N)(=O)=O)cc2)cc1,'=',2010.0
CHEMBL295707,COCc1cccc(-c2nc(C(F)(F)F)cn2-c2ccc(S(C)(=O)=O)cc2)c1,'=',68100.0
CHEMBL4072244,N#Cc1c(N=Cc2cccs2)c(C(=O)Nc2ccc(Cl)cc2)n2c1CCC2,'=',360.0
CHEMBL2160139,Cc1cccc(C2CC(c3ccc(C)c(C)c3)=NN2C2=NC(=O)CS2)c1,'=',2700.0
CHEMBL2159921,Cc1ccc(C2=NN(C3=NC(=O)CS3)C(c3ccccc3)C2)cc1C,'=',500.0
CHEMBL4438502,O=C1NC(=S)S/C1=C\c1ccc(OCc2cn(CC(=O)c3ccc(Br)cc3)nn2)cc1,'=',110.0
CHEMBL4515463,Cc1ccc(-c2cc(C(=O)N3CCSCC3)nn2-c2ccc(S(N)(=O)=O)cc2)cc1,'=',890.0
CHEMBL4857562,Cc1ccccc1-c1cc(C)n(S(=O)(=O)Oc2ccccc2)n1,'=',11130.0
CHEMBL1095380,O=C(O)c1cc(/C=C/c2ccc(O)cc2)ccc1O,'>',500000.0
CHEMBL1958350,COc1ccc2c(c1)c(CC(=O)Oc1ccc(CCO)cc1)c(C)n2C(=O)c1ccc(Cl)cc1,'=',4600.0
CHEMBL3576985,COC(=O)CNC(=O)[C@@H](Cc1c[nH]c2ccccc12)NC(=O)C(=O)c1cn(S(=O)(=O)c2ccc(C)cc2)c2ccccc12,'=',10310.0
CHEMBL3576977,COC(=O)CNC(=O)CNC(=O)C(=O)c1cn(S(=O)(=O)c2ccc(C)cc2)c2ccccc12,'=',10340.0
CHEMBL16171,COc1c(O)cc(O)c2c(=O)cc(-c3ccccc3)oc12,'=',46000.0
CHEMBL4643198,CC[C@H](C)[C@H](Nc1nc(Cl)nc(Nc2ccc(N3CCOCC3=O)cc2)n1)C(=O)OC,'=',6000.0
CHEMBL2063732,CC(C(=O)O)c1ccc(OC2CCCC2=O)cc1F,'=',24100.0
CHEMBL1946749,O=C(O)Cc1c(-c2ccccc2)n(C(=O)c2ccc(Cl)cc2)c2ccccc12,'>',400000.0
CHEMBL2333733,COc1ccc(/C=C/c2cc(OC)cc(OC)c2/C=C/C(=O)N2CC(C)CC(C)C2)cc1,'=',1980.0
CHEMBL91832,CC1(C)C(=O)C(c2ccc(F)cc2)=C1c1ccc(S(C)(=O)=O)cc1,'=',5.0
CHEMBL155185,CS(=O)(=O)c1ccc(-n2nc(-c3ccc(F)cc3)c3c2CCCC3)cc1,'>',10000.0
CHEMBL213326,COc1ccc(/N=N/c2ccc(S(N)(=O)=O)cc2)cc1OC,'=',4280.0
CHEMBL2334141,CCCCNC(=O)/C=C/c1c(/C=C/c2ccc(OC)cc2)cc(OC)cc1OC,'=',1020.0
CHEMBL361472,Cc1ccc(-c2nn3ncccc3c2-c2ccc(S(C)(=O)=O)cc2)cc1,'=',17.0
CHEMBL4065185,N#Cc1c(N=Cc2ccco2)c(C(=O)Nc2ccc(Cl)cc2)n2c1CCC2,'=',450.0
CHEMBL319284,CS(=O)(=O)c1ccc(-c2cc(CCC(=O)O)sc2-c2ccc(F)cc2)cc1,'>',300000.0
CHEMBL2283161,CC(C)Oc1ccc(-c2ccc(/C(=C\c3ccc(S(C)(=O)=O)cc3)C(=O)O)cc2)cc1,'=',320.0
CHEMBL2283152,CCCCC(=C(c1ccccc1)c1ccccc1)c1ccccc1,'=',7900.0
CHEMBL2283179,CS(=O)(=O)Nc1ccc(/C(=C(\c2ccccc2)C2CCCCC2)c2ccccc2)cc1,'>',100000.0
CHEMBL420987,CC1(C)C(=O)C(c2ccccc2)=C1c1ccc(S(C)(=O)=O)cc1,'=',2.8
CHEMBL2347670,CS(=O)(=O)c1ccc(-c2[nH]c(S(C)(=O)=O)nc2-c2ccc(Cl)cc2)cc1,'=',310.0
CHEMBL4282434,CS(=O)(=O)c1ccc(-c2c(-c3ccc(F)cc3)noc2C(=O)c2ccccc2)cc1,'>',100000.0
CHEMBL2158359,COc1ccc(NC(=O)C(C)Oc2cc(=O)oc3ccccc23)cc1,'=',38710.0
CHEMBL2158361,CC(Oc1cc(=O)oc2ccccc12)C(=O)N1CCCC1,'=',0.0
CHEMBL3098650,O=C(CSc1nnc(-c2ccncc2)o1)N/N=C/c1ccc([N+](=O)[O-])cc1,'=',38.0
CHEMBL299765,CS(=O)(=O)c1ccc(C2=C(c3ccc(F)c(F)c3)C(=O)N(c3ccccc3)C2)cc1,'=',1000.0
CHEMBL3601279,Cc1ccc(-c2c(Cl)c(CO[N+](=O)[O-])nn2-c2ccc(S(N)(=O)=O)cc2)cc1,'=',280.0
CHEMBL3601278,Cc1ccc(-c2cc(CCl)nn2-c2ccc(S(N)(=O)=O)cc2)cc1,'=',970.0
CHEMBL361563,CS(=O)(=O)Nc1cc2c(cc1Sc1cccc(F)c1F)C(=O)CC2,'=',50.0
CHEMBL5275892,CS(=O)(=O)c1ccc(C(=O)/C=C/c2ccc(Cl)c(Cl)c2)cc1,'=',180.0
CHEMBL5277159,COc1ccc(C2=NN(C(N)=O)C(c3cn(-c4ccccc4)nc3-c3ccccc3)C2)cc1,'=',1090.0
CHEMBL5286360,COc1ccc(C2=NN(C(N)=O)C(c3cn(-c4ccccc4)nc3-c3ccc(F)cc3)C2)cc1,'=',1090.0
CHEMBL5273343,CCCCNc1cc(-c2n[nH]c(=S)o2)cc(S(N)(=O)=O)c1Oc1ccccc1,'=',5730.0
CHEMBL5279920,C=CCn1c(-c2ccc(C)cc2)cs/c1=N\NC(=O)c1cc(NCCCC)c(Oc2ccccc2)c(S(N)(=O)=O)c1,'=',1520.0
CHEMBL5275104,CS(=O)(=O)c1ccc(-c2nn(-c3ccc(S(N)(=O)=O)cc3)cc2C=O)cc1,'=',17.0
CHEMBL5288258,NS(=O)(=O)c1ccc(-n2cc(-c3ccc(C(F)(F)F)cc3)nn2)cc1,'=',3324.0
CHEMBL5271933,NS(=O)(=O)c1ccc(C(=O)OCCn2cc(-c3ccc(C(F)(F)F)cc3)nn2)cc1,'=',131.0
CHEMBL5281098,CC1=NN(c2ccc(S(N)(=O)=O)cc2)C(=O)/C1=C\c1c[nH]c2ccccc12,'=',150.0
CHEMBL5290801,CC1=NN(c2ccc(S(N)(=O)=O)cc2)C(=O)/C1=C\c1cccc(OCc2ccccc2)c1,'=',150.0
CHEMBL2391052,Cc1c(/C=N\O)cc(-c2ccc(S(C)(=O)=O)cc2)n1-c1ccc(F)c(F)c1,'=',17300.0
CHEMBL1289128,CCCc1cc(OC(F)(F)F)cc2c1O[C@@H](C(F)(F)F)C(C(=O)O)=C2,'=',1700.0
CHEMBL3596280,COc1ccc([C@H]2C(CN3CCN(c4ccc(OC)cc4)CC3)=NO[C@@H]3CCCC[C@H]23)cc1,'=',1700.0
CHEMBL1210423,COc1cnc(-c2ccc(Cn3c(CC(C)(C)C(=O)[O-])c(SC(C)(C)C)c4cc(OCc5ccc(C)cn5)ccc43)cc2)nc1.[Na+],'>',100000.0
CHEMBL3736014,CS(=O)(=O)c1ccc(C2=NN(c3ccc(C(=O)O)cc3)C(c3ccc(F)cc3)C2)cc1,'=',2840.0
CHEMBL3264688,O=[N+]([O-])c1ccc(-n2cc(CSc3nc4ccccc4o3)nn2)cc1,'=',9870.0
CHEMBL3264689,c1ccc(-n2cc(CSc3nc4ccccc4o3)nn2)cc1,'=',6420.0
CHEMBL3264697,Cc1ccccc1-n1cc(CSc2nc3ccccc3o2)nn1,'=',4680.0
CHEMBL3596285,CC1(C)CC(c2ccc(Cl)cc2)C(CN2CCC(c3noc4cc(F)ccc34)CC2)=NO1,'=',4100.0
CHEMBL3264696,Fc1ccc(-n2cc(CSc3nc4ccccc4o3)nn2)cc1,'=',5210.0
CHEMBL3264702,CCOc1ccc(-n2cc(CSc3nc4ccccc4o3)nn2)cc1,'=',3500.0
CHEMBL3823759,Cc1ccc(-c2cc(C(=O)N/N=C/c3c(Cl)c4ccccc4oc3=O)nn2-c2ccc(S(N)(=O)=O)cc2)c(C)c1,'=',7130.0
CHEMBL3289096,CC(C)=CCC[C@H](C(=O)O)[C@@H]1CC[C@]2(C)C3=C(CC[C@@]12C)[C@@]1(C)CC[C@@H](O)C(C)(C)[C@@H]1CC3,'>',10000.0
CHEMBL3289102,CC(C)[C@@H]1CC[C@]2(C)[C@H](CC=C3[C@@H]4[C@@H](C)[C@H](C)CC[C@]4(C)CC[C@]32C)[C@@]1(C)CCC(=O)O,'>',10000.0
CHEMBL4239213,COc1cccc(-c2cc(COC(=O)COc3cc(O)c4c(=O)cc(-c5ccccc5)oc4c3)nn2-c2ccccc2)c1,'=',1210.0
CHEMBL5184562,O=C(c1cc2cc(Cl)ccc2n1Cc1ccc(F)cc1)N1CCN(c2ccccc2)CC1,'=',23.21
CHEMBL5200916,O=C(c1cc2ccccc2n1Cc1ccc(F)cc1)N1CCN(c2ncccn2)CC1,'=',92.54
CHEMBL5087242,COc1cc(NC(=O)c2ccccc2Nc2cccc(Cl)c2C)cc(OC)c1OC,'=',117440.0
CHEMBL5287123,CC1=c2c(OCc3nnc(SCC(=O)N4CCN(c5ncccn5)CC4)o3)nn(C)c(=O)c2=C(C)C1c1ccccc1,'=',6800.0
CHEMBL5275883,CCCc1ccc(/C=C2\S/C(=N/c3nnc(C)s3)NC2=O)cc1,'=',100.0
CHEMBL5276444,Cc1nnc(/N=C2\NC(=O)/C(=C/c3ccsc3)S2)s1,'=',250.0
CHEMBL5268121,N#Cc1ccc(-c2nc(N3CCOCC3)sc2C(=O)c2cccs2)cc1,'=',90.0
CHEMBL5277910,CCOP(=O)(OCC)C(NC(=O)c1cc(-c2cccc(F)c2)n(-c2ccc(S(N)(=O)=O)cc2)n1)c1ccccc1,'=',280.0
CHEMBL3127309,COc1c(-c2cc(C(F)(F)F)nn2-c2ccc(S(N)(=O)=O)cc2)c(O)c(OC)c2occc12,'=',520.0
CHEMBL3601280,CC(=O)Oc1ccccc1C(=O)OCCCCO[N+](=O)[O-],'=',45000.0
CHEMBL2063730,CC(C(=O)O)c1ccc(NC2CCCC2)cc1F,'=',21300.0
CHEMBL3747566,NS(=O)(=O)c1ccc(N2N=C(C(=O)O)CC2c2cccs2)cc1,'=',1840.0
CHEMBL460615,CCCCCCC(Sc1nc(Cl)cc(NCCOc2ccccc2)n1)C(=O)OCC,'>',10.0
CHEMBL460185,CCCCCCC(Sc1nc(Cl)cc(NCCc2ccccc2)n1)C(=O)O,'>',10.0
CHEMBL1288728,Cc1cc2c(c(C)c1Cl)C=C(C(=O)O)[C@@H](C(F)(F)F)O2,'=',46.0
CHEMBL605820,Cc1c(CC(=O)OC(C)C)cc(-c2ccc(S(C)(=O)=O)cc2)n1-c1ccccc1,'=',2500.0
CHEMBL4873966,Cc1cc(-c2ccc(F)cc2)nn1S(=O)(=O)Oc1ccccc1,'>',10000.0
CHEMBL16828,COc1c(C(C)(C)C)cc(-c2nnc(S)s2)cc1C(C)(C)C,'=',1500.0
CHEMBL2283173,CS(=O)(=O)c1ccc(/C=C(\c2ccccc2)c2ccc(F)c(F)c2)cc1,'=',970.0
CHEMBL4644150,CSc1nc2ccccc2n1-c1csc(NCC(C)=O)n1,'=',69.0
CHEMBL3824071,CCOc1ccc(-c2cc(C(=O)N/N=C/c3c(Cl)c4ccccc4oc3=O)nn2-c2ccc(S(N)(=O)=O)cc2)cc1,'=',8830.0
CHEMBL329292,COc1ccc2c(c1)c(CC(=O)Nc1ccc(-c3ccccc3)cc1)c(C)n2C(=O)c1ccc(Cl)cc1,'=',500.0
CHEMBL4644265,COC(=O)[C@H](Cc1ccc(O)cc1)n1cc(COc2nc(Cl)nc(N3CCOCC3)n2)nn1,'=',3000.0
CHEMBL318881,COc1ccc2c(c1)c(CC(=O)Oc1ccc(F)cc1)c(C)n2C(=O)c1ccc(Cl)cc1,'=',75.0
CHEMBL404607,COc1cc(/C=N/c2ccc(S(N)(=O)=O)cc2)cc(OC)c1OC,'=',2930.0
CHEMBL417894,CS(=O)(=O)c1ccc(-c2nc(C(F)(F)F)cn2-c2ccc(F)cc2)cc1,'=',5850.0
CHEMBL4571917,Clc1ccc(/C=N/c2nnc(-c3ccccc3)o2)cc1,'=',300.0
CHEMBL4173526,CS(=O)(=O)c1ccc2c(c1)c1c(n2Cc2ccc(Cl)cc2)CCCC1,'=',280.0
CHEMBL29847,Cc1ccc(-c2cc(C(F)F)nn2-c2ccc(S(N)(=O)=O)cc2)o1,'=',3290.0
CHEMBL2283163,CC(C)Oc1ccc(-c2cccc(/C(=C\c3ccc(S(C)(=O)=O)cc3)C(=O)O)c2)cc1,'>',100000.0
CHEMBL2283176,CCCC/C(=C(\c1ccccc1)c1ccc(NS(C)(=O)=O)cc1)c1ccccc1,'=',320.0
CHEMBL2334137,COc1ccc(/C=C/c2cc(OC)cc(OC)c2/C=C/C(=O)N2CCCC(C)C2)cc1,'=',7090.0
CHEMBL155898,CS(=O)(=O)c1ccc(-c2cnn(Cc3ccccc3)c(=O)c2OCC2CC2)cc1,'=',3.0
CHEMBL4086242,CCCCCCCCCCCCCCCCCC(=O)c1c(O)c(-c2ccc(O)cc2)c[nH]c1=O,'>',10000.0
CHEMBL101503,CS(=O)(=O)c1ccc(-c2ccccc2-c2ccccc2)cc1,'=',11000.0
CHEMBL106203,CCc1cccc(-c2ccc(C(C)C(=O)O)cc2)c1,'=',2400.0
CHEMBL329688,COc1ccc(C2SCC(=O)N2CCN2C(=O)CSC2c2ccc(OC)cc2)cc1,'=',1120.0
CHEMBL353688,CS(=O)(=O)c1ccc(-c2ccccc2-c2cccnc2)cc1,'=',87000.0
CHEMBL2334134,C=CCN(CC=C)C(=O)/C=C/c1c(/C=C/c2ccc(OC)cc2)cc(OC)cc1OC,'=',8010.0
CHEMBL2334143,CCCCCCCCNC(=O)/C=C/c1c(/C=C/c2ccc(OC)cc2)cc(OC)cc1OC,'=',20090.0
CHEMBL24407,COc1ccc2c(c1)c(Cc1nc(-c3cccc(Br)c3)cs1)c(C)n2C(=O)c1ccc(Cl)cc1,'=',8.0
CHEMBL4168891,NS(=O)(=O)c1ccc(N2N=C(c3ccc(N4CCOCC4)cc3)CC2c2ccc(F)cc2F)cc1,'=',80.0
CHEMBL295416,Cc1cccc(Nc2cc(Cl)nc(SCC(=O)O)n2)c1C,'>',10.0
CHEMBL538919,C[C@@H]1O[C@@H](O[C@H]2[C@H](O)[C@@H](O)[C@H](OC[C@H]3O[C@@H](OC(=O)[C@]45CCC(C)(C)C[C@H]4C4=CC[C@@H]6[C@@]7(C)CC[C@H](O[C@@H]8OC[C@H](O)[C@H](O)[C@H]8O)[C@@](C)(CO)[C@@H]7CC[C@@]6(C)[C@]4(C)CC5)[C@H](O)[C@@H](O)[C@@H]3O)O[C@@H]2CO)[C@H](O)[C@H](O)[C@H]1O,'>',50000.0
CHEMBL3905241,Cc1cc(C)c2c(=O)n(CCCC(=O)O)sc2n1,'=',269153.48
CHEMBL276062,CCSc1nnc(-c2cc(C(C)C)c(O)c(C(C)C)c2)s1,'>',20000.0
CHEMBL3104556,Cc1c(CC(=O)NCCO[N+](=O)[O-])cc(-c2ccc(S(C)(=O)=O)cc2)n1-c1ccc(F)cc1,'=',1700.0
CHEMBL476870,Cc1ccc(N2C(=O)CS/C2=N\N=C/c2cn(-c3ccc(S(=O)(=O)/N=C/N(C)C)cc3)nc2-c2ccccc2)cc1,'=',1160.0
CHEMBL4177170,NCCOc1nc(Cl)nc(Nc2ccc(N3CCOCC3=O)cc2)n1,'=',90000.0
CHEMBL500675,CS(=O)(=O)c1ccc(-c2[nH]c3ccc(Cl)cc3c2-c2cccc(Cl)c2)cc1,'=',0.8
CHEMBL51085,O=c1c2ccccc2[se]n1-c1ccccc1,'=',0.0
CHEMBL510672,CC/C=C/C/C=C/C/C=C/C/C=C/CCSCCCC(=O)O,'=',120000.0
CHEMBL306946,O=C1c2ccccc2-n2c1nc1ccccc1c2=O,'=',64.0
CHEMBL1957885,O=C(c1ccccc1)n1cc(/C=N/c2ccc(C(F)(F)F)cc2)c2ccccc21,'=',320.0
CHEMBL1077403,Cc1cccc(Nc2cnccc2NS(=O)(=O)C(F)(F)F)c1,'=',450.0
CHEMBL5093769,COc1ccc(CNC(=O)c2ccccc2Nc2ccccc2)cc1,'=',17430.0
CHEMBL5092199,Cc1c(Cl)cccc1Nc1ccccc1C(=O)Nc1ccc2c(c1)OCO2,'=',45010.0
CHEMBL187137,COc1ccc(-c2cc(-c3ccccc3)c(-c3ccc(S(C)(=O)=O)cc3)c(=O)o2)cc1,'=',20.0
CHEMBL4160466,O=C1COCCN1c1ccc(Nc2nc(Cl)nc(N3CCN(c4ccccc4)CC3)n2)cc1,'=',100000.0
CHEMBL4173819,Cc1ccc(Nc2nc(Cl)nc(Nc3ccc(N4CCOCC4=O)cc3)n2)cc1,'=',70000.0
CHEMBL4172724,O=C1COCCN1c1ccc(Nc2nc(Cl)nc(Nc3ccc(Br)cc3)n2)cc1,'=',500.0
CHEMBL5094553,COc1cc(NC(=O)c2ccccc2Nc2cccc(C(F)(F)F)c2)cc(OC)c1OC,'>',150000.0
CHEMBL4073566,N#Cc1c(N=Cc2ccc3ccccc3c2)c(C(=O)Nc2ccccc2)n2c1CCC2,'=',520.0
CHEMBL4761676,O=C(NCCc1c[nH]c2ccc(Cl)cc12)c1ccccc1Nc1ccccc1,'=',1340.0
CHEMBL4063300,CS(=O)(=O)c1ccc(-n2nccc2-c2ccc(Nc3nc(N4CCOCC4)nc(N4CCOCC4)n3)cc2)cc1,'=',740.0
CHEMBL4059594,CC1=NN(C(=O)c2ccccc2O)C(=O)C1,'=',151.4
CHEMBL4644109,Nc1ccc(-n2c(-c3ccc(Cl)cc3)nc3ccccc32)cc1,'=',193000.0
CHEMBL317434,CC(C(=O)O)c1ccc(-c2ccccc2)cc1,'=',21.0
CHEMBL4782861,CC1NC(=O)c2ccccc2S1(=O)=O,'=',423900.0
CHEMBL4788670,NS(=O)(=O)c1ccc(-n2nc(NC(=O)NC34CC5CC(CC(C5)C3)C4)cc2-c2ccccc2)cc1,'=',1850.0
CHEMBL4777518,NS(=O)(=O)c1ccc(-n2nc(C(=O)NC3CCCCC3)cc2-c2ccccc2)cc1,'=',2480.0
CHEMBL4641800,CSc1nc2ccccc2n1Cc1nnc2n1N=C(c1ccc(C)cc1)CS2,'=',250.0
CHEMBL1950011,CCc1ccc2c(CC(=O)O)c(C(=O)c3cc(C)ccn3)[nH]c2c1,'=',414.0
CHEMBL1950012,Cc1ccnc(C(=O)c2[nH]c3ccc(C(C)(C)C)cc3c2CC(=O)O)c1,'=',41.5
CHEMBL1950021,CCOc1cnc(C(=O)c2[nH]c3cc(Cl)ccc3c2CC(=O)O)cc1CC,'=',598.0
CHEMBL4873961,Cc1cc(-c2ccccn2)nn1S(=O)(=O)Oc1ccccc1,'=',100.0
CHEMBL4848416,COc1ccc(Nc2ccccc2C(=O)NCCc2c[nH]c3ccccc23)cc1,'=',6210.0
CHEMBL1957881,Cc1ccc(/N=C/c2cn(Cc3ccccc3)c3ccccc23)cc1,'=',17500.0
CHEMBL4440931,Clc1ccc(-c2cc(-c3cn(-c4ccccc4)nc3-c3ccc(OCc4ccccc4)cc3)on2)cc1,'=',1250.0
CHEMBL1689432,O=C(Cc1ccccc1)OCCS(=O)(=O)NO,'>',100000.0
CHEMBL1668898,CCOc1ccc(-c2ccc(-c3cc(CC(=O)[O-])ccc3OC)c(CN(CC)C(=O)C3CC3)c2)cn1.[Na+],'>',100000.0
CHEMBL275809,COc1ccc(-c2nc(C(=O)N3CCN(C)CC3)sc2-c2ccc(OC)cc2)cc1,'=',65000.0
CHEMBL2153825,Cc1c(C(N)C(=O)OCCCO[N+](=O)[O-])cc(-c2ccc(S(C)(=O)=O)cc2)n1-c1ccc(F)cc1,'=',820.0
CHEMBL4870684,CCCCOc1nc(OCC(C)(C)O)c(-c2ccc(S(C)(=O)=O)cc2)cc1C(C)O,'=',2340.0
CHEMBL4877517,CCCCOc1nc(OCC(C)(C)O)c(-c2ccc(S(C)(=O)=O)cc2)cc1COCCO,'=',540.0
CHEMBL4846538,CCCCOc1nc(OCC(C)(C)O)c(-c2ccc(S(C)(=O)=O)cc2)cc1C(=O)O,'>',50000.0
CHEMBL3884141,Cc1ccc(-c2cc(C(=O)NCCCCCCC(=O)NO)nn2-c2ccc(S(C)(=O)=O)cc2)cc1,'=',4440.0
CHEMBL4450052,C=C(C)[C@@H]1CC[C@]2(C)CC[C@]3(C)[C@H](CCC4[C@@]5(C)[C@H](O)C[C@H](OC(C)=O)C(C)(C)[C@@H]5CC[C@]43C)[C@@H]12,'=',540000.0
CHEMBL4066899,Cc1c(C(=O)N2CCNCC2)nc2ccc(Cl)cc2c1O,'=',2810.0
CHEMBL4109738,Cc1c(CC(=O)N[C@H](CO)C(=O)O)cc(-c2ccc(S(C)(=O)=O)cc2)n1-c1cccc(F)c1,'=',57.0
CHEMBL1939511,Cc1c(CC(=O)OCCCO)cc(-c2ccc(S(C)(=O)=O)cc2)n1-c1cccc(F)c1,'=',23.0
CHEMBL2337405,Cc1c(CCOCCCO[N+](=O)[O-])cc(-c2ccc(S(C)(=O)=O)cc2)n1-c1cccc(F)c1,'=',430.0
CHEMBL571,CC(C(=O)O)c1cccc(C(=O)c2ccccc2)c1,'=',690.0
CHEMBL460015,CS(=O)(=O)Nn1c(Sc2cc([N+](=O)[O-])cc([N+](=O)[O-])c2)nc2sc(-c3ccccc3)cc2c1=O,'=',3400.0
CHEMBL481613,CS(=O)(=O)c1ccc(C#Cc2ccc(=O)n(C(F)F)c2)cc1,'=',5100.0
CHEMBL464006,CC(C)=CCc1c(-c2ccc(O)cc2O)oc2c3c(cc(O)c2c1=O)OC(C)(C)C=C3,'=',100000.0
CHEMBL1210074,CC(=O)OC(C)O/N=[N+](/[O-])c1ccc(-c2cc(C(F)(F)F)nn2-c2ccc(S(N)(=O)=O)cc2)cc1,'=',3300.0
CHEMBL518935,Oc1ccc([C@H]2Oc3ccc(/C=C/c4cc(O)cc(O)c4)cc3[C@@H]2c2cc(O)cc(O)c2)cc1,'=',3700.0
CHEMBL4545038,Nc1nc(-c2ccc(Cl)cc2)cc(-c2cn(-c3ccccc3)nc2-c2ccc(OCc3ccccc3)cc2)n1,'=',3990.0
CHEMBL1288591,O=C(O)C1=Cc2ccc(Cl)c(Cl)c2OC1C(F)(F)F,'=',300000.0
CHEMBL1290801,Cc1cc(OC(F)(F)F)cc2c1O[C@@H](C(F)(F)F)C(C(=O)O)=C2,'=',100000.0
CHEMBL405743,CS(=O)(=O)c1ccc(-c2nccc(NCc3ccccc3)n2)cc1,'>',10000.0
CHEMBL236906,CC(=O)O[C@@H]1CC[C@@]2(C)[C@@H](CC[C@]3(C)[C@@H]2CC=C2[C@@H]4[C@@H](C)[C@H](C)CC[C@]4(C)CC[C@]23C)[C@@]1(C)C(=O)O,'>',40000.0
CHEMBL4570802,COc1ccc(-c2c(-c3ccc(F)cc3)noc2CC(=O)O)cc1,'>',50000.0
CHEMBL4529762,Brc1ccc(-c2nnc(CSc3nnc(-c4ccncc4)o3)o2)cc1,'=',53.0
CHEMBL4573875,O=[N+]([O-])c1ccc(/C=N/c2nnc(-c3cccnc3)o2)cc1,'=',210.0
CHEMBL4475508,O=[N+]([O-])c1ccc(/C=N/c2nnc(-c3ccccc3)o2)cc1,'=',94.0
CHEMBL75435,C[C@H](C(=O)O)c1cccc(C(=O)c2ccccc2)c1,'=',230.0
CHEMBL446323,O=c1c2ccccc2oc2c(O)c(O)ccc12,'=',1890.0
CHEMBL3809863,CC(C)C[C@H](NC(=O)CNC(=O)[C@@H](NC(=O)OCc1ccccc1)C(C)C)C(=O)N[C@@H](C)C(=O)O,'=',50.0
CHEMBL3810057,O=C(O)CNC(=O)CNC(=O)OCc1ccccc1,'=',2000.0
CHEMBL5421326,Nc1n[nH]c(/N=C2/C(=O)Nc3ccc(S(=O)(=O)N4CCCC4)cc32)c1/N=N/c1ccc(O)cc1,'=',36550.0
CHEMBL2391048,Cc1c(C=O)cc(-c2ccc(S(C)(=O)=O)cc2)n1-c1ccc(F)c(F)c1,'=',14800.0
CHEMBL314360,CC(=O)N(O)C/C=C/c1cccc(Oc2ccccc2)c1,'>',10.0
CHEMBL5440465,Cc1cc(C)n2nc(N)c(/N=N/c3ccc(O)cc3)c2n1,'=',46330.0
CHEMBL406434,COC(=O)c1ccc(/C=N/c2ccc(S(N)(=O)=O)cc2)cc1,'=',2730.0
CHEMBL270671,CN(C)c1ccc(/C=N/c2ccc(S(N)(=O)=O)cc2)cc1,'=',3360.0
CHEMBL179512,COc1cc(/C=C/C(O)=C/C(=O)/C=C/c2ccc(O)cc2)ccc1O,'=',21360.0
CHEMBL180239,COc1cc(/C=C/c2cc(/C=C/c3ccc(O)c(OC)c3)[nH]n2)ccc1O,'=',9700.0
CHEMBL18797,CSc1ccc(/C=C2/C(C)=C(CC(=O)O)c3cc(F)ccc32)cc1,'=',100.0
CHEMBL5424006,CN(C)c1ccc(/C=N/NC(=O)c2cnn(-c3ccc(S(N)(=O)=O)cc3)c2N)cc1,'=',80.0
CHEMBL5413403,Nc1c(C(=O)N/N=C/c2cccs2)cnn1-c1ccc(S(N)(=O)=O)cc1,'=',60.0
CHEMBL271561,COc1cc(/C=N/c2ccc(S(N)(=O)=O)cc2)cc(OC)c1,'=',3400.0
CHEMBL48568,CC(C)(C)c1cc(/C=C2\OC(=O)NC2=O)cc(C(C)(C)C)c1O,'=',34000.0
CHEMBL5203787,O=C(NC1CCN(C(=O)C2CCOCC2)CC1)NC12CC3CC(F)(CC(C1)c1ccccc13)C2,'>',10000.0
CHEMBL5177372,O=C(NC1CCN(C(=O)C2CC2)CC1)NC12CC3CC(F)(CC(C1)c1ccccc13)C2,'>',10000.0
CHEMBL5191675,[11CH3]Oc1ccc(-c2cc(C(F)(F)F)nn2-c2ccc(S(N)(=O)=O)cc2)cc1,'=',8.0
CHEMBL5200000,CS(=O)(=O)c1ccc(-c2cc(C(F)(F)F)nc(NCc3ccc([18F])cc3)n2)cc1,'=',40.0
CHEMBL4091547,O=C(O)C1=Cc2cc(S(F)(F)(F)(F)F)ccc2OC1C(F)(F)F,'=',18.0
CHEMBL4444603,COc1ccccc1/C=C/C1=NN(c2ccc(F)cc2)C(=O)CC1,'=',48.79
CHEMBL4547736,Cc1cccc(/C=C/C2=NN(c3ccc(F)cc3)C(=O)CC2)c1,'=',52.34
CHEMBL5183018,Cn1ccc2cc(CCCO)c(O)c(C(=O)OCC(F)(F)F)c21,'=',237100.0
CHEMBL3747306,NS(=O)(=O)c1ccc(N2N=C(c3cccs3)CC2c2ccc(Cl)cc2)cc1,'=',2640.0
CHEMBL4287121,C[Si](C)(C)c1c(-c2ccccc2)noc1-c1ccc(S(N)(=O)=O)cc1,'=',11050.0
CHEMBL3741399,C#Cc1cccc(Nc2ncnc3cc(OCCOC(=O)c4ccccc4OC(C)=O)c(OCCOC(=O)c4ccccc4OC(C)=O)cc23)c1,'>',10000.0
CHEMBL3746878,CS(=O)(=O)c1ccc(N2N=C(C(=O)O)CC2c2ccco2)cc1,'=',2110.0
CHEMBL553,C#Cc1cccc(Nc2ncnc3cc(OCCOC)c(OCCOC)cc23)c1,'>',10000.0
CHEMBL15770,CC1=C(CC(=O)O)c2cc(F)ccc2/C1=C\c1ccc([S+](C)[O-])cc1,'=',8800.0
CHEMBL1814711,CC(C(=O)O)c1ccc(C[C@H]2CCC[C@H]2O)cc1,'=',12200.0
CHEMBL1814714,COc1ccc(-c2cc(C(C)C(=O)[O-])ccc2CC2CCCC2=O)cc1.[Na+],'>',1000000.0
CHEMBL1916964,O=C(NS(=O)(=O)c1ccc(Br)cc1)c1ccccn1,'=',3600.0
CHEMBL1916965,Cc1ccc(S(=O)(=O)NC(=O)c2ccccn2)cc1,'=',8000.0
CHEMBL4791495,COc1ccc(-c2noc(CC(=O)Nc3ccc(NC(=O)Cc4onc(-c5ccc(OC)cc5)c4-c4ccc(OC)cc4)cc3)c2-c2ccc(OC)cc2)cc1,'>',50000.0
CHEMBL311498,Oc1cc(O)c2c(c1)O[C@H](c1ccc(O)c(O)c1)[C@@H](O)C2,'=',130000.0
CHEMBL459814,CC1=CCC[C@H]2[C@](C)(Cc3cc(O)ccc3O)[C@@H](C)CC[C@]12C,'=',2300.0
CHEMBL501208,CS(=O)(=O)c1ccc(-c2[nH]c3ccccc3c2-c2ccc(F)cc2)cc1,'=',20.0
CHEMBL105350,O=C(/C=C/c1ccc(O)cc1)CC(=O)/C=C/c1ccc(O)cc1,'=',36370.0
CHEMBL3893185,CC(C)(C)C1=NN(c2ccc(C(=O)O)cc2)C(c2ccc(Cl)c(Cl)c2)C1,'>',100000.0
CHEMBL3963184,CC(C)(C)C1=NN(c2ccc(S(=O)(=O)O)cc2)C(c2ccc(Cl)cc2)C1,'>',100000.0
CHEMBL4466770,N#Cc1cnn(-c2ccc(S(N)(=O)=O)cc2)c1/N=C/c1ccc(Cl)cc1,'=',189.77
CHEMBL2283172,CS(=O)(=O)c1ccc(/C=C(\c2ccccc2)c2ccc(F)cc2)cc1,'=',32.0
CHEMBL2283169,CCCC/C(=C(\c1ccccc1)c1ccc(S(C)(=O)=O)cc1)c1cc(C(C)(C)C)c(O)c(C(C)(C)C)c1,'=',3300.0
CHEMBL3355610,[2H]C([2H])([2H])C([2H])([2H])c1cc(OC(F)(F)F)cc2c1OC(C(F)(F)F)C(C(=O)O)=C2,'=',61.0
CHEMBL3355606,[2H]C([2H])([2H])c1cc(Cl)c2c(c1)C=C(C(=O)O)C(C(F)(F)F)O2,'=',63.0
CHEMBL4583354,O=C(/C=C/C1=Cc2c(ccc3ccccc23)OC1)c1ccc(C(F)(F)F)cc1,'=',330.0
CHEMBL4437518,O=C(/C=C/C1=Cc2c(ccc3ccccc23)OC1)c1ccc([N+](=O)[O-])cc1,'=',250.0
CHEMBL4570476,CCc1ccc(C(=O)/C=C/C2=Cc3c(ccc4ccccc34)OC2)cc1,'=',430.0
CHEMBL3914590,CC(C)(C)C1=NN(c2ccc(C(=O)O)cc2)C(c2ccc([N+](=O)[O-])cc2)C1,'>',100000.0
CHEMBL1370630,COc1ccc(C2CC(c3ccccc3)=NN2c2ccc(S(N)(=O)=O)cc2)cc1,'>',100000.0
CHEMBL3899621,CC(C)(C)C1=NN(c2ccc(C(=O)O)cc2)C(c2ccc(Cl)cc2Cl)C1,'>',100000.0
CHEMBL3960150,CC(C)(C)C1=NN(c2ccc(C(=O)O)cc2)C(c2cccc(Br)c2)C1,'>',100000.0
CHEMBL4080317,O=CC1=Cc2cc(S(F)(F)(F)(F)F)ccc2OC1C(F)(F)F,'>',10000.0
CHEMBL4097555,COc1cc(C2CC(c3ccc(Nc4nc(N5CCOCC5)nc(N5CCOCC5)n4)cc3)=NN2C(C)=O)cc(OC)c1OC,'=',2860.0
CHEMBL1171250,C[C@@H]1O[C@@H](O[C@H]2[C@H](O)[C@@H](O)[C@H](OC[C@H]3O[C@@H](OC(=O)[C@]45CCC(C)(C)C[C@H]4C4=CC[C@@H]6[C@@]7(C)CC[C@H](O[C@@H]8OC[C@H](O)[C@H](O)[C@H]8O)C(C)(C)[C@@H]7CC[C@@]6(C)[C@]4(C)CC5)[C@H](O)[C@@H](O)[C@@H]3O)O[C@@H]2CO)[C@H](O)[C@H](O)[C@H]1O,'>',50000.0
CHEMBL3127461,COc1cc2occc2c(OC)c1-c1cc(-c2ccc(F)cc2)n(-c2ccc(S(N)(=O)=O)cc2)n1,'=',460.0
CHEMBL3127459,COc1cc2occc2c(OC)c1-c1cc(-c2ccccc2)n(-c2ccc(S(N)(=O)=O)cc2)n1,'=',35000.0
CHEMBL1682205,CC(C)(C)c1ccc(Nc2cccc(C(=O)O)c2)cc1,'>',100000.0
CHEMBL3945188,COc1ccc([N+](=O)[O-])c(Nc2ccccc2C(=O)O)c1,'>',100000.0
CHEMBL3410346,NS(=O)(=O)c1ccc(N2N=C3c4ccccc4CCC3C2c2ccc(F)cc2)cc1,'=',15320.0
CHEMBL404515,Oc1cc(O)c2cc(O)c(-c3ccc(O)c(O)c3)[o+]c2c1,'=',60000000.0
CHEMBL561539,Cc1c(CC(=O)O)c2cccnc2n1S(=O)(=O)c1ccc(Cl)cc1,'>',10000.0
CHEMBL458707,CC/C=C/C/C=C/C/C=C/C/C=C/CC/C=C/COCC(=O)O,'=',180000.0
CHEMBL4533116,COC(=O)CNC(=O)[C@H](Cc1ccccc1)NC(=O)[C@@H]1CCCN1C(=O)[C@H](Cc1ccccc1)NC(=O)[C@H](C)NC(=O)OCc1ccccc1,'=',5000.0
CHEMBL3765737,COC(=O)c1cc(/C=C/c2cc(O)cc(O)c2)ccc1O,'=',1000.0
CHEMBL4445524,O=C(O)CCCc1nc(-c2ccc(Cl)c(Cl)c2)c(-c2ccccc2)o1,'=',420.0
CHEMBL168,CC1(C)CC[C@]2(C(=O)O)CC[C@]3(C)C(=CC[C@@H]4[C@@]5(C)CC[C@H](O)C(C)(C)[C@@H]5CC[C@]43C)[C@@H]2C1,'>',40000.0
CHEMBL1171446,COc1ccc(/C=C/C(=O)O[C@H]2[C@H](O[C@H]3[C@H](O)[C@@H](O)[C@H](O[C@@H]4CO[C@@H](O[C@@H]5[C@@H](O)[C@H](C)O[C@@H](O[C@H]6[C@H](O[C@H]7CC[C@]8(C)[C@H]9CC=C%10[C@@H]%11CC(C)(C)CC[C@]%11(C(=O)O[C@@H]%11O[C@H](CO[C@@H]%12O[C@H](CO)[C@@H](O[C@@H]%13O[C@@H](C)[C@H](O)[C@@H](O)[C@H]%13O)[C@H](O)[C@H]%12O)[C@@H](O)[C@H](O)[C@H]%11O)CC[C@@]%10(C)[C@]9(C)CC[C@H]8C7(C)C)OC[C@H](O)[C@@H]6O)[C@@H]5O)[C@H](O)[C@@H]4O)O[C@@H]3CO)O[C@H](CO)[C@@H](O)[C@@H]2O[C@@H]2O[C@H](CO[C@@H]3O[C@@H](C)[C@H](O)[C@@H](O)[C@H]3O)[C@@H](O)[C@H](O)[C@H]2O)cc1O,'=',8500.0
CHEMBL4452534,CC(C(=O)Nc1c(C#N)cnn1-c1ccc(S(N)(=O)=O)cc1)N1CCOCC1,'=',122.8
CHEMBL3113238,O=S(=O)(Nc1ccncc1Nc1ccc(O)c(Br)c1)C(F)(F)F,'>',100000.0
CHEMBL3113235,Cc1cc(Nc2cnccc2NS(=O)(=O)C(F)(F)F)ccc1Br,'=',300.0
CHEMBL4444718,CC(C)[C@@H]1CC[C@]2(C)[C@@H]3C(C=C4[C@@H]5CC(C)(C)CC[C@]5(C)CC[C@]42C)OC(=O)CC[C@]31C,'=',650000.0
CHEMBL4443307,COOC[C@@]1(C)CC[C@]2(C)CC[C@]3(C)[C@@H]4CCc5cc(O)c(O)cc5[C@]4(C)CC[C@@]3(C)C2C1,'=',430000.0
CHEMBL4521969,NS(=O)(=O)c1ccc(-n2nc(C(=O)N3CCOCC3)cc2-c2cccc(F)c2)cc1,'=',230.0
CHEMBL1288469,O=Cc1ccc2c(c1)C=C(C(=O)O)C(C(F)(F)F)O2,'=',730.0
CHEMBL4872909,O=C(NCCc1c[nH]c2ccccc12)c1ccccc1Nc1ccccc1F,'=',4230.0
CHEMBL1288601,COc1cc(Cl)c2c(c1)C=C(C(=O)O)C(C(F)(F)F)O2,'=',240.0
CHEMBL4852960,Cc1ncccc1Nc1ccccc1C(=O)NCCc1c[nH]c2ccccc12,'=',1960.0
CHEMBL4294127,CS(=O)(=O)c1ccc(-c2c(-c3ccc(F)cc3)noc2Cl)cc1,'=',351.0
CHEMBL4166937,CS(=O)(=O)c1ccc(C2NN=C(c3ccc([N+](=O)[O-])cc3)O2)cc1,'=',480.0
CHEMBL4278439,CS(=O)(=O)c1ccc(-c2c(-c3ccc(F)cc3)noc2C=O)cc1,'=',13777.0
CHEMBL372838,Cc1onc(-c2ccc(F)cc2)c1-c1ccc(S(N)(=O)=O)cc1,'=',73.0
CHEMBL4288684,CS(=O)(=O)c1ccc(-c2conc2-c2ccc(F)cc2)cc1,'=',57.0
CHEMBL4859331,O=C(NCCc1c[nH]c2ccccc12)c1ccccc1Nc1cccc(Br)c1,'>',40000.0
CHEMBL4870953,O=C(NCCc1c[nH]c2ccccc12)c1ccccc1Nc1cccc2cccnc12,'>',40000.0
CHEMBL2023949,CCc1sc(Nc2ccc(Oc3ccccc3)cc2)nc1C,'>',5000.0
CHEMBL4443726,O=C(/C=C/c1cn(-c2ccccc2)nc1-c1ccc(OCc2ccccc2)cc1)c1ccccc1,'=',1880.0
CHEMBL463763,CC(C)[C@]12O[C@H]1[C@@H]1O[C@]13[C@]1(O[C@H]1C[C@H]1C4=C(CC[C@@]13C)C(=O)OC4)[C@@H]2O,'=',40.0
CHEMBL496,Oc1c(Cl)cc(Cl)c(Cl)c1Cc1c(O)c(Cl)cc(Cl)c1Cl,'=',644.3
CHEMBL4861765,COc1ccc2nc(O)c(/C=N/n3c(=S)[nH]nc(Cc4ccccc4)c3=O)cc2c1,'=',68.0
CHEMBL134342,O=C(O)CCCC[C@@H]1CCSS1,'=',0.0
CHEMBL4241591,Cc1ccc(-n2nc(COC(=O)COc3cc(O)c4c(=O)cc(-c5ccccc5)oc4c3)cc2-c2ccc(Cl)cc2)cc1,'=',2120.0
CHEMBL4876293,O=c1c(Cc2cccs2)n[nH]c(=S)n1/N=C/c1cc2ccccc2nc1O,'=',79.0
CHEMBL4248344,O=C(COc1cc(O)c2c(=O)cc(-c3ccccc3)oc2c1)OCc1cc(-c2ccc(Br)cc2)n(-c2ccccc2)n1,'=',2120.0
CHEMBL4250397,O=C(COc1cc(O)c2c(=O)cc(-c3ccccc3)oc2c1)OCc1cc(-c2ccc(Cl)c(Cl)c2)n(-c2ccc(Cl)cc2)n1,'=',8580.0
CHEMBL2333737,COc1ccc(/C=C/c2cc(OC)cc(OC)c2/C=C/C(=O)N2CCN(C)CC2)cc1,'=',5780.0
CHEMBL2334136,COc1ccc(/C=C/c2cc(OC)cc(OC)c2/C=C/C(=O)N2CCCCC2C)cc1,'=',6690.0
CHEMBL4452435,S=c1nc(-c2ccc(Cl)cc2)cc(-c2cn(-c3ccccc3)nc2-c2ccc(OCc3ccccc3)cc2)[nH]1,'=',1100.0
CHEMBL313584,CS(=O)(=O)c1ccc([C@H]2COC(=O)[C@@H]2c2ccccc2)cc1,'>',30000.0
CHEMBL281504,N#Cc1ccc(-c2cc(C(F)F)nn2-c2ccc(S(N)(=O)=O)cc2)cc1,'=',29700.0
CHEMBL286953,COc1ccc(-c2cc(C(F)F)nn2-c2ccc(S(N)(=O)=O)cc2)cc1Cl,'=',27.0
CHEMBL469,O=C(c1ccccc1)c1ccc2n1CCC2C(=O)O,'=',424.0
CHEMBL4555690,CCOC(=O)CSc1nnc(-c2ccc(S(C)(=O)=O)cc2)c(-c2ccccc2)n1,'=',10100.0
CHEMBL4474936,CCOC(=O)CSc1nnc(-c2ccc(S(C)(=O)=O)cc2)c(-c2ccc(Cl)cc2)n1,'=',10100.0
CHEMBL5283932,CC1=CCCC2C1(C)CCC(C)C2(C)CC/C(=C\C(=O)O)CO,'=',12.7
CHEMBL4172247,Cc1ccc(-c2c(-c3ccc(S(C)(=O)=O)cc3)c3cccc4ccn2c43)cc1,'=',20.0
CHEMBL5285484,CC(C)CC(=O)NC[C@H]1CC[C@H](NC(=O)c2nc3ccccc3cc2O)[C@H](O)O1,'=',1400.0
CHEMBL4160954,CS(=O)(=O)c1ccc(-n2nc(-c3ccc(O)cc3)cc2-c2ccc(C(F)(F)F)cc2)cc1,'=',970.0
CHEMBL3265345,Clc1ccc(-c2nnc(-c3cn(-c4ccccc4)nc3-c3ccccc3)o2)cc1,'=',38000.0
CHEMBL595153,CSc1ccc(C2=C(c3ccc(O)cc3)C(=O)NC2=O)cc1,'=',21010.0
CHEMBL3237075,COc1ccc(-n2nc(C(=O)NN)nc2-c2cc(OC)c(OC)c(OC)c2)cc1,'=',46300.0
CHEMBL463675,COc1cc([C@@H]2CC(=O)c3c(cc(O)c(C/C=C(\C)CCC=C(C)C)c3O)O2)cc(O)c1O,'=',10600.0
CHEMBL3576974,Cc1ccc(S(=O)(=O)n2cc(C(=O)C(=O)NCC(=O)N[C@@H](Cc3c[nH]c4ccccc34)C(=O)O)c3ccccc32)cc1,'=',99.0
CHEMBL5267820,CC1=NNC(=O)/C1=N/Nc1cccc(-c2nc3ccccc3s2)c1,'=',100.0
CHEMBL3735808,COc1cc(C2CC(c3ccc(S(C)(=O)=O)cc3)=NN2c2ccc(C(=O)O)cc2)cc(OC)c1OC,'=',5940.0
CHEMBL3735721,CS(=O)(=O)c1ccc(C2=NN(c3ccc(S(N)(=O)=O)cc3)C(c3ccc(Cl)cc3)C2)cc1,'=',2670.0
CHEMBL4536976,O=C1CCC(/C=C/c2cccnc2)=NN1,'=',19.32
CHEMBL3402597,CCOC(=O)Cc1cc(-c2ccc(S(N)(=O)=O)cc2)n(-c2ccc(F)cc2)c1C,'=',1070.0
CHEMBL4473414,COC(=O)CNC(=O)[C@H](C)NC(=O)[C@@H]1CCCN1C(=O)CNC(=O)CNC(=O)[C@H](C)N,'=',2000.0
CHEMBL5209066,Cc1c(C(=O)NN)nnn1-c1ccc(S(N)(=O)=O)cc1,'=',2920.0
CHEMBL5190868,O=C(c1nn(Cc2ccc(F)cc2)c2ccccc12)N1CCN(c2ncccn2)CC1,'=',135.59
CHEMBL4475138,Cc1c2c(c(C)n1-c1ccccc1)C(=O)N(CN1CCN(S(C)(=O)=O)CC1)C2=O,'=',43800.0
CHEMBL2398537,Cc1ccc(-c2cn(Cc3ccc(S(N)(=O)=O)cc3)nn2)cc1,'=',1200.0
CHEMBL2398535,NS(=O)(=O)c1ccc(Cn2cc(-c3ccc(F)cc3)nn2)cc1,'=',1500.0
CHEMBL5423515,CCOC(=O)C1=Nc2c(/N=N/c3ccc(O)cc3)c(N)nn2C1=O,'=',79320.0
CHEMBL5416397,Cc1cc(=O)n2nc(N)c(/N=N/c3ccc(O)cc3)c2[nH]1,'=',5680.0
CHEMBL5289753,COc1c(O)cc2c3c1COc1cc(O)cc(c1-3)CC2,'=',12000.0
CHEMBL5412102,COc1ccc(/C=C/C(=O)c2nn(-c3ccc(F)cc3)c(C)c2C(=O)/C=C/c2ccc(OC)cc2)cc1,'=',320.0
CHEMBL5279742,Clc1ccccc1-c1nnc(Cn2c(CN3CCOCC3)nc3ccccc32)o1,'=',8000.0
CHEMBL5083953,Cc1ccc(S(=O)(=O)n2cc(C(=O)C(=O)N[C@H](C(=O)NCC(=O)O)c3c[nH]c4ccccc34)c3ccccc32)cc1,'=',540.0
CHEMBL5078078,CC(C)(O)c1ccc(N2Cc3c(ccnc3-c3ccc(F)cc3OCC(F)(F)F)C2=O)cc1,'>',10000.0
CHEMBL4475455,NS(=O)(=O)c1ccc(-n2nc(C(=O)OCCCN3CCOCC3)cc2-c2ccc(F)cc2)cc1,'=',3570.0
CHEMBL3952880,COc1ccc(-c2nc(NCC(=O)N3CCCCC3)sc2-c2ccc(OC)cc2)cc1,'=',16120.0
CHEMBL4076205,Cc1c(C(=O)NC2CCCN(Cc3ccccc3)C2)nc2ccc(Cl)cc2c1O,'=',3540.0
CHEMBL4103022,Cc1c(C(=O)NCCc2ccc(N3CCCC3)cc2)nc2ccc(Cl)cc2c1O,'=',1690.0
CHEMBL3775510,CCCCCCNC(=O)Oc1cccc(-c2ccc(C(C)C(=O)O)cc2C(F)(F)F)c1,'=',200.0
CHEMBL3774541,CC(C(=O)O)c1ccc(-c2cccc(OC(=O)NCC3CCCCC3)c2)c(F)c1,'>',100000.0
CHEMBL4750551,CC1N(C(=O)Nc2nccs2)C(=O)c2ccccc2S1(=O)=O,'=',115200.0
CHEMBL518507,O=C(O)CSc1nc(OCCc2ccccc2)cc(OCCc2ccccc2)n1,'>',10.0
CHEMBL4072884,CCCCCCCC(=O)c1c(O)c(-c2ccc(O)cc2)c[nH]c1=O,'>',10000.0
CHEMBL4859662,Cc1cc(-c2ccc(Br)cc2)nn1S(=O)(=O)Oc1ccccc1,'=',200.0
CHEMBL4085615,Cc1ccc(C(=O)c2conc2C(=O)c2cnn(-c3ccccc3)c2C)cc1,'=',1120.0
CHEMBL4216426,COC(=O)COc1ccc(/C=C/c2ccc(Cl)cc2)cc1,'=',7522.0
CHEMBL4162061,CS(=O)(=O)c1ccc2c(c1)c1c(n2Cc2ccc(Cl)cc2)CCCC1=O,'=',580.0
CHEMBL4169347,CS(=O)(=O)c1ccc2c(c1)c1c(n2C(=O)c2ccc(Cl)cc2)CCCC1=O,'=',230.0
CHEMBL4176074,Cc1ccc(Nc2c(F)cccc2Cl)c(Cc2nnn[nH]2)c1,'=',14.0
CHEMBL5082428,CCOC(=O)[C@H](OCc1cnnn1[C@@H](Cc1ccc(O)cc1)C(=O)OC)[C@@H](OCc1cnnn1[C@@H](Cc1ccc(O)cc1)C(=O)OC)C(=O)OCC,'=',700.0
CHEMBL5085564,COc1cc(-c2cc(C(=O)CCCOc3ccc4ccc(=O)oc4c3)nn2-c2ccccc2)cc(OC)c1OC,'=',230.0
CHEMBL595852,CSc1ccc(C2=C(c3ccc(NC(C)=O)cc3)C(=O)OC2=O)cc1,'=',20110.0
CHEMBL169,C[C@H]1[C@H](C)CC[C@]2(C(=O)O)CC[C@]3(C)C(=CC[C@@H]4[C@@]5(C)CC[C@H](O)C(C)(C)[C@@H]5CC[C@]43C)[C@H]12,'=',86000.0
CHEMBL449930,CS(=O)(=O)c1ccc(-n2cc(-c3ccccc3)nn2)cc1,'=',150.0
CHEMBL13878,C#CCCCC(=O)c1cc(C(C)(C)C)c(O)c(C(C)(C)C)c1,'=',100.0
CHEMBL745,NS(=O)(=O)c1ccc(-n2nc(C(F)(F)F)cc2-c2ccc(CO)cc2)cc1,'=',93300.0
CHEMBL496240,O=C(c1ccccc1)c1ccc2n1CC[C@@H]2C(=O)O,'=',1460.0
CHEMBL5279593,CSc1ccc(-c2cn3c(c2-c2ccc(C)cc2)CCC3)cc1,'=',900.0
CHEMBL5289473,CS(=O)(=O)Nc1ccc(-c2cn3c(c2-c2ccccc2)CCC3)cc1,'=',3600.0
CHEMBL418574,NS(=O)(=O)c1ccc(-n2nc(C(F)(F)F)cc2-c2ccccc2F)cc1,'=',57.54
CHEMBL295739,CC(C)(C)c1cc(/C=C2\SC(=S)NC2=O)cc(C(C)(C)C)c1O,'=',1500.0
CHEMBL150,O=c1c(O)c(-c2ccc(O)cc2)oc2cc(O)cc(O)c12,'>',100000.0
CHEMBL4111609,Cc1c(CC(=O)N[C@H](CO[N+](=O)[O-])C(=O)O)cc(-c2ccc(S(C)(=O)=O)cc2)n1-c1cccc(F)c1,'=',140.0
CHEMBL2337408,Cc1c(CCOCCO)cc(-c2ccc(S(C)(=O)=O)cc2)n1-c1cccc(F)c1,'=',46.0
CHEMBL3971575,COc1ccc(-n2c(-c3ccc(S(C)(=O)=O)cc3)cc(CC(=O)OCCCCO)c2C)cc1,'=',1100.0
CHEMBL5204083,C#CCCCC(=O)Nc1ccc(C(=O)c2ccc(NCc3ccc(-c4ccc(O)c(C(=O)O)c4)o3)cc2)cc1.N,'=',36000.0
CHEMBL1080231,Cc1ccc(Nc2cnccc2NS(=O)(=O)C(F)(F)F)cc1,'=',460.0
CHEMBL1078375,Cc1cccc(Nc2cnccc2NS(C)(=O)=O)c1,'=',8810.0
CHEMBL1204023,Cl.O=S(=O)(Nc1ccncc1NC1CCCCC1)C(F)(F)F,'=',330.0
CHEMBL2017291,COc1cc2c(cc1-c1c(C)noc1C)ncc1[nH]c(=O)n([C@H](C)c3ccccn3)c12,'>',100000.0
CHEMBL2153827,Cc1c(C(N)C(=O)OCCCCO[N+](=O)[O-])cc(-c2ccc(S(C)(=O)=O)cc2)n1-c1ccc(F)cc1,'=',1000.0
CHEMBL4110339,Cc1c(CC(=O)N[C@H](CO[N+](=O)[O-])C(=O)O)cc(-c2ccc(S(C)(=O)=O)cc2)n1-c1ccc(F)cc1,'=',310.0
CHEMBL4744314,Fc1ccc(COc2nc3ccccc3s2)cc1,'=',370.0
CHEMBL503824,CCCCCc1cc(O)cc(OC)c1,'=',15920.0
CHEMBL2023848,COc1cccc(Nc2nc(-c3ccc(Cl)cc3)cs2)c1,'=',1390.0
CHEMBL4861713,Cc1cc(-c2ccc(C(F)(F)F)cc2)nn1S(=O)(=O)Oc1ccccc1,'<',10.0
CHEMBL4858751,Cc1cc(-c2ccccn2)nn1S(=O)(=O)Oc1ccc(Cl)cc1,'=',5.8
CHEMBL4863487,Cc1ccccc1Nc1ccccc1C(=O)NCCc1c[nH]c2ccccc12,'>',40000.0
CHEMBL4873048,O=C(NCCc1c[nH]c2ccccc12)c1ccccc1Nc1cccc(Cl)c1,'>',40000.0
CHEMBL5084816,CCOC(=O)[C@H](OCc1cnnn1[C@@H](Cc1c[nH]c2ccccc12)C(=O)OC)[C@@H](OCc1cnnn1[C@@H](Cc1c[nH]c2ccccc12)C(=O)OC)C(=O)OCC,'=',500.0
CHEMBL5077595,O=C(O)Cn1nncc1CO[C@@H](C(=O)O)[C@@H](OCc1cnnn1CC(=O)O)C(=O)O,'=',4.0
CHEMBL5437146,NNC(=O)CNc1ncnc2sc3c(c12)CCCC3,'=',210.0
CHEMBL4633416,COC(=O)[C@H](Cc1ccc(O)cc1)n1cc(COc2nc(Cl)nc(Nc3ccc(N4CCOCC4=O)cc3)n2)nn1,'=',3000.0
CHEMBL4646570,COC(=O)[C@H](Cc1c[nH]c2ccccc12)n1cc(COc2nc(Cl)nc(N3CCOCC3)n2)nn1,'>',10000.0
CHEMBL4167700,O=C1COCCN1c1ccc(Nc2nc(Cl)nc(N3CCCC3)n2)cc1,'=',60.0
CHEMBL5081272,COC(=O)[C@H](Cc1ccccc1)n1nncc1COc1ccc2ccccc2c1-c1c(OCc2cnnn2[C@@H](Cc2ccccc2)C(=O)OC)ccc2ccccc12,'=',54000.0
CHEMBL1288617,O=C(O)C1=Cc2cc(Cl)c(Cl)c(Cl)c2OC1C(F)(F)F,'=',43.0
CHEMBL1290434,NS(=O)(=O)c1ccc(C#Cc2cc(Cl)cc3c2OC(C(F)(F)F)C(C(=O)O)=C3)cc1,'=',18600.0
CHEMBL5270046,O=c1c(/C=N/Nc2ccc(C(F)(F)F)cc2)coc2c1ccc1oc(-c3ccc(Cl)cc3)cc12,'=',10400.0
CHEMBL5273548,Cc1ccccc1-c1nnc(Cn2c(CN3CCOCC3)nc3ccccc32)o1,'=',11400.0
CHEMBL165,Oc1ccc(/C=C/c2cc(O)cc(O)c2)cc1,'=',33150.0
CHEMBL3899044,O=C(O)c1ccccc1Nc1cc(C(F)(F)F)ccc1[N+](=O)[O-],'>',100000.0
CHEMBL5090568,COc1ccc(NC(=O)c2ccccc2Nc2cccc(C(F)(F)F)c2)cc1OC,'>',150000.0
CHEMBL3265348,Clc1ccc(-c2nnc(-c3cn(-c4ccccc4)nc3-c3ccc(Cl)cc3)o2)cc1,'=',8700.0
CHEMBL47147,COc1ccc(-c2nc(C(F)(F)F)cn2-c2ccc(S(N)(=O)=O)cc2)cc1Br,'=',30.2
CHEMBL101,CCCCC1C(=O)N(c2ccccc2)N(c2ccccc2)C1=O,'=',284000.0
CHEMBL2333753,COc1ccc(/C=C/c2cc(OC)cc(OC)c2/C=C/C(=O)Nc2cc(OC)c(OC)c(OC)c2)cc1,'=',6660.0
CHEMBL2171271,CC(C(=O)O)c1ccc2c3cc(Cl)ccc3n(C(=O)c3ccccc3)c2c1,'>',100000.0
CHEMBL2171260,COc1ccccc1Cn1c2ccc(Cl)cc2c2ccc(C(C)C(=O)O)cc21,'>',100000.0
CHEMBL2171256,CC(C(=O)O)c1ccc2c3cc(Cl)ccc3n(Cc3ccccc3)c2c1,'>',100000.0
CHEMBL3809154,COC(=O)CNC(=O)CNC(=O)OCc1ccccc1,'=',1000.0
CHEMBL3309445,NS(=O)(=O)c1ccc(N2N=C(C(F)(F)F)CC2c2ccc3c(c2)OCCO3)cc1,'=',8.0
CHEMBL2333740,COc1ccc(/C=C/c2cc(OC)cc(OC)c2/C=C/C(=O)N2CCCC2)cc1,'=',8870.0
CHEMBL2333739,COc1ccc(/C=C/c2cc(OC)cc(OC)c2/C=C/C(=O)N2CCSCC2)cc1,'=',8010.0
CHEMBL622,CCc1cccc2c3c([nH]c12)C(CC)(CC(=O)O)OCC3,'=',9.4
CHEMBL4245964,Cc1cccc(-c2cc(COC(=O)COc3cc(O)c4c(=O)cc(-c5ccccc5)oc4c3)nn2-c2ccc(Cl)cc2)c1,'=',1770.0
CHEMBL2160141,Cc1ccc(C2=NN(C3=NC(=O)CS3)C(c3ccccc3C)C2)cc1C,'=',6300.0
CHEMBL377353,NS(=O)(=O)c1ccc(/N=N/c2ccc(O)c(C(=O)O)c2)cc1,'=',8890.0
CHEMBL1171449,C[C@@H]1O[C@@H](O[C@H]2[C@H](O[C@H]3CC[C@]4(C)[C@H]5CC=C6[C@@H]7CC(C)(C)CC[C@]7(C(=O)O[C@@H]7O[C@H](CO[C@@H]8O[C@H](CO)[C@@H](O[C@@H]9O[C@@H](C)[C@H](O)[C@@H](O)[C@H]9O)[C@H](O)[C@H]8O)[C@@H](O)[C@H](O)[C@H]7O)CC[C@@]6(C)[C@]5(C)CC[C@H]4C3(C)CO)OC[C@H](O)[C@@H]2O)[C@H](O)[C@H](O)[C@H]1O,'>',50000.0
CHEMBL1171255,COc1ccc(/C=C/C(=O)OC[C@H]2O[C@@H](O[C@H]3[C@H](O)[C@@H](O)[C@H](O[C@@H]4CO[C@@H](O[C@@H]5[C@@H](O)[C@H](C)O[C@@H](O[C@H]6[C@H](O[C@H]7CC[C@]8(C)[C@H]9CC=C%10[C@@H]%11CC(C)(C)CC[C@]%11(C(=O)O[C@@H]%11O[C@H](CO[C@@H]%12O[C@H](CO)[C@@H](O[C@@H]%13O[C@@H](C)[C@H](O)[C@@H](O)[C@H]%13O)[C@H](O)[C@H]%12O)[C@@H](O)[C@H](O)[C@H]%11O)CC[C@@]%10(C)[C@]9(C)CC[C@H]8C7(C)C)OC[C@@H](O)[C@@H]6O)[C@@H]5O)[C@H](O)[C@@H]4O)O[C@@H]3CO)[C@H](O)[C@@H](O)[C@@H]2O)cc1O,'=',7200.0
CHEMBL1171256,COc1ccc(/C=C/C(=O)O[C@H]2[C@H](O[C@H]3[C@H](O)[C@@H](O)[C@H](O[C@@H]4CO[C@@H](O[C@@H]5[C@@H](O)[C@H](C)O[C@@H](O[C@H]6[C@H](O[C@H]7CC[C@@]8(C)[C@@H](CC[C@]9(C)[C@@H]8CC=C8[C@@H]%10CC(C)(C)CC[C@]%10(C(=O)O[C@@H]%10O[C@H](CO[C@@H]%11O[C@H](CO)[C@@H](O[C@@H]%12O[C@@H](C)[C@H](O)[C@@H](O)[C@H]%12O)[C@H](O)[C@H]%11O)[C@@H](O)[C@H](O)[C@H]%10O)CC[C@]89C)[C@]7(C)CO)OC[C@@H](O)[C@@H]6O)[C@@H]5O)[C@H](O)[C@@H]4O)O[C@@H]3CO)O[C@H](CO)[C@@H](O)[C@@H]2O[C@@H]2O[C@H](CO)[C@@H](O)[C@H](O)[C@H]2O)cc1O,'=',8900.0
CHEMBL1288697,Cc1cc(C)c2c(c1)C=C(C(=O)O)[C@@H](C(F)(F)F)O2,'=',290.0
CHEMBL4276876,C[Si](C)(C)c1c(-c2ccc(F)cc2)noc1-c1ccc(S(N)(=O)=O)cc1,'=',38160.0
CHEMBL4278024,CS(=O)(=O)c1ccc(-c2conc2-c2ccccc2)cc1,'=',247.0
CHEMBL549519,CS(=O)(=O)c1ccc(-c2cc(C(F)(F)F)nc(NC3CCNCC3)n2)cc1,'>',10000.0
CHEMBL466863,CC(=O)OCO/N=[N+](\[O-])N1CCC[C@H]1COC(=O)C(C)c1ccc(CC(C)C)cc1,'=',6400.0
CHEMBL2158364,CC(Oc1cc(=O)oc2ccccc12)C(=O)Nc1cccc2c(=O)[nH]ccc12,'=',1020.0
CHEMBL473946,COc1ccc(-c2cnsc2-c2ccc(OC)cc2)cc1,'=',800.0
CHEMBL3810371,COC(=O)[C@H](CC(C)C)NC(=O)[C@H](Cc1ccccc1)NC(=O)CNC(=O)CNC(=O)OCc1ccccc1,'=',20000.0
CHEMBL3808516,COC(=O)[C@H](CC(C)C)NC(=O)[C@@H](NC(=O)[C@H](C)NC(=O)CNC(=O)OCc1ccccc1)C(C)C,'=',22000.0
CHEMBL3604187,CCOc1cc(/C=C2\SC(=S)N(NC(=O)c3ccccc3Cl)C2=O)ccc1O,'>',10000.0
CHEMBL3922351,O=C(Oc1ccc2c(c1)CCC2)N(Nc1ccccc1)S(=O)(=O)c1ccc(Cl)cc1,'>',1000.0
CHEMBL4559652,COC(=O)[C@H](Cc1ccccc1)NC(=O)[C@@H]1CCCN1C(=O)CNC(=O)[C@H](CCSC)NC(=O)OCc1ccccc1,'=',100.0
CHEMBL3822638,COc1ccc(-c2cc(C(=O)N/N=C/c3c(Cl)c4ccccc4oc3=O)nn2-c2ccc(S(N)(=O)=O)cc2)cc1OC,'=',10410.0
CHEMBL3823208,NS(=O)(=O)c1ccc(-n2nc(C(=O)N/N=C/c3c(Cl)c4ccccc4oc3=O)cc2-c2cccc(Cl)c2)cc1,'=',540.0
CHEMBL4209915,COc1ccc(-c2nc3cc(NC(=O)c4ccc(O)cc4)ccc3o2)cc1OC,'=',45540.0
CHEMBL468886,C/C(=C\c1cc(O)cc(O)c1)c1cccc(F)c1,'=',2540.0
CHEMBL491081,COc1ccc(/C=C(\C)c2cc(O)cc(O)c2)cc1OC,'=',12800.0
CHEMBL4470517,Cc1ccc(Nc2c(F)cccc2Cl)c(CNc2nnn[nH]2)c1,'=',14.0
CHEMBL504631,CCCCCCCCCCCCCCCCCC(=O)O[C@H]1C[C@@H](O)[C@]2(C)[C@H]3CC[C@@H]4[C@@H]([C@@](C)(O)CCC=C(C)C)CC[C@@]4(C)[C@]3(C)CC[C@H]2C1(C)C,'=',370.0
CHEMBL3264514,CCOC(=O)c1c(C)oc2ccc(Oc3ccccc3)cc12,'=',18500.0
CHEMBL1171451,C[C@@H]1O[C@@H](O[C@H]2[C@H](O)[C@@H](O)[C@H](OC[C@H]3O[C@@H](OC(=O)[C@]45CCC(C)(C)C[C@H]4C4=CC[C@@H]6[C@@]7(C)CC[C@H](O[C@@H]8OC[C@H](O)[C@H](O)[C@H]8O[C@@H]8O[C@@H](C)[C@H](O)[C@@H](O[C@@H]9OC[C@@H](O)[C@@H](O)[C@H]9O)[C@H]8O)[C@@](C)(CO)[C@@H]7CC[C@@]6(C)[C@]4(C)CC5)[C@H](O)[C@@H](O)[C@@H]3O)O[C@@H]2CO)[C@H](O)[C@H](O)[C@H]1O,'>',50000.0
CHEMBL506880,C[C@@H]1O[C@@H](O[C@H]2[C@H](O[C@H]3CC[C@]4(C)[C@H]5CC=C6[C@@H]7CC(C)(C)CC[C@]7(C(=O)O[C@@H]7O[C@H](CO[C@@H]8O[C@H](CO)[C@@H](O[C@@H]9O[C@@H](C)[C@H](O)[C@@H](O)[C@H]9O)[C@H](O)[C@H]8O)[C@@H](O)[C@H](O)[C@H]7O)CC[C@@]6(C)[C@]5(C)CC[C@H]4C3(C)C)OC[C@H](O)[C@@H]2O)[C@H](O)[C@H](O)[C@H]1O,'>',50000.0
CHEMBL3100127,O=C1/C(=C\c2cn(CCCOc3cc(O)c4c(=O)cc(-c5ccccc5)oc4c3)c3ccccc23)c2ccccc2N1c1c(Cl)cccc1Cl,'=',7300.0
CHEMBL3100129,CC1=NN(c2cccc(Cl)c2)C(=O)/C1=C\c1cn(CCCOc2cc(O)c3c(=O)cc(-c4ccccc4)oc3c2)c2ccccc12,'=',700.0
CHEMBL3576986,COC(=O)CNC(=O)[C@H](Cc1c[nH]c2ccccc12)NC(=O)C(=O)c1cn(S(=O)(=O)c2ccc(C)cc2)c2ccccc12,'=',47.0
CHEMBL3576987,COC(=O)[C@@H](Cc1c[nH]c2ccccc12)NC(=O)CNC(=O)C(=O)c1cn(S(=O)(=O)c2ccc(C)cc2)c2ccccc12,'=',6610.0
CHEMBL4789910,O=C(NCCc1c[nH]c2ccc(O)cc12)c1ccccc1Nc1ccccc1,'=',380.0
CHEMBL3596286,CC1(C)CC(c2ccccc2)C(CN2CCN(c3cccc(Cl)c3Cl)CC2)=NO1,'=',6800.0
CHEMBL3596288,COc1ccc([C@H]2C(Cn3c4ccccc4c4ccccc43)=NO[C@@H]3CCCC[C@H]23)cc1,'=',5900.0
CHEMBL4560186,N#Cc1c(/N=C/c2cccs2)c(C(=O)Nc2ccc(Br)cc2)n2c1CCC2,'=',9250.0
CHEMBL192678,Cc1c(CC(=O)O)cc(-c2ccc(S(C)(=O)=O)cc2)n1-c1ccccc1,'=',7000.0
CHEMBL474127,C/C(=C\c1cc(O)cc(O)c1)c1ccc(O)cc1,'=',1570.0
CHEMBL4101105,Cc1c(-c2nnc(-c3cnn(-c4ccccc4)c3C)c3nocc23)cnn1-c1ccccc1,'=',6880.0
CHEMBL1088302,O=C(Nc1ccc(-c2cccc(Cl)c2)cc1)C1=C(O)c2ccccc2S(=O)(=O)N1,'=',74700.0
CHEMBL4635384,O=C(O)c1ccccc1Nc1nc(Cl)nc(Nc2ccc(N3CCOCC3=O)cc2)n1,'=',1000.0
CHEMBL4639953,COC(=O)[C@@H](N)Cc1ccc(Oc2nc(Cl)nc(N3CCCCC3)n2)cc1,'=',5000.0
CHEMBL4648690,Clc1ccc(Nc2nc(Cl)nc(OCc3cn(Cc4ccccc4)nn3)n2)cc1,'=',7000.0
CHEMBL4635388,COC(=O)[C@H](Cc1ccccc1)n1cc(COc2nc(Cl)nc(Nc3ccc(N4CCOCC4=O)cc3)n2)nn1,'=',9000.0
CHEMBL4451723,c1ccc(COc2ccc(-c3nn(-c4ccccc4)cc3-c3cc(-c4ccccc4)no3)cc2)cc1,'=',2110.0
CHEMBL4449489,O=[N+]([O-])c1ccc(/C=N/c2nnc(-c3ccc(Cl)cc3)o2)cc1,'=',130.0
CHEMBL4282685,COc1ccc(-c2cs/c(=N\c3ccc(S(N)(=O)=O)cc3)n2-c2ccccc2)cc1,'=',21780.0
CHEMBL3576981,COC(=O)[C@H](Cc1c[nH]c2ccccc12)NC(=O)CNC(=O)C(=O)c1cn(S(=O)(=O)c2ccc(C)cc2)c2ccccc12,'=',8890.0
CHEMBL3576976,Cc1ccc(S(=O)(=O)n2cc(C(=O)C(=O)N[C@@H](Cc3cnc[nH]3)C(=O)N[C@@H](CCC(=O)O)C(=O)O)c3ccccc32)cc1,'=',540.0
CHEMBL4437752,N#Cc1cnn(-c2ccc(S(N)(=O)=O)cc2)c1NC(=O)c1ccccc1,'=',56.17
CHEMBL29842,COc1c(C(F)(F)F)nn(-c2ccc(S(N)(=O)=O)cc2)c1-c1ccccc1,'=',79.43
CHEMBL3809156,COC(=O)[C@H](CC(C)C)NC(=O)[C@H](Cc1ccccc1)NC(=O)CNC(=O)CN,'=',60.0
CHEMBL4576297,CCCCn1c(C)c2c(c1C)C(=O)N(CN1CCN(c3ccccc3Cl)CC1)C2=O,'=',44900.0
CHEMBL4456451,Cc1c2c(c(C)n1-c1cccc(Cl)c1)C(=O)N(CN1CCN(S(C)(=O)=O)CC1)C2=O,'=',44100.0
CHEMBL4563408,O=C(Nc1ccc(OC(F)F)nc1)NC1CCN(c2ncnc3c2nc(-c2ccccc2Cl)n3-c2ccc(Cl)cc2)CC1,'>',10000.0
CHEMBL3740850,C#Cc1cccc(Nc2ncnc3cc(OCCOC(=O)C(C)c4ccc5cc(OC)ccc5c4)c(OCCOC)cc23)c1,'>',10000.0
CHEMBL3742059,C#Cc1cccc(Nc2ncnc3cc(OCCOC(=O)CC4=C(C)/C(=C\c5ccc([S+](C)[O-])cc5)c5ccc(F)cc54)c(OCCOC)cc23)c1,'>',10000.0
CHEMBL15904,CN1C(NC(=N)N)=NC(=O)/C1=C/c1cc(C(C)(C)C)c(O)c(C(C)(C)C)c1,'=',81000.0
CHEMBL5278506,CCCCNC(=O)c1cc(NCc2cc(O)ccc2O)ccc1O,'=',100.0
CHEMBL83527,COc1cc(/C=C/c2ccc(O)cc2)cc(OC)c1,'=',820.0
CHEMBL5087462,COc1ccc(NC(=O)c2ccccc2Nc2cccc(Cl)c2C)cc1,'=',33610.0
CHEMBL5081898,COc1ccc(NC(=O)c2cccnc2Nc2cccc(Cl)c2C)cc1,'>',150000.0
CHEMBL5090197,O=C(Nc1ccc2c(c1)OCO2)c1ccccc1Nc1cccc(C(F)(F)F)c1,'=',105040.0
CHEMBL3623736,O=C(O)c1cccc(Nc2cccc(S(F)(F)(F)(F)F)c2)c1,'>',100000.0
CHEMBL3740595,C#Cc1cccc(Nc2ncnc3cc(OCCOC(=O)Cc4c(C)n(C(=O)c5ccc(Cl)cc5)c5ccc(OC)cc45)c(OCCOC)cc23)c1,'>',10000.0
CHEMBL2063855,CC(C(=O)O)c1ccc(Cc2ccsc2)cc1F,'=',8300.0
CHEMBL507430,CC(C)=CCC12Oc3cc(O)c(C4=CC5(C)CC(C4)c4ccc(O)cc4O5)c(O)c3C(=O)C1(O)Oc1cc(O)ccc12,'>',100000.0
CHEMBL3774572,CC(C(=O)O)c1ccc(-c2cccc(OC(=O)NC3CC3)c2)c(F)c1,'=',74300.0
CHEMBL3774467,CC(C(=O)O)c1ccc(-c2cccc(OC(=O)NCCC3CCCCC3)c2)c(F)c1,'=',10800.0
CHEMBL3774781,CC(C)NC(=O)Oc1cccc(-c2ccc(C(C)C(=O)O)cc2F)c1,'>',100000.0
CHEMBL3774873,CCCCCCCCNC(=O)Oc1cccc(-c2ccc(C(C)C(=O)O)cc2F)c1,'=',28800.0
CHEMBL3774442,CCCCCCOC(=O)Nc1cccc(-c2ccc(C(C)C(=O)O)cc2F)c1,'=',170.0
CHEMBL3775360,CCCCCCNC(=O)Oc1cccc(-c2ccc(C(C)C(=O)OC)cc2F)c1,'>',100000.0
CHEMBL3774784,CCCCCCNC(=O)Oc1cccc(-c2ccc([C@H](C)C(=O)O)cc2F)c1,'=',50.0
CHEMBL221907,CC(C)=CCc1c(-c2ccc(O)cc2O)oc2cc3c(c(O)c2c1=O)C=CC(C)(C)O3,'=',2500.0
CHEMBL4645058,COC(=O)[C@H](Cc1ccccc1)n1cc(COc2nc(Cl)nc(N3CCCC3)n2)nn1,'=',6000.0
CHEMBL5196097,[11CH3]Oc1ccc(-c2c(-c3ccc(S(N)(=O)=O)cc3)[nH]c3ccccc23)cc1,'=',0.006
CHEMBL4566953,CC1(C)[C@@H](O)CC[C@]2(C)[C@H]3CC=C4[C@@H]5C[C@@](C)(CO)CC[C@]5(C)CC[C@@]4(C)[C@]3(C)CC[C@@H]12,'>',40000.0
CHEMBL1802044,CC(=O)O[C@@H]1CC[C@@]2(C)[C@@H](CC[C@]3(C)[C@@H]2CC=C2[C@@H]4CC(C)(C)CC[C@]4(C)CC[C@]23C)[C@@]1(C)C(=O)O,'>',40000.0
CHEMBL518475,C[C@H]1[C@H](C)CC[C@]2(C)CC[C@]3(C)C(=CC[C@@H]4[C@@]5(C)CCC(=O)C(C)(C)[C@@H]5CC[C@]43C)[C@H]12,'>',40000.0
CHEMBL3290194,O=C1/C(=C/c2ccc(N3CCCC3)cc2)Cc2ccccc21,'=',54640.0
CHEMBL3234235,CCOC(=O)/C(=C/c1ccc(Br)cc1)CSc1nc(C)cc(C)n1,'=',3170.0
CHEMBL3234226,COC(=O)/C(=C/c1ccc2ccccc2c1)CSc1nc2ccccc2o1,'=',4340.0
CHEMBL3113236,O=S(=O)(Nc1ccncc1Nc1ccc(F)c(Cl)c1)C(F)(F)F,'=',1570.0
CHEMBL3113231,Cc1ccc(Nc2cnccc2NS(=O)(=O)C(F)(F)F)cc1C,'=',550.0
CHEMBL4072576,c1cc(-c2ccc(Nc3nc(N4CCOCC4)nc(N4CCOCC4)n3)cc2)on1,'=',1170.0
CHEMBL2347667,CSc1nc(-c2ccc(F)cc2)c(-c2ccc(S(C)(=O)=O)cc2)[nH]1,'=',70.0
CHEMBL4285920,O=c1c2ccccc2nc(SCc2cn(-c3ccc(Cl)cc3)nn2)n1-c1ccccc1,'=',190.0
CHEMBL4742775,COc1ccc2c(c1)c(CCNC(C)=O)cn2C(=O)c1ccc(Cl)cc1,'>',60000.0
CHEMBL3289107,C=C(C)[C@@H]1CC[C@]2(CO)CC[C@]3(C)[C@H](CC[C@@H]4[C@@]5(C)CC[C@H](OC(C)=O)[C@](C)(C(=O)O)[C@@H]5CC[C@]43C)[C@@H]12,'>',10000.0
CHEMBL43065,Oc1cc(O)cc(/C=C/c2ccc(O)cc2O)c1,'=',109000.0
CHEMBL349564,CS(=O)(=O)c1ccc(-c2cnn(Cc3cccs3)c(=O)c2-c2ccc(F)cc2)cc1,'<',410.0
CHEMBL3400660,C/C=C(\C)C(=O)O[C@@H]1[C@@H](C)[C@@]2(O)[C@@H](C(=O)C(CO)=C[C@]3(O)C(=O)C(C)=C[C@@H]23)[C@@H]2C(C)(C)[C@]12OC(=O)C(C)CC,'>',50000.0
CHEMBL4544804,COc1ccc(-c2c(-c3ccc(N)cc3)noc2C)cc1,'>',50000.0
CHEMBL4571499,COc1ccc(-c2noc(CCO)c2-c2ccc(OC)cc2)cc1,'=',190.0
CHEMBL3309821,O=S(=O)(c1ccccc1)N1N=C(C(F)(F)F)CC1c1cccc2ccccc12,'=',67130.0
CHEMBL3809328,CC(C)C[C@H](NC(=O)CNC(=O)[C@@H](N)C(C)C)C(=O)O,'=',2000.0
CHEMBL4564780,COc1ccccc1/C=C/C1=NN(c2ccccc2)C(=O)CC1,'=',134.58
CHEMBL4450213,COc1ccccc1/C=C/c1ccc(=O)[nH]n1,'=',98.03
CHEMBL1939668,Cc1c(CC(=O)OCCO[N+](=O)[O-])cc(-c2ccc(S(C)(=O)=O)cc2)n1-c1ccccc1,'=',43.0
CHEMBL2337404,Cc1c(CCOCCCO[N+](=O)[O-])cc(-c2ccc(S(C)(=O)=O)cc2)n1-c1ccccc1,'=',15.0
CHEMBL1939512,Cc1c(CC(=O)OCCO)cc(-c2ccc(S(C)(=O)=O)cc2)n1-c1ccc(F)cc1,'=',89.0
CHEMBL599,Cc1cnc(NC(=O)C2=C(O)c3ccccc3S(=O)(=O)N2C)s1,'=',160.0
CHEMBL5287285,CC1=NN(c2ccccc2)C(=O)/C1=N/Nc1cccc(-c2nc3ccccc3[nH]2)c1,'=',170.0
CHEMBL5289200,CCOP(=O)(OCC)C(NC(=O)c1cc(-c2cccc3ccccc23)n(-c2ccc(S(N)(=O)=O)cc2)n1)c1ccc(Br)cc1,'=',220.0
CHEMBL5288533,Cc1c(-c2ccccc2)n(C(=O)c2ccc(Cl)cc2)c2ccc(S(C)(=O)=O)cc12,'=',1650.0
CHEMBL4465168,NS(=O)(=O)c1ccc(-n2nc(C(=O)N3CCSCC3)cc2-c2ccc(Br)cc2)cc1,'=',1280.0
CHEMBL1775106,Nc1cccc(Oc2ccc(OCCN3CCCC3)cc2)c1,'>',100000.0
CHEMBL223256,CC(C)=CCC/C(C)=C/Cc1c(O)cc2c(c1O)C(=O)C[C@@H](c1ccc(O)c(O)c1)O2,'=',4200.0
CHEMBL3775610,CCCCCCNC(=O)Oc1ccccc1-c1ccc(C(C)C(=O)O)cc1F,'>',100000.0
CHEMBL4857790,Cc1ccc2nc(O)c(/C=N/n3c(=S)[nH]nc(Cc4ccccc4)c3=O)cc2c1,'=',280.0
CHEMBL4867950,O=c1c(Cc2ccccc2)n[nH]c(=S)n1/N=C/c1cc2cc(OCc3ccccc3)ccc2nc1O,'=',47.0
CHEMBL3763742,O=C(O)c1cc(/C=C/c2cc(O)cc(O)c2)ccc1O,'=',10300.0
CHEMBL482206,CS(=O)(=O)c1cccc(C#Cc2ccc(=O)n(C(F)F)c2)c1,'=',3700.0
CHEMBL3309955,O=C1/C(=C/c2ccc(N3CCCC3)cc2)CNC/C1=C\c1ccc(N2CCCC2)cc1,'>',100000.0
CHEMBL3290195,O=C1/C(=C/c2ccc(N3CCCC3)cc2)CCc2ccccc21,'>',100000.0
CHEMBL4246412,Cc1ccc(-c2cc(COC(=O)COc3cc(O)c4c(=O)cc(-c5ccccc5)oc4c3)nn2-c2ccc(Cl)cc2)cc1,'=',1440.0
CHEMBL4283242,O=c1c2ccccc2nc(SCc2cn(-c3ccc(Cl)cc3)nn2)n1-c1ccc(Cl)cc1,'=',530.0
CHEMBL1171450,C[C@@H]1O[C@@H](O[C@H]2[C@H](O)[C@@H](O)[C@H](OC[C@H]3O[C@@H](OC(=O)[C@]45CCC(C)(C)C[C@H]4C4=CC[C@@H]6[C@@]7(C)CC[C@H](O[C@@H]8OC[C@H](O)[C@H](O)[C@H]8O[C@@H]8O[C@@H](C)[C@H](O)[C@@H](O[C@@H]9OC[C@@H](O)[C@@H](O)[C@H]9O)[C@H]8O)C(C)(C)[C@@H]7CC[C@@]6(C)[C@]4(C)CC5)[C@H](O)[C@@H](O)[C@@H]3O)O[C@@H]2CO)[C@H](O)[C@H](O)[C@H]1O,'>',50000.0
CHEMBL1171447,COc1ccc(/C=C/C(=O)O[C@H]2[C@H](O[C@H]3[C@H](O)[C@@H](O)[C@H](O[C@@H]4CO[C@@H](O[C@@H]5[C@@H](O)[C@H](C)O[C@@H](O[C@H]6[C@H](O[C@H]7CC[C@]8(C)[C@H]9CC=C%10[C@@H]%11CC(C)(C)CC[C@]%11(C(=O)O[C@@H]%11O[C@H](CO[C@@H]%12O[C@H](CO)[C@@H](O[C@@H]%13O[C@@H](C)[C@H](O)[C@@H](O)[C@H]%13O)[C@H](O)[C@H]%12O)[C@@H](O)[C@H](O)[C@H]%11O)CC[C@@]%10(C)[C@]9(C)CC[C@H]8C7(C)C)OC[C@H](O)[C@@H]6O)[C@@H]5O)[C@H](O)[C@@H]4O)O[C@@H]3CO)O[C@H](CO)[C@@H](O)[C@@H]2O[C@@H]2O[C@H](CO[C@@H]3O[C@@H](C)[C@H](O)[C@@H](O)[C@H]3O[C@@H]3O[C@H](CO)[C@@H](O)[C@H](O)[C@H]3O)[C@@H](O)[C@H](O)[C@H]2O)cc1O,'=',6700.0
CHEMBL3355602,[2H]C([2H])([2H])c1cc2c(c(C([2H])([2H])[2H])c1Cl)C=C(C(=O)O)C(C(F)(F)F)O2,'=',54.0
CHEMBL496464,CSc1ccc(/C=C2\C=C(CC(=O)O)c3cc(F)ccc32)cc1,'>',4000.0
CHEMBL4547430,N#CC1=C(N)OC(c2ccc(Cl)cc2)=CC1c1cn(-c2ccccc2)nc1-c1ccc(OCc2ccccc2)cc1,'=',11640.0
CHEMBL4463182,NC(=S)n1nc(-c2ccc(Cl)cc2)cc1-c1cn(-c2ccccc2)nc1-c1ccc(OCc2ccccc2)cc1,'=',4690.0
CHEMBL3287567,COc1ccc(-c2ccccc2-c2nc3ccccc3o2)cc1Cl,'=',670.0
CHEMBL3290441,COc1cc(/C=C/c2cc(/C=C/c3cc(CC=C(C)C)c(O)c(OC)c3)[nH]n2)cc(CC=C(C)C)c1O,'=',13.0
CHEMBL2337409,Cc1c(CCOCCO)cc(-c2ccc(S(C)(=O)=O)cc2)n1-c1ccc(F)cc1,'=',400.0
CHEMBL5396677,Nc1c(C(=O)N/N=C/c2ccccc2[N+](=O)[O-])cnn1-c1ccc(S(N)(=O)=O)cc1,'=',140.0
CHEMBL4759732,COc1ccc(-c2noc(CC(=O)Nc3ccc(-c4ccc(N)cc4)cc3)c2-c2ccc(OC)cc2)cc1,'=',300.0
CHEMBL4539136,Cc1ccc(-c2cc(C(=O)N3CCOCC3)nn2-c2ccc(S(N)(=O)=O)cc2)cc1,'=',930.0
CHEMBL4748665,COC(=O)CC1N(C(=O)Nc2cccc(C)n2)C(=O)c2ccccc2S1(=O)=O,'=',288200.0
CHEMBL2315014,CC(C)Cc1ccc(C(C)C(=O)OCCn2c3ccccc3c(=O)c3ccccc32)cc1,'=',670.0
CHEMBL2347669,CS(=O)(=O)c1ccc(-c2[nH]c(S(C)(=O)=O)nc2-c2ccccc2)cc1,'=',280.0
CHEMBL4745894,COc1ccc(NC(=O)N2C(=O)c3ccccc3S(=O)(=O)C2C)cc1,'=',227500.0
CHEMBL2181776,Cn1c(-c2ccccn2)c(C2CCCC2)c2ccc(C(=O)NC3(C(=O)Nc4ccc(/C=C/C(=O)O)cc4)CCC3)cc21,'<',10000.0
CHEMBL4475300,C=C(C)[C@@H]1CC[C@]2(C)CC[C@]3(C)[C@H](CCC4[C@@]5(C)[C@H](O)C[C@H](O)C(C)(C)[C@@H]5CC[C@]43C)[C@@H]12,'=',450000.0
CHEMBL4868061,Cc1cccc(Nc2ccccc2C(=O)NCCc2c[nH]c3ccccc23)c1,'=',30960.0
CHEMBL4876947,O=C(NCCc1c[nH]c2ccccc12)c1ccccc1Nc1cncc(Br)c1,'>',40000.0
CHEMBL270510,Cc1ccc(CNc2cc(C(F)(F)F)nc(-c3ccc(S(C)(=O)=O)cc3)n2)cc1,'=',20661412.1
CHEMBL3355608,[2H]C([2H])([2H])c1cc(Cl)cc2c1OC(C(F)(F)F)C(C(=O)O)=C2,'=',59.0
CHEMBL4161423,CS(=O)(=O)c1ccc(-c2nc(SCCN(O)C(N)=O)nn2-c2ccc(Br)cc2)cc1,'=',150.0
CHEMBL1171252,COc1ccc(/C=C/C(=O)O[C@H]2[C@H](O[C@H]3[C@H](O)[C@@H](O)[C@H](O[C@@H]4CO[C@@H](O[C@@H]5[C@@H](O)[C@H](C)O[C@@H](O[C@H]6[C@H](O[C@H]7CC[C@@]8(C)[C@@H](CC[C@]9(C)[C@@H]8CC=C8[C@@H]%10CC(C)(C)CC[C@]%10(C(=O)O[C@@H]%10O[C@H](CO[C@@H]%11O[C@H](CO)[C@@H](O[C@@H]%12O[C@@H](C)[C@H](O)[C@@H](O)[C@H]%12O)[C@H](O)[C@H]%11O)[C@@H](O)[C@H](O)[C@H]%10O)CC[C@]89C)[C@]7(C)CO)OC[C@@H](O)[C@@H]6O)[C@@H]5O)[C@H](O)[C@@H]4O)O[C@@H]3CO)O[C@H](CO)[C@@H](O)[C@@H]2O[C@@H]2O[C@H](CO[C@@H]3O[C@@H](C)[C@H](O)[C@@H](O)[C@H]3O)[C@@H](O[C@@H]3O[C@H](CO)[C@@H](O)[C@H](O)[C@H]3O)[C@H](O)[C@H]2O)cc1O,'=',6100.0
CHEMBL1171258,COc1ccc(/C=C/C(=O)O[C@H]2[C@H](O[C@H]3[C@H](O)[C@@H](O)[C@H](O[C@@H]4CO[C@@H](O[C@@H]5[C@@H](O)[C@H](C)O[C@@H](O[C@H]6[C@H](O[C@H]7CC[C@]8(C)[C@H]9CC=C%10[C@@H]%11CC(C)(C)CC[C@]%11(C(=O)O[C@@H]%11O[C@H](CO[C@@H]%12O[C@H](CO)[C@@H](O[C@@H]%13O[C@@H](C)[C@H](O)[C@@H](O)[C@H]%13O)[C@H](O)[C@H]%12O)[C@@H](O)[C@H](O)[C@H]%11O)CC[C@@]%10(C)[C@]9(C)CC[C@H]8C7(C)C)OC[C@H](O)[C@@H]6O)[C@@H]5O)[C@H](O)[C@@H]4O)O[C@@H]3CO)O[C@H](CO)[C@@H](O)[C@@H]2O)cc1O,'=',8800.0
CHEMBL1257225,COc1ccc2c(c1)c(CC(=O)O)c(C)n2CC1=CCC(=O)N(C(F)F)C1,'>',100000.0
CHEMBL1221795,CS(=O)(=O)c1ccc(C(CCF)=C(c2ccccc2)c2ccccc2)cc1,'>',100000.0
CHEMBL4537499,Cc1c2c(c(C)n1-c1cccc(Cl)c1)C(=O)N(CN1CCN(c3ccccc3)CC1)C2=O,'=',43900.0
CHEMBL5290087,COc1ccccc1-c1nnc(Cn2c(CN3CCOCC3)nc3ccccc32)o1,'=',13700.0
CHEMBL3906394,O=C(Cn1cnc(-c2ccccc2)c1-c1ccccc1)N1CCCCC1,'=',13120.0
CHEMBL4102029,Cc1c(C(=O)c2nocc2C(=O)c2ccccc2)cnn1-c1ccccc1,'=',1490.0
CHEMBL2283174,CS(=O)(=O)c1ccc(/C=C(\c2ccccc2)c2ccc(Cl)cc2)cc1,'=',114.0
CHEMBL2334130,CCCCN(CCCC)C(=O)/C=C/c1c(/C=C/c2ccc(OC)cc2)cc(OC)cc1OC,'=',10080.0
CHEMBL2283151,CS(=O)(=O)c1ccc(C=C(c2ccccc2)c2ccccc2)cc1,'=',310.0
CHEMBL4845806,O=C(NCCc1c[nH]c2ccccc12)c1ccccc1Nc1ccccc1I,'>',40000.0
CHEMBL4871719,O=C(NCCc1c[nH]c2ccccc12)c1ccccc1Nc1cccnc1,'=',23670.0
CHEMBL230006,CC1(C)[C@@H](O)CC[C@]2(C)[C@H]3C(=O)C=C4[C@@H]5C[C@@](C)(C(=O)O)CC[C@]5(C)CC[C@@]4(C)[C@]3(C)CC[C@@H]12,'>',40000.0
CHEMBL5279940,CN1C/C(=C\c2ccc(Cl)s2)C2=NN(c3ccccc3)C(c3ccc(Cl)s3)C2C1,'=',2.0
CHEMBL4474324,COC(=O)CNC(=O)[C@H](C)NC(=O)[C@@H]1CCCN1C(=O)CNC(=O)[C@H](C)N,'=',100.0
CHEMBL5181234,COC(=O)C([11CH3])c1cccc(C(=O)c2ccccc2)c1,'=',2900.0
CHEMBL4444391,Cc1cc(-n2cc(-c3ccc(F)cc3)nn2)n(-c2ccc(S(C)(=O)=O)cc2)n1,'=',60.0
CHEMBL4856646,COc1ccc2nc(O)c(/C=N/n3c(=S)[nH]nc(Cc4cc(OC)c(OC)c(OC)c4)c3=O)cc2c1,'=',60.0
CHEMBL3325874,Cc1nn(-c2ccccc2)c(N2CCNCC2)c1/C=N/Nc1nc2ccccc2nc1O,'=',16000.0
CHEMBL4161755,COc1ccc2c(c1)c1c(n2C(=O)c2ccc(Cl)cc2)CC(C)(C)CC1=O,'=',970.0
CHEMBL1939670,Cc1c(CC(=O)OCCO[N+](=O)[O-])cc(-c2ccc(S(C)(=O)=O)cc2)n1-c1cccc(F)c1,'=',3200.0
CHEMBL3104559,Cc1c(CC(=O)NCCCO)cc(-c2ccc(S(C)(=O)=O)cc2)n1-c1cccc(F)c1,'=',14.0
CHEMBL3104539,Cc1c(CC(=O)NCCO)cc(-c2ccc(S(C)(=O)=O)cc2)n1-c1ccc(F)cc1,'=',300.0
CHEMBL1171453,C[C@@H]1O[C@@H](O[C@H]2[C@H](O)[C@@H](O)[C@H](OC[C@H]3O[C@@H](OC(=O)[C@]45CCC(C)(C)C[C@H]4C4=CC[C@@H]6[C@@]7(C)CC[C@H](O[C@@H]8OC[C@H](O)[C@H](O)[C@H]8O[C@@H]8O[C@@H](C)[C@H](O)[C@@H](O[C@@H]9OC[C@@H](O[C@@H]%10O[C@H](CO)[C@@H](O)[C@H](O)[C@H]%10O)[C@@H](O)[C@H]9O)[C@H]8O)[C@@](C)(CO)[C@@H]7CC[C@@]6(C)[C@]4(C)CC5)[C@H](O)[C@@H](O)[C@@H]3O)O[C@@H]2CO)[C@H](O)[C@H](O)[C@H]1O,'>',50000.0
CHEMBL4868926,O=C(NCCc1c[nH]c2ccccc12)c1ccccc1Nc1ccccc1Br,'>',40000.0
CHEMBL1939677,COc1ccc(-n2c(-c3ccc(S(C)(=O)=O)cc3)cc(CC(=O)OCCCO[N+](=O)[O-])c2C)cc1,'=',2.0
CHEMBL2337406,Cc1c(CCOCCCO[N+](=O)[O-])cc(-c2ccc(S(C)(=O)=O)cc2)n1-c1ccc(F)cc1,'=',190.0
CHEMBL3325873,Cc1nn(-c2ccccc2)c(N2CCCCC2)c1/C=N/Nc1nc2ccccc2nc1O,'=',22000.0
CHEMBL4560235,NS(=O)(=O)c1ccc(-n2nc(C(=O)NCCN3CCOCC3)cc2-c2ccc(Cl)cc2)cc1,'=',310.0
CHEMBL5272219,CC(=O)c1cc2cc(-c3cccc(Cl)c3)oc2cc1O,'=',2810.0
CHEMBL1080407,COc1ccccc1Nc1cnccc1NS(=O)(=O)C(F)(F)F,'=',2530.0
CHEMBL1078373,CS(=O)(=O)Nc1ccncc1Nc1ccc(Br)cc1,'=',21900.0
CHEMBL5180809,O=C1C[C@]23CC[C@H](O)[C@]2(COC3=O)c2c(O)ccc(O)c21,'=',25500.0
CHEMBL4872636,COc1cc(Cc2n[nH]c(=S)n(/N=C/c3cc4cc(C)ccc4nc3O)c2=O)cc(OC)c1OC,'=',65.0
CHEMBL1390514,FC(F)(F)c1ccc(CSc2nccn2-c2ccccc2)cc1,'>',100000.0
CHEMBL4278258,COc1cc([C@@H]2CC(=O)c3c(cc4c(c3O)C=CC(C)(CCC=C(C)C)O4)O2)ccc1O,'=',9500.0
CHEMBL5404402,O=C(CNc1ncnc2sc3c(c12)CCCC3)NN=Cc1ccc(Cl)cc1,'=',660.0
CHEMBL1939671,Cc1c(CC(=O)OCCCO[N+](=O)[O-])cc(-c2ccc(S(C)(=O)=O)cc2)n1-c1cccc(F)c1,'=',7.0
CHEMBL2337396,Cc1c(CCOCCO)cc(-c2ccc(S(C)(=O)=O)cc2)n1-c1ccc(F)c(F)c1,'=',420.0
CHEMBL5426167,CCOC(=O)CC(=O)Nc1[nH]nc(N)c1/N=N/c1ccc(O)cc1,'=',124640.0
CHEMBL686,Cc1cccc(Nc2ccccc2C(=O)O)c1C,'=',2900.0
CHEMBL297108,Cc1ccc(-c2nc(C(F)(F)F)cn2-c2ccc(S(N)(=O)=O)cc2)cc1,'=',40.0
CHEMBL1939515,CSc1ccc(-n2c(-c3ccc(S(C)(=O)=O)cc3)cc(CC(=O)OCCCO)c2C)cc1,'=',260.0
CHEMBL444539,O=C(NNc1ccccc1)c1ccccc1,'=',10000.0
CHEMBL3576982,COC(=O)CC[C@@H](NC(=O)[C@@H](Cc1cnc[nH]1)NC(=O)C(=O)c1cn(S(=O)(=O)c2ccc(C)cc2)c2ccccc12)C(=O)OC,'=',8330.0
CHEMBL3576979,Cc1ccc(S(=O)(=O)n2cc(C(=O)C(=O)N[C@@H](Cc3c[nH]c4ccccc34)C(=O)NCC(=O)O)c3ccccc32)cc1,'=',6.3
CHEMBL5419055,CC(=O)NCCc1cc(O)c(O)cc1C(=O)c1ccc(O)c(O)c1,'=',768.0
CHEMBL5275735,COc1ccc(/C=C2/SC(=S)C(Nc3nc4c(cnn4-c4ccccc4)c(=O)n3-c3ccccc3)C2=O)cc1OC,'=',370.0
CHEMBL5283786,CS(=O)(=O)c1ccc(-c2cc3ccccc3n2Cc2ccc(Cl)cc2)cc1,'=',110.0
CHEMBL5283831,CS(=O)(=O)c1ccc(-c2cc3cc(F)ccc3n2Cc2ccc(Cl)cc2)cc1,'=',150.0
CHEMBL5271448,CCCOC(=O)c1nc2c(cnn2-c2ccccc2)c(=O)[nH]1,'=',31400.0
CHEMBL5270103,O=C(NC1CCCCC1)c1cc(/N=C/c2cc(O)ccc2O)ccc1O,'=',110.0
CHEMBL5267222,C=C1C(O)CCC2C1(C)CCC(C)C2(C)CCC1=CC(=O)OC1O,'=',12.82
CHEMBL5440386,CC#C[C@@H](CC(=O)O)c1ccc(-c2ccc(C(F)(F)F)cc2)cc1,'>',30000.0
CHEMBL5284686,CCOP(=O)(OCC)C(NC(=O)c1cc(-c2cccc3ccccc23)n(-c2ccc(S(N)(=O)=O)cc2)n1)c1ccc(Cl)cc1,'=',220.0
CHEMBL5276722,CCOP(=O)(OCC)C(NC(=O)c1cc(-c2cccs2)n(-c2ccc(S(N)(=O)=O)cc2)n1)c1ccc(Br)cc1,'=',220.0
CHEMBL5273576,CCOP(=O)(OCC)C(NC(=O)c1cc(-c2ccc(OC)cc2)n(-c2ccc(S(N)(=O)=O)cc2)n1)c1ccccc1,'=',280.0
CHEMBL5279070,CCOP(=O)(OCC)C(C)NC(=O)c1cc(-c2cccc(OC)c2)n(-c2ccc(S(N)(=O)=O)cc2)n1,'=',280.0
CHEMBL5267093,CCOP(=O)(OCC)C(NC(=O)c1cc(-c2cccc(OC)c2)n(-c2ccc(S(N)(=O)=O)cc2)n1)c1ccc(Br)cc1,'=',280.0
CHEMBL5265750,COc1cc(C2CC(c3cccc(-n4cnnn4)c3)=NN2C(C)=O)cc(OC)c1OC,'=',39.0
CHEMBL5283848,COc1ccc(C2CC(c3cccc(-n4cnnn4)c3)=NN2)cc1OC,'=',39.0
CHEMBL5275198,CC(=O)N1N=C(C)/C(=N\Nc2cccc(-c3nc4ccccc4s3)c2)C1=O,'=',100.0
CHEMBL1573436,CC(=O)NC(c1cccs1)c1cc(Br)c2cccnc2c1O,'>',100000.0
CHEMBL4063233,NS(=O)(=O)c1ccc(-n2nc(C(=O)OCCOc3cc(=O)oc4ccccc34)cc2-c2cccc(Cl)c2)cc1,'=',1430.0
CHEMBL3774867,CC(C)CNC(=O)Oc1cccc(-c2ccc(C(C)C(=O)O)cc2F)c1,'>',100000.0
CHEMBL3775104,CCCCCNC(=O)Oc1cccc(-c2ccc(C(C)C(=O)O)cc2F)c1,'=',160.0
CHEMBL3747733,COc1ccc(C2CC(c3ccco3)=NN2c2ccc(S(N)(=O)=O)cc2)cc1,'=',1980.0
CHEMBL5424814,CCOC(=O)CNc1ncnc2sc3c(c12)CCCC3,'=',110.0
CHEMBL5433854,O=C(CNc1ncnc2sc3c(c12)CCCC3)NN=Cc1cccc(Cl)c1,'=',650.0
CHEMBL3746891,NS(=O)(=O)c1ccc(N2N=C(c3cccs3)CC2c2cccs2)cc1,'=',6110.0
CHEMBL3747437,NS(=O)(=O)c1ccc(N2N=C(c3ccco3)CC2c2ccc(Cl)cc2)cc1,'=',1520.0
CHEMBL3746265,NS(=O)(=O)c1ccc(N2N=C(c3cccs3)CC2c2ccc(C(F)(F)F)cc2)cc1,'=',970.0
CHEMBL1814813,CN=[S+](C)([O-])c1ccc(C2=C(c3ccccc3)C(=O)OC2)cc1,'=',156.0
CHEMBL5414373,CC(=O)Nc1nn2c(NC(C)=O)cc(=O)[nH]c2c1/N=N/c1ccc(O)cc1,'=',15910.0
CHEMBL5418554,COc1ccc(-c2nc3c(/N=N/c4ccc(O)cc4)c(N)nn3c(N)c2C#N)cc1,'=',21110.0
CHEMBL5408465,Nc1nn2c(-c3cccs3)cc(-c3cccs3)nc2c1/N=N/c1ccc(O)cc1,'=',3370.0
CHEMBL4758894,COc1ccc(-c2noc(CC(=O)Nc3ccc(N)cc3)c2-c2ccc(OC)cc2)cc1,'=',500.0
CHEMBL4172740,CS(=O)(=O)c1ccc2c(c1)c1c(n2S(=O)(=O)c2ccc(Cl)cc2)CCCC1=O,'=',790.0
CHEMBL4528376,Cc1c2c(c(C)n1-c1ccccc1)C(=O)N(CN1CCN(c3ccccc3)CC1)C2=O,'=',42500.0
CHEMBL4546047,CCCCn1c(C)c2c(c1C)C(=O)N(CN1CCN(c3ccccc3OCC)CC1)C2=O,'=',53900.0
CHEMBL4559732,Cc1c2c(c(C)n1-c1cccc(Cl)c1)C(=O)N(CN1CCN(c3ccccc3F)CC1)C2=O,'=',44900.0
CHEMBL4471677,CCCCn1c(C)c2c(c1C)C(=O)N(CN1CCN(c3ccc(F)cc3F)CC1)C2=O,'=',45400.0
CHEMBL4556356,COc1ccccc1N1CCN(CN2C(=O)c3c(c(C)n(-c4ccccc4)c3C)C2=O)CC1,'=',46400.0
CHEMBL404313,C[C@H]1[C@H](C)CC[C@]2(C(=O)O)CC[C@]3(C)C(=CC[C@@H]4[C@@]5(C)C[C@@H](O)[C@H](O)[C@@](C)(CO)[C@@H]5CC[C@]43C)[C@H]12,'>',40000.0
CHEMBL5171570,[11CH3]S(=O)(=O)c1ccc(C2=C(c3ccccc3)C(=O)OC2)cc1,'=',18.0
CHEMBL4293163,NS(=O)(=O)c1ccc(-c2conc2-c2ccccc2)cc1,'=',48.0
CHEMBL5288656,CCOP(=O)(OCC)C(NC(=O)c1cc(-c2cccc3ccccc23)n(-c2ccc(F)cc2)n1)c1ccc(Cl)cc1,'=',220.0
CHEMBL5271327,CCOP(=O)(OCC)C(NC(=O)c1cc(-c2cccs2)n(-c2ccc(S(N)(=O)=O)cc2)n1)c1ccc(OC)cc1,'=',220.0
CHEMBL5284171,C=CCn1c(-c2ccc(OC)cc2)cs/c1=N\NC(=O)c1cc(NCCCC)c(Oc2ccccc2)c(S(N)(=O)=O)c1,'=',1520.0
CHEMBL5267823,Cc1c(C(=O)NNC(=S)Nc2ccccc2)nnn1-c1ccc(S(N)(=O)=O)cc1,'=',2610.0
CHEMBL5271593,CC1=NN(c2ccc(S(N)(=O)=O)cc2)C(=O)/C1=C\c1ccc(F)cc1C,'=',150.0
CHEMBL5270907,O=C1CS/C(=N/c2nnc(-c3ccccc3)s2)N1,'=',190.0
CHEMBL4282782,N#CCC(=O)N/N=C/c1c[nH]c2ccccc12,'=',1020.0
CHEMBL4293285,NS(=O)(=O)c1ccc(/N=c2\scc(-c3ccc(Cl)cc3)n2-c2ccccc2)cc1,'=',16210.0
CHEMBL1672583,CS(=O)(=O)c1ccc(-n2nc(C(F)(F)F)cc2-c2ccc(I)cc2)cc1,'=',5200.0
CHEMBL5085349,COc1ccc(CCNC(=O)c2ccccc2Nc2ccccc2)cc1,'>',150000.0
CHEMBL3322410,NS(=O)(=O)c1ccc(N2CCN=C2c2ccc(Cl)cc2)cc1,'=',3400.0
CHEMBL2023820,O=C(O)c1cccc(Nc2ccc([N+](=O)[O-])c3ccccc23)c1,'>',100000.0
CHEMBL179723,CS(=O)(=O)c1ccc(C=C(c2ccc(F)cc2)c2ccc(F)cc2)cc1,'=',32000.0
CHEMBL405127,CS(=O)(=O)c1ccc(/C=C(/C(=O)O)c2ccccc2)cc1,'=',3000.0
CHEMBL5191702,O=c1[nH]cc(CSc2ccc(C(F)F)cc2)[nH]c1=O,'>',10000.0
CHEMBL10345,CC(C)OC1=C(c2ccc(S(C)(=O)=O)cc2)C(C)(C)OC1=O,'=',300.0
CHEMBL5090304,COC(=O)[C@H](CO)n1nncc1COc1ccc2ccccc2c1-c1c(OCc2cnnn2[C@@H](CO)C(=O)OC)ccc2ccccc12,'=',30000.0
CHEMBL374130,CC(C)=CCC/C(C)=C/Cc1c(O)cc2c(c1O)C(=O)C[C@@H](c1ccc(O)cc1)O2,'=',6000.0
CHEMBL374646,CC(C(=O)O)c1ccc2c3cc(Cl)ccc3n(S(=O)(=O)c3ccc(Cl)cc3)c2c1,'>',100000.0
CHEMBL5283166,COc1ccc(-c2nc(-c3cn(C)c4ccccc34)c(C(=O)c3ccc(C#N)cc3)s2)cc1OC,'=',2100.0
CHEMBL409627,C=C1C(=O)O[C@@H]2[C@H]1[C@@H](OC(C)=O)C[C@H](C)[C@@H]1CCC(=O)[C@@]21C,'=',2900.0
CHEMBL5409427,O=C(CNc1ncnc2sc3c(c12)CCCC3)NN=Cc1ccc(Cl)c(Cl)c1,'=',70.0
CHEMBL5403984,O=C(CNc1ncnc2sc3c(c12)CCCC3)NN=Cc1ccco1,'=',1130.0
CHEMBL5399127,CC1(O)CC(c2ccccc2)=NN1C(=O)CNc1ncnc2sc3c(c12)CCCC3,'=',960.0
CHEMBL5400672,NNC(=O)CNc1nc(-c2ccccc2)nc2sc3c(c12)CCCC3,'=',700.0
CHEMBL12952,COc1ccc2cc(C(C)C(=O)O)ccc2c1,'=',280.0
CHEMBL5420858,Nc1c(C(=O)N/N=C/c2ccccc2Cl)cnn1-c1ccc(S(N)(=O)=O)cc1,'=',130.0
CHEMBL3104553,Cc1c(C(N)C(=O)OCCO[N+](=O)[O-])cc(-c2ccc(S(C)(=O)=O)cc2)n1-c1ccc(F)cc1,'=',740.0
CHEMBL1939678,Cc1c(CC(=O)OCCO)cc(-c2ccc(S(C)(=O)=O)cc2)n1-c1ccccc1,'=',27.0
CHEMBL3104558,Cc1c(CC(=O)NCCO)cc(-c2ccc(S(C)(=O)=O)cc2)n1-c1cccc(F)c1,'=',290.0
CHEMBL3927064,COc1ccc(C2CC(c3ccccc3OC)=NN2c2ccc(C(=O)O)cc2)cc1,'>',100000.0
CHEMBL305060,CS(=O)(=O)c1ccc(-c2ccsc2-c2ccc(F)cc2)cc1,'=',250.0
CHEMBL4591824,O=C(c1cc2cc(Cl)ccc2n1Cc1ccc(Cl)cc1)N1CCN(Cc2ccc(Cl)cc2)CC1,'=',31.91
CHEMBL5088859,COc1ccc(NC(=O)c2ncccc2Nc2cccc(C(F)(F)F)c2)cc1,'>',150000.0
CHEMBL5403077,Nc1c(C(=O)N/N=C/c2cccc([N+](=O)[O-])c2)cnn1-c1ccc(S(N)(=O)=O)cc1,'=',100.0
CHEMBL3100125,O=C1Nc2ccccc2/C1=C/c1cn(CCCOc2cc(O)c3c(=O)cc(-c4ccccc4)oc3c2)c2ccccc12,'=',7900.0
CHEMBL20403,COC1(c2cc(F)cc(OCc3ccc4c(ccc(=O)n4C)c3)c2)CCOCC1,'>',100000.0
CHEMBL195437,CCCCCCCCc1ccc(O)cc1,'=',2862.0
CHEMBL433287,CONC(=O)c1ccccc1Nc1c(Cl)ccc(C)c1Cl,'=',55000.0
CHEMBL4212465,COc1ccc(-c2nc3cc(NC(=O)c4ccccc4)ccc3o2)cc1OC,'=',1400.0
CHEMBL255175,NS(=O)(=O)c1ccc(/N=C/c2ccc([N+](=O)[O-])cc2)cc1,'=',3000.0
CHEMBL4079043,NS(=O)(=O)c1ccc(-n2nc(C(=O)OCCOc3ccc4ccc(=O)oc4c3)cc2-c2ccccc2)cc1,'=',780.0
CHEMBL4102241,NS(=O)(=O)c1ccc(-n2nc(C(=O)OCCOc3ccc4ccc(=O)oc4c3)cc2-c2ccc(F)cc2)cc1,'=',530.0
CHEMBL3921118,CC(C)(C)C1=NN(c2ccc(S(=O)(=O)O)cc2)C(c2ccc(F)cc2)C1,'>',100000.0
CHEMBL5170378,NC(=O)c1ccc(-c2nc(CSc3nc4ccccc4s3)no2)cc1,'=',6800.0
CHEMBL23588,O=C(O)c1ccccc1Nc1cccc(C(F)(F)F)c1,'=',20.0
CHEMBL122397,CCCCCCNC(=O)c1cc(NCc2cc(O)ccc2O)ccc1O,'=',100.0
CHEMBL5275290,Nc1c(C(=O)N/N=C/c2ccc(Cl)cc2)sc2nc(-c3ccc(Cl)cc3)cc(-c3cccs3)c12,'=',104.0
CHEMBL5272361,O=C(/N=c1/scc(-c2ccccc2)n1-c1ccccc1)c1cccs1,'=',90.0
CHEMBL5277598,CCOP(=O)(OCC)C(NC(=O)c1cc(-c2cccc3ccccc23)n(-c2ccccc2F)n1)c1ccc(OC)cc1,'=',220.0
CHEMBL5289878,CCOP(=O)(OCC)C(NC(=O)c1cc(-c2cccc3ccccc23)n(-c2ccc(F)cc2)n1)c1ccccc1OC,'=',220.0
CHEMBL5283826,CCOP(=O)(OCC)C(NC(=O)c1cc(-c2ccc(C(F)(F)F)cc2)n(-c2ccc(S(N)(=O)=O)cc2)n1)c1ccccc1,'=',280.0
CHEMBL5270840,O=c1[nH]n2c(=O)c3ccccc3nc2/c1=C/c1ccccc1,'=',47.0
CHEMBL5270219,NC(=O)N1N=C(c2ccccc2)CC1c1cn(-c2ccccc2)nc1-c1ccc(Cl)cc1,'=',1090.0
CHEMBL5287515,Cc1ccc(C2=NN(C(N)=O)C(c3cn(-c4ccccc4)nc3-c3ccc(F)cc3)C2)cc1,'=',1090.0
CHEMBL5288954,NS(=O)(=O)c1ccc(-c2nn(-c3ccc([N+](=O)[O-])cc3)cc2C=O)cc1,'=',17.0
CHEMBL5275155,Cc1c(C(=O)/C=C/c2ccccc2)nnn1-c1ccc(S(N)(=O)=O)cc1,'=',2610.0
CHEMBL5266412,CC1=C(c2ccc(C(=O)NNC(=S)Nc3ccccc3)cn2)SC2Nc3ccccc3N12,'=',452.0
CHEMBL2337403,Cc1c(CCOCCO[N+](=O)[O-])cc(-c2ccc(S(C)(=O)=O)cc2)n1-c1ccc(F)c(F)c1,'=',920.0
CHEMBL2337398,Cc1c(CCOCCCO)cc(-c2ccc(S(C)(=O)=O)cc2)n1-c1cccc(F)c1,'=',1500.0
CHEMBL3741424,C#Cc1cccc(Nc2ncnc3cc(OCCOC(=O)c4ccccc4OC(C)=O)c(OCCOC)cc23)c1,'>',10000.0
CHEMBL4557726,COc1ccc(-c2c(-c3ccc([N+](=O)[O-])cc3)noc2C)cc1,'>',50000.0
CHEMBL4465969,COc1ccc(-c2c(-c3ccc(N)cc3)noc2CC(=O)O)cc1,'>',50000.0
CHEMBL4475349,COc1ccc(-c2noc(CBr)c2-c2ccc(OC)cc2)cc1,'=',180.0
CHEMBL4441970,COc1ccc(-c2noc(CF)c2-c2ccc(OC)cc2)cc1,'=',300.0
CHEMBL4173449,O=C(NCCc1ccccc1)c1sc2ccccc2c1Br,'=',17670.0
CHEMBL4740788,COc1ccc(-c2noc(CC(=O)NCCNC(=O)Cc3onc(-c4ccc(OC)cc4)c3-c3ccc(OC)cc3)c2-c2ccc(OC)cc2)cc1,'=',120.0
CHEMBL4744394,COc1ccc(-c2noc(CC(=O)NCCCCCCCCCCCCNC(=O)Cc3onc(-c4ccc(OC)cc4)c3-c3ccc(OC)cc3)c2-c2ccc(OC)cc2)cc1,'>',50000.0
CHEMBL5270458,CSc1ccc(-c2cn3c(c2-c2ccc(F)cc2)CCC3)cc1,'=',100.0
CHEMBL4797164,COc1ccc(/C=N/Nc2nc(-c3ccc(S(C)(=O)=O)cc3)cs2)c(OC)c1,'>',100000.0
CHEMBL4781090,COc1cc(/C=N/Nc2nc(-c3ccc(S(C)(=O)=O)cc3)cs2)cc(OC)c1OC,'>',100000.0
CHEMBL110876,Cc1ccsc1-c1nc(C(F)(F)F)cn1-c1ccc(S(C)(=O)=O)cc1,'=',1096.48
CHEMBL4790291,C/C(=N\NC(N)=S)c1nnn(-c2ccc(F)cc2)c1C,'=',70.0
CHEMBL4763941,CC1N(C(=O)Nc2ccccc2)C(=O)c2ccccc2S1(=O)=O,'=',320400.0
CHEMBL4783879,C/C(=N\Nc1nc(-c2ccc(Cl)cc2)cs1)c1nnn(-c2ccc(F)cc2)c1C,'=',50.0
CHEMBL4797170,CC(=O)c1nnn(-c2ccc(Cl)cc2)c1C,'=',120.0
CHEMBL4779635,C/C(=N\NC(N)=O)c1nnn(-c2ccc(C(=O)O)cc2)c1C,'=',290.0
CHEMBL4240276,Cc1ccc(-n2nc(COC(=O)COc3cc(O)c4c(=O)cc(-c5ccccc5)oc4c3)cc2-c2ccc(Cl)c(Cl)c2)cc1,'=',5020.0
CHEMBL4281448,O=c1c2ccccc2nc(SCc2cn(-c3ccccc3)nn2)n1-c1ccccc1,'=',890.0
CHEMBL4286599,O=C(O)c1ccc(-n2cc(CSc3nc4ccccc4c(=O)n3-c3ccc(Br)cc3)nn2)cc1,'=',890.0
CHEMBL4294497,COc1ccc(-n2c(SCc3cn(-c4ccccc4)nn3)nc3ccccc3c2=O)cc1,'=',1040.0
CHEMBL4288111,COc1ccc(-n2c(SCc3cn(-c4ccc(Cl)cc4)nn3)nc3ccccc3c2=O)cc1,'=',520.0
CHEMBL2283171,Cc1ccc(/C(=C/c2ccc(S(C)(=O)=O)cc2)c2ccccc2)cc1,'=',120.0
CHEMBL2283166,CCCC/C(=C(\c1ccccc1)c1cc(C(C)(C)C)c(O)c(C(C)(C)C)c1)c1ccc(S(C)(=O)=O)cc1,'=',360.0
CHEMBL5198246,Cn1ccc2ccc(C(=O)OCC(F)(F)F)c(O)c21,'>',380000.0
CHEMBL3113617,Cc1ccc(S(=O)(=O)n2cc(C(=O)C(=O)NCC(=O)O)c3ccccc32)cc1,'=',9110.0
CHEMBL1902481,CC(=O)c1sc(Nc2ccc(Oc3ccccc3)cc2)nc1C,'>',5000.0
CHEMBL2336619,Cc1ccc(-c2cc(CO)nn2-c2ccc(S(N)(=O)=O)cc2)cc1,'=',1270.0
CHEMBL5430086,Nc1n[nH]c(N=c2c(=O)c3ccccc3c2=O)c1/N=N/c1ccc(O)cc1,'=',61440.0
CHEMBL5192908,COc1ccc(-c2nc(O[11CH3])nn2-c2ccc(OC)cc2)cc1,'=',1000.0
CHEMBL5220891,C[C@H](C(=O)OC(Cn1ccnc1)c1ccc(F)cc1)c1ccc(-c2ccccc2)c(F)c1,'=',3760.0
CHEMBL5268949,Cc1ccc(N/N=C2\C(=N)N(c3ccc(S(N)(=O)=O)cc3)N=C2N)cc1,'=',670.0
CHEMBL4528204,NS(=O)(=O)c1ccc(-c2nnnn2-c2ccc(O)cc2)cc1,'>',500000.0
CHEMBL1797308,CC1(C)CC[C@]2(C(=O)O)CC[C@]3(C)C(=CC[C@@H]4[C@@]5(C)C[C@H](O)[C@H](O)[C@@](C)(CO)[C@@H]5CC[C@]43C)[C@@H]2C1,'>',40000.0
CHEMBL1201124,NC(CO)(CO)CO.O=C(c1ccccc1)c1ccc2n1CCC2C(=O)O,'=',120.0
CHEMBL4532080,NS(=O)(=O)c1ccc(-n2nc(C(=O)N3CCOCC3)cc2-c2cccc(Cl)c2)cc1,'=',240.0
CHEMBL4559201,NS(=O)(=O)c1ccc(-n2nc(C(=O)N3CCSCC3)cc2-c2ccccc2)cc1,'=',670.0
CHEMBL432112,CS(=O)(=O)c1ccc(-n2cc(C(F)(F)F)nc2-c2ccc(F)cc2)cc1,'=',100.0
CHEMBL3775462,CC(C(=O)O)c1ccc(-c2cccc(OC(=O)NC3CCCCC3)c2)c(F)c1,'>',100000.0
CHEMBL3775041,CCCCCCNC(=O)Oc1cccc(-c2ccc(C(C)C(=O)O)cc2F)c1,'=',430.0
CHEMBL3774706,CCCCCCNC(=O)Oc1cccc(-c2ccc([C@@H](C)C(=O)O)cc2F)c1,'=',22800.0
CHEMBL3774538,CS(=O)(=O)c1ccc(-c2cc(C(F)(F)F)nc(OCc3ccc(I)cc3)n2)cc1,'=',2500.0
CHEMBL3745732,NS(=O)(=O)c1ccc(N2N=C(c3ccco3)CC2c2ccco2)cc1,'=',4130.0
CHEMBL3908211,COc1ccc(-n2c(-c3ccc(S(C)(=O)=O)cc3)cc(CC(=O)OCCCCO[N+](=O)[O-])c2C)cc1,'=',550.0
CHEMBL1939517,COc1ccc(-n2c(-c3ccc(S(C)(=O)=O)cc3)cc(CC(=O)OCCCO)c2C)cc1,'=',700.0
CHEMBL5275204,O=C(c1cccs1)c1sc(N2CCOCC2)nc1-c1ccc(F)cc1,'=',90.0
CHEMBL5269313,CCOP(=O)(OCC)C(NC(=O)c1cc(-c2ccc(F)cc2)n(-c2ccc(S(N)(=O)=O)cc2)n1)c1ccccc1,'=',280.0
CHEMBL5281678,COc1ccccc1/C=C/C1=NNC(S)CC1,'=',43.8
CHEMBL5289655,O=c1[nH]n2c(=O)c3ccccc3nc2/c1=C/c1ccc(Br)cc1,'=',47.0
CHEMBL5289353,Nc1c(C(=O)N/N=C/c2ccccc2)sc2nc(-c3ccc(Cl)cc3)cc(-c3cccs3)c12,'=',104.0
CHEMBL5275045,COc1ccnc(Nc2nn3c(SC)c(C#N)c(O)nc3c2C#N)c1,'=',1400.0
CHEMBL4760140,COc1ccc(-c2noc(CC(=O)Nc3ccc(-c4ccc(NC(=O)Cc5onc(-c6ccc(OC)cc6)c5-c5ccc(OC)cc5)cc4)cc3)c2-c2ccc(OC)cc2)cc1,'>',50000.0
CHEMBL4279197,C[Si](C)(C)c1c(-c2ccc(F)cc2)noc1-c1ccc(S(C)(=O)=O)cc1,'>',100000.0
CHEMBL4285836,C[Si](C)(C)c1onc(-c2ccc(F)cc2)c1-c1ccc(S(C)(=O)=O)cc1,'=',1870.0
CHEMBL4278833,CC(=O)c1onc(-c2ccc(F)cc2)c1-c1ccc(S(C)(=O)=O)cc1,'>',100000.0
CHEMBL4289748,C#CCSc1nc2ccccc2c(=O)n1-c1ccc(Br)cc1,'=',180.0
CHEMBL4286390,COc1ccc(-n2c(SCc3cn(-c4ccc(C(=O)O)cc4)nn3)nc3ccccc3c2=O)cc1,'=',1340.0
CHEMBL4288714,COc1ccc(-c2cc(CSc3nc4ccccc4c(=O)n3-c3ccc(Br)cc3)on2)cc1,'=',560.0
CHEMBL5286930,CS(=O)(=O)c1ccc(-c2cn3c(c2-c2ccc(F)cc2)CCC3)cc1,'=',160.0
CHEMBL5272932,Cc1ccc(-c2cn3c(c2-c2ccccc2)CCC3)s1,'=',1800.0
CHEMBL485462,CCC(C)/C=C(C)/C=C/C=C/C=C/C(=O)c1c(O)c(-c2ccc(O)cc2)c[nH]c1=O,'>',10000.0
CHEMBL4790377,COc1ccc(O)c(/C=N/Nc2nc(-c3ccc(S(C)(=O)=O)cc3)cs2)c1,'=',213.0
CHEMBL4790676,COc1cccc(/C=N/Nc2nc(-c3ccc(S(C)(=O)=O)cc3)cs2)c1OC,'=',184.0
CHEMBL4779383,Cc1cnc(NC(=O)N2C(=O)c3ccccc3S(=O)(=O)C2C)s1,'=',276400.0
CHEMBL104,Clc1ccccc1C(c1ccccc1)(c1ccccc1)n1ccnc1,'=',41796.0
CHEMBL1908355,NC(=O)N1C(=O)/C(=C(\O)c2cccs2)c2cc(Cl)ccc21,'=',267.0
CHEMBL4243440,COc1ccc(-c2cc(COC(=O)COc3cc(O)c4c(=O)cc(-c5ccccc5)oc4c3)nn2-c2ccc(Cl)cc2)cc1,'=',350.0
CHEMBL4239825,O=C(COc1cc(O)c2c(=O)cc(-c3ccccc3)oc2c1)OCc1cc(-c2ccc(Cl)c(Cl)c2)n(-c2ccccc2)n1,'=',6830.0
CHEMBL4247391,Cc1ccc(-n2nc(COC(=O)COc3cc(O)c4c(=O)cc(-c5ccccc5)oc4c3)cc2-c2ccc(C(F)(F)F)cc2)cc1,'=',5020.0
CHEMBL2023846,Clc1ccc(-c2csc(Nc3ccc(Oc4ccccc4)cc3)n2)cc1,'>',10000.0
CHEMBL4248810,O=C(COc1cc(O)c2c(=O)cc(-c3ccccc3)oc2c1)OCc1cc(-c2cccc(Cl)c2)n(-c2ccc(Cl)cc2)n1,'=',422.0
CHEMBL4238329,Cc1ccc(-n2nc(COC(=O)COc3cc(O)c4c(=O)cc(-c5ccccc5)oc4c3)cc2-c2ccc(Br)cc2)cc1,'=',1080.0
CHEMBL4279063,C#CCSc1nc2ccccc2c(=O)n1-c1ccc(Cl)cc1,'=',390.0
CHEMBL395428,CC1(C)CC[C@]2(C)CC[C@]3(C)C(=CC[C@@H]4[C@@]5(C)CC[C@@H](O)[C@](C)(C(=O)O)[C@@H]5CC[C@]43C)[C@@H]2C1,'>',40000.0
CHEMBL68972,CS(=O)(=O)c1ccc(-c2occ(Cl)c(=O)c2-c2cccc(Cl)c2)cc1,'=',1416772.11
CHEMBL4465207,COc1ccccc1/C=C/c1ccc(=O)n(-c2ccc(F)cc2)n1,'=',19.77
CHEMBL15058,CC(C)(C)c1cc(C(=O)CCCC2CC2)cc2c1OCCC2(C)C,'=',3000.0
CHEMBL4436821,CC(Cl)C(=O)Nc1c(C#N)cnn1-c1ccc(S(N)(=O)=O)cc1,'=',108.3
CHEMBL4532877,N#Cc1cnn(-c2ccc(S(N)(=O)=O)cc2)c1NC(=O)CN1CCOCC1,'=',34.21
CHEMBL210300,COc1cc(/C=C/c2ccc([N+](=O)[O-])cc2)cc(OC)c1,'=',5940.0
CHEMBL490673,O=[N+]([O-])c1ccc(/C=C/c2cc(O)cc(O)c2)cc1,'=',31600.0
CHEMBL500387,CC(=O)O[C@@]12[C@H](OC(=O)[C@@H](C(C)C)N(C)C)[C@@H](C)[C@]3(O)[C@@H]4C=C(C)C(=O)[C@@H]4CC(CO)=C[C@H]3[C@@H]1C2(C)C,'=',2200.0
CHEMBL307145,Oc1cccc(O)c1O,'=',144000.0
CHEMBL3322408,NS(=O)(=O)c1ccc(N2CCN=C2c2ccc(F)cc2)cc1,'=',6900.0
CHEMBL91,Clc1ccc(COC(Cn2ccnc2)c2ccc(Cl)cc2Cl)c(Cl)c1,'=',25844.0
CHEMBL4849659,COc1ccc(N2CCN(CCc3c(C)nc4oc(-c5ccccc5)nn4c3=O)CC2)cc1,'=',7.0
CHEMBL4878422,Cc1nc2oc(-c3ccc(Cl)cc3)nn2c(=O)c1CCN1CCN(c2ccccc2)CC1,'=',40.0
CHEMBL2337402,Cc1c(CCOCCO[N+](=O)[O-])cc(-c2ccc(S(C)(=O)=O)cc2)n1-c1ccc(F)cc1,'=',14.0
CHEMBL3104540,Cc1c(CC(=O)NCCCO)cc(-c2ccc(S(C)(=O)=O)cc2)n1-c1ccc(F)cc1,'=',68.0
CHEMBL4649027,COC(=O)[C@H](Cc1ccccc1)Nc1nc(Cl)nc(Nc2ccc(N3CCOCC3=O)cc2)n1,'=',8000.0
CHEMBL4634582,COC(=O)[C@H](Cc1ccccc1)n1cc(COc2nc(Cl)nc(N3CCOCC3)n2)nn1,'=',200.0
CHEMBL29097,CC(C)c1ccc2c(c1)c(SC(C)(C)C)c(CC(C)(C)C(=O)O)n2Cc1ccc(Cl)cc1,'=',58000.0
CHEMBL5409238,COc1cccc2[nH]cc(-c3cc(-c4ccccc4)oc3-c3ccccc3)c12,'>',100000.0
CHEMBL4293133,C#CCSc1nc2ccccc2c(=O)n1-c1ccccc1,'=',270.0
CHEMBL4289328,C#CCSc1nc2ccccc2c(=O)n1-c1ccc(OC)cc1,'=',440.0
CHEMBL5280862,COc1ccnc(Nc2nn3c(C)cc(C)nc3c2C#N)c1,'=',1110.0
CHEMBL2283165,CS(=O)(=O)c1ccc(/C=C(/C(=O)O)c2cccc(-c3ccc(S(C)(=O)=O)cc3)c2)cc1,'=',2100.0
CHEMBL2283177,CC/C(=C(\c1ccccc1)c1ccc(NS(C)(=O)=O)cc1)c1ccccc1,'=',1800.0
CHEMBL5289245,CCc1ccc(/C=C2\CN(C)CC3C2=NN(c2ccccc2)C3c2ccc(CC)s2)s1,'=',2.0
CHEMBL5076562,COc1ccc(NC(=O)c2ccccc2Nc2cccc(C(F)(F)F)c2)cc1,'>',150000.0
CHEMBL1578132,CC(=O)c1ccc(Nc2nc(N3CCOCC3)nc(N3CCOCC3)n2)cc1,'=',1340.0
CHEMBL4472111,CCOC(=O)[C@H](CO)NC(=O)c1cccc(O)c1O,'=',2220.0
CHEMBL184238,NC(=O)c1cccc(-c2cccc(OC(=O)NC3CCCCC3)c2)c1,'>',100000.0
CHEMBL4462846,NC(=S)n1nc(-c2ccccc2)cc1-c1cn(-c2ccccc2)nc1-c1ccc(OCc2ccccc2)cc1,'=',5200.0
CHEMBL5434060,O=C(CNc1ncnc2sc3c(c12)CCCC3)NN=Cc1cccs1,'=',920.0
CHEMBL5397391,CC1=NN(c2ccccc2)C(=O)/C1=C\c1cn(CCCOc2cc(O)c3c(=O)cc(-c4ccccc4)oc3c2)c2ccccc12,'=',700.0
CHEMBL93,CC(c1cc2ccccc2s1)N(O)C(N)=O,'>',10000.0
CHEMBL5288176,COc1ccc(C2=NNC(S)C2N(CN2C(=O)/C(=C\c3nnc(-c4ccc(-c5ccc(OC)cc5)cc4)s3)c3ccccc32)C(=O)c2ccccc2)cc1,'=',53100.0
CHEMBL267225,C[C@H]1[C@H](C)CC[C@]2(C)CC[C@]3(C)C(=CC[C@@H]4[C@@]5(C)CC[C@@H](O)[C@](C)(C(=O)O)[C@@H]5CC[C@]43C)[C@H]12,'>',40000.0
CHEMBL316786,CS(=O)(=O)c1ccc(-c2cc(Sc3ccccc3)sc2-c2ccc(F)cc2)cc1,'=',66000.0
CHEMBL3937157,CC(C)C1=NN(c2ccc(C(=O)O)cc2)C(c2cccc([N+](=O)[O-])c2)C1,'>',100000.0
CHEMBL3954425,COc1ccc(C2CC(c3ccc(F)cc3)=NN2c2ccc(C(=O)O)cc2)cc1,'>',100000.0
CHEMBL4279217,NS(=O)(=O)c1ccc(/N=c2\scc(-c3cccs3)n2-c2ccccc2)cc1,'=',12610.0
CHEMBL5091817,CCOC(=O)Cn1nncc1CO[C@@H](C(=O)OCC)[C@@H](O)C(=O)OCC,'=',55000.0
CHEMBL5075246,O=C(O)[C@H](OCc1cnnn1[C@@H](Cc1ccccc1)C(=O)O)[C@@H](OCc1cnnn1[C@@H](Cc1ccccc1)C(=O)O)C(=O)O,'=',1000.0
CHEMBL5085345,COC(=O)[C@H](Cc1ccc(O)cc1)n1nncc1COc1ccc2ccccc2c1-c1c(OCc2cnnn2[C@@H](Cc2ccc(O)cc2)C(=O)OC)ccc2ccccc12,'=',1500.0
CHEMBL5404379,Nc1c(C(=O)N/N=C/c2ccccc2)cnn1-c1ccc(S(N)(=O)=O)cc1,'=',49.0
CHEMBL5431270,Nc1c(C(=O)N/N=C/c2ccc(Cl)cc2)cnn1-c1ccc(S(N)(=O)=O)cc1,'=',90.0
CHEMBL5408885,Nc1c(C(=O)N/N=C/c2ccc([N+](=O)[O-])cc2)cnn1-c1ccc(S(N)(=O)=O)cc1,'=',156.0
CHEMBL527,CN1C(C(=O)Nc2ccccn2)=C(O)c2ccccc2S1(=O)=O,'=',218000.0
CHEMBL5284488,COc1ccc(N2C(=O)/C(=C/c3cn(-c4ccc(S(C)(=O)=O)cc4)nc3-c3cccc(Cl)c3)NC2=S)cc1,'=',560.0
CHEMBL513184,NS(=O)(=O)c1ccc(-n2cc(-c3ccccc3)nn2)cc1,'=',1300.0
CHEMBL52,CC(Cc1ccc(O)c(O)c1)C(C)Cc1ccc(O)c(O)c1,'>',50000.0
CHEMBL17091,CC(C)(C)c1cc(-c2nsc(N)n2)cc(C(C)(C)C)c1O,'>',20000.0
CHEMBL5278421,C=CCn1c(-c2ccc(Cl)cc2)cs/c1=N\NC(=O)c1cc(NCCCC)c(Oc2ccccc2)c(S(N)(=O)=O)c1,'=',1520.0
CHEMBL5267258,CCCCNc1cc(-c2n[nH]c(=S)n2-c2ccc(Br)cc2)cc(S(N)(=O)=O)c1Oc1ccccc1,'=',170.0
CHEMBL5266912,COc1ccc(-c2nnc(/N=C3\NC(=O)CS3)s2)cc1OC,'=',190.0
CHEMBL5274242,CSc1ccc(-c2cn3c(c2-c2ccccc2)CCC3)cc1,'=',1000.0
CHEMBL5271087,CS(=O)(=O)c1ccc(C(=O)/C=C/c2cccc(Cl)c2Cl)cc1,'=',180.0
CHEMBL5287970,CS(=O)(=O)c1ccc(-c2cc(-c3ccc(F)cc3)n(-c3ccc(S(N)(=O)=O)cc3)n2)cc1,'=',43.0
CHEMBL5267118,COc1ccc(C2=NN(C(N)=O)C(c3cn(-c4ccccc4)nc3-c3ccc(Cl)cc3)C2)cc1,'=',1090.0
CHEMBL5284988,CC(=O)Oc1cc2oc(-c3ccccc3)cc2cc1-c1c[se]nn1,'=',50.0
CHEMBL5274029,O=c1[nH]n2c(=O)c3ccccc3nc2/c1=C/c1cccc(F)c1,'=',47.0
CHEMBL5267795,COc1ccccc1/C=c1\c(=O)[nH]n2c(=O)c3ccccc3nc12,'=',47.0
CHEMBL520726,CC1(C)CC[C@]2(C(=O)O)CC[C@]3(C)C(=CC[C@@H]4[C@@]5(C)C[C@H](O)[C@H](O)[C@@](C)(C(=O)O)[C@@H]5CC[C@]43C)[C@@H]2C1,'>',40000.0
CHEMBL4640256,COC(=O)[C@@H](N)Cc1cn(-c2nc(Cl)nc(N3CCCCC3)n2)c2ccccc12,'=',20.0
CHEMBL4640306,Clc1nc(OCc2cn(Cc3ccccc3)nn2)nc(N2CCOCC2)n1,'=',100.0
CHEMBL4635571,COC(=O)[C@H](Cc1ccc(O)cc1)n1cc(COc2nc(Cl)nc(N3CCCC3)n2)nn1,'=',4000.0
CHEMBL242459,O=C(NC12CC3CC(CC(C3)C1)C2)N[C@H]1CC[C@H](Oc2ccc(C(=O)O)cc2)CC1,'>',100000.0
CHEMBL3741026,C#Cc1cccc(Nc2ncnc3cc(OCCOC(=O)C(C)c4ccc(CC(C)C)cc4)c(OCCOC)cc23)c1,'>',10000.0
CHEMBL316040,COc1ccc(-n2nc(CCC(=O)N(C)O)cc2-c2ccc(Cl)cc2)cc1,'=',2850.0
CHEMBL4473503,COC(=O)[C@H](C)NC(=O)[C@@H]1CCCN1C(=O)CNC(=O)[C@H](C)N,'=',600.0
CHEMBL4749004,O=C(NCCc1c[nH]c2ccccc12)c1cc2ccccc2cc1O,'=',39210.0
CHEMBL4463619,CCCCCCCCCCCCCC1=CC(=O)C=C(OC)C1=O,'=',880.0
CHEMBL3974473,Cc1cc(C)c2c(=O)n(CN(C)CCNc3ccccc3)sc2n1,'=',494300.0
CHEMBL275376,CC(C)S(=O)(=O)c1c(O)n(Cc2ccc(F)c(F)c2)c(=O)c2ccccc12,'=',200.0
CHEMBL5422492,COc1ccc(/C=N/NC(=O)c2cnn(-c3ccc(S(N)(=O)=O)cc3)c2N)cc1,'=',150.0
CHEMBL5286217,COc1cc(/C=C2\N=C(c3ccccc3)N(c3ccc(C(=O)O)cc3)C2=O)ccc1OC(=O)c1ccccc1,'=',92.0
CHEMBL3810027,COC(=O)CNC(=O)[C@@H](NC(=O)OCc1ccccc1)C(C)C,'=',75000.0
CHEMBL562498,COc1cc2c(cc1O)CCc1cc(O)cc(OC)c1-2,'=',5800.0
CHEMBL1020,Cc1ccc(C(=O)c2ccc(CC(=O)O)n2C)cc1,'=',820.0
CHEMBL4208086,COc1ccc(-c2nc3cc(NC(=O)c4cccc(C)c4)ccc3o2)cc1OC,'=',1560.0
CHEMBL4205552,COc1ccc(-c2nc3cc(NC(=O)c4ccccc4Cl)ccc3o2)cc1OC,'=',40.0
CHEMBL2023851,COc1ccc(Nc2nc(-c3ccc(Cl)cc3)c(C)s2)cc1,'>',5000.0
CHEMBL3775528,CCCCCCNC(=O)Oc1cccc(-c2ccc(C(C)C(=O)O)cc2N)c1,'=',12100.0
CHEMBL4218075,COC(=O)COc1ccc(/C=C/c2ccc([N+](=O)[O-])cc2)cc1,'=',7461.0
CHEMBL4553272,COc1ccc(/C=C/c2c(CC=C(C)C)c(O)cc(O)c2CC=C(C)C)cc1,'=',4700.0
CHEMBL283425,NS(=O)(=O)c1ccc(-n2nc(C(F)(F)F)cc2-c2ccncc2)cc1,'=',64700.0
CHEMBL4173674,O=C1COCCN1c1ccc(Nc2nc(Cl)nc(NCc3ccccc3)n2)cc1,'=',60000.0
CHEMBL4217988,N#Cc1cc(S(=O)(=O)Nc2ncns2)ccc1Oc1ccc(-c2cccc(C(F)(F)F)c2)cc1-c1ccnc(CNCCC2CCNCC2)c1,'=',3650.0
CHEMBL3099220,CC(C)(C)c1cc(/C=N/NC(=O)c2ccncc2)c(O)c(C(C)(C)C)c1,'=',7110.0
CHEMBL4754406,CS(=O)(=O)c1ccc(-c2csc(N/N=C/c3cccc(O)c3)n2)cc1,'=',140.0
CHEMBL4795119,C/C(=N\NC(N)=O)c1nnn(-c2ccc(S(N)(=O)=O)cc2)c1C,'=',420.0
CHEMBL4561483,CC1(C)[C@@H](O)CC[C@]2(C)[C@H]3C(=O)C=C4[C@@H]5C[C@@](C)(CO)CC[C@]5(C)CC[C@@]4(C)[C@]3(C)CC[C@@H]12,'>',40000.0
CHEMBL5169729,CS(=O)(=O)c1ccc(-n2c(-c3ccc(O[11CH3])c(F)c3)cnc2Cl)cc1,'=',5.0
CHEMBL5200454,CS(=O)(=O)c1ccc(-c2cc(O[11CH3])nc(NCc3cccs3)n2)cc1,'=',1.0
CHEMBL4529760,COc1ccccc1/C=C/C1=NNC(=O)CC1,'=',103.17
CHEMBL1710350,COC(=O)c1c(-c2ccccc2)noc1-c1ccccc1,'>',100000.0
CHEMBL5276738,O=C(c1sc(N(c2ccccc2)c2ccccc2)nc1-c1ccc([N+](=O)[O-])cc1)c1cccc2ccccc12,'=',70.0
CHEMBL5285025,N=C1/C(=N\Nc2ccc(S(N)(=O)=O)cc2)C(N)=NN1c1ccccc1C(=O)O,'=',1120.0
CHEMBL5269512,CC1=NN(c2ccc(S(N)(=O)=O)cc2)C(=O)/C1=N/Nc1ccc(S(N)(=O)=O)cc1,'=',660.0
CHEMBL5284118,CC1=CCCC2C1(C)CCC(C)C2(C)CCC1=CC(=O)OC1O,'=',10.34
CHEMBL5285524,CC(=O)N1NC(c2ccccc2)=CC1c1nnc2n(Cc3ccccc3)c(=O)c3c4c(sc3n12)CCCC4,'=',540.0
CHEMBL5178658,O=c1[nH]cc(CSc2ccc(C(F)(F)F)cc2)[nH]c1=O,'>',10000.0
CHEMBL5271224,COc1cc(/C=c2\c(=O)[nH]n3c(=O)c4ccccc4nc23)cc(OC)c1OC,'=',47.0
CHEMBL296411,COc1ccc(/C=C/c2cc(OC)cc(OC)c2)cc1,'=',1667.0
CHEMBL1082723,C[C@H]1Cc2c([nH]c3cc(Cl)c(F)cc23)[C@@]2(N1)C(=O)Nc1ccc(Cl)cc12,'>',30000.0
CHEMBL1939676,COc1ccc(-n2c(-c3ccc(S(C)(=O)=O)cc3)cc(CC(=O)OCCO[N+](=O)[O-])c2C)cc1,'=',170.0
CHEMBL2337400,Cc1c(CCOCCO[N+](=O)[O-])cc(-c2ccc(S(C)(=O)=O)cc2)n1-c1ccccc1,'=',17.0
CHEMBL5080730,CCOC(=O)[C@H](O)[C@@H](OCc1cnnn1[C@@H](Cc1ccccc1)C(=O)OC)C(=O)OCC,'=',32000.0
CHEMBL3960755,COc1ccc(-c2ncn(CC(=O)O)c2-c2ccc(OC)cc2)cc1,'=',12570.0
CHEMBL25725,COc1ccc2c(c1)c(CC(=O)NCCCO)c(C)n2C(=O)c1ccc(Cl)cc1,'=',1800.0
CHEMBL196263,Oc1ccc(-n2cc(-c3ccc(O)cc3Cl)nc2-c2ccc(O)cc2Cl)cc1,'=',9400.0
CHEMBL391533,C[C@H]1[C@H](C)CC[C@]2(C(=O)O)CC[C@]3(C)C(=CC[C@@H]4[C@@]5(C)C[C@@H](O)[C@H](O)C(C)(C)[C@@H]5CC[C@]43C)[C@H]12,'>',40000.0
CHEMBL4065986,NS(=O)(=O)c1ccc(-n2nc(C(=O)OCCOc3cc(=O)oc4ccccc34)cc2-c2ccccc2)cc1,'=',540.0
CHEMBL4077653,COc1cccc(-c2cc(C(=O)OCCOc3cc(=O)oc4ccccc34)nn2-c2ccc(S(N)(=O)=O)cc2)c1,'=',430.0
CHEMBL5401155,O=C(CNc1ncnc2sc3c(c12)CCCC3)NN=Cc1ccc([N+](=O)[O-])cc1,'=',530.0
CHEMBL828,c1ccc2c(c1)Nc1ccccc1S2,'=',532.0
CHEMBL49008,CC(C)(C)c1cc(/C=C2\SC(=O)NC2=O)cc(C(C)(C)C)c1O,'=',4700.0
CHEMBL4848882,COc1ccc2ccc(F)c(CC(=O)N/N=C/c3ccc(C(F)(F)F)cc3)c2n1,'=',130.0
CHEMBL4127948,CC1=CC/C(=N/N=C(\C)c2cc3ccccc3oc2=O)N1C,'=',310.0
CHEMBL5080948,COC(=O)[C@H](Cc1c[nH]c2ccccc12)n1nncc1COc1ccc2ccccc2c1-c1c(OCc2cnnn2[C@@H](Cc2c[nH]c3ccccc23)C(=O)OC)ccc2ccccc12,'=',2800.0
CHEMBL5282806,CS(=O)(=O)c1ccc(C(=O)/C=C/c2ccc(F)c(F)c2)cc1,'=',180.0
CHEMBL5274403,CCOc1ccc(-c2cc(-c3ccc(Cl)cc3)n(-c3ccc(S(N)(=O)=O)cc3)n2)cc1,'=',43.0
CHEMBL5281490,CCCCNc1cc(-c2n[nH]c(=S)n2-c2ccccc2)cc(S(N)(=O)=O)c1Oc1ccccc1,'=',280.0
CHEMBL5273653,C=CCc1ccc(-n2c(-c3cc(NCCCC)c(Oc4ccccc4)c(S(N)(=O)=O)c3)n[nH]c2=S)cc1,'=',4590.0
CHEMBL5278893,CCOc1cc(/C=C2\C(=O)N(c3ccc(S(N)(=O)=O)cc3)N=C2C)ccc1O,'=',150.0
CHEMBL5276096,COc1cc(/C=C2\N=C(c3ccccc3)N(c3ccc(S(N)(=O)=O)cc3)C2=O)ccc1OC(=O)c1ccccc1,'=',87.0
CHEMBL5269549,O=C1CS/C(=N/c2nnc(-c3ccccc3O)s2)N1,'=',190.0
CHEMBL5287965,O=C1CS/C(=N/c2nnc(-c3ccc(O)cc3)s2)N1,'=',190.0
CHEMBL5266009,Cc1nnc(/N=C2\NC(=O)/C(=C/c3ccc(C(C)C)cc3)S2)s1,'=',100.0
CHEMBL5272758,Cc1nnc(/N=C2\NC(=O)/C(=C/c3ccc(O)cc3)S2)s1,'=',100.0
CHEMBL5284227,Cc1nnc(/N=C2\NC(=O)/C(=C/c3ccc(N(C)C)cc3)S2)s1,'=',100.0
CHEMBL5285552,Cc1nnc(/N=C2\NC(=O)/C(=C/c3ccc(Br)cc3)S2)s1,'=',100.0
CHEMBL5277740,Cc1nnc(/N=C2\NC(=O)/C(=C/c3ccc(F)cc3)S2)s1,'=',100.0
CHEMBL5285490,Cc1nnc(/N=C2\NC(=O)/C(=C/c3cccnc3)S2)s1,'=',250.0
CHEMBL3965079,Cc1ccc(C2CC(C(C)(C)C)=NN2c2ccc(C(=O)O)cc2)cc1,'>',100000.0
CHEMBL5270978,COC1CC(C2OC3CC(CCC4CC(O)CC(O)C4)CCC3OC2CO)CC(OC)C1O,'=',9900.0
CHEMBL4170210,Cc1ccc(NC(=S)NNC(=O)Nc2ccc(S(C)(=O)=O)cc2)cc1,'=',2150.0
CHEMBL4162939,Cc1cccc(C)c1NC(=S)NNC(=O)Nc1ccc(S(C)(=O)=O)cc1,'=',3140.0
CHEMBL4166395,CS(=O)(=O)c1ccc(NC(=O)NNC(=S)Nc2ccc(F)cc2)cc1,'=',12490.0
CHEMBL4169819,CS(=O)(=O)c1ccc(NC(=O)NNC(=S)Nc2ccc(Cl)cc2)cc1,'=',5320.0
CHEMBL1084,CS(=O)(=O)c1ccc(C2=C(c3ccccc3)C(=O)OC2O)cc1,'=',8700.0
CHEMBL3950016,COC(=O)c1cccc(Nc2ccc([N+](=O)[O-])c3ccccc23)c1,'>',100000.0
CHEMBL109341,COc1cc(/C=C/C(=O)O)cc(OC)c1O,'=',28000.0
CHEMBL5283203,O=c1[nH]n2c(=O)c3ccccc3nc2/c1=C/c1ccc(Cl)cc1,'=',47.0
CHEMBL424,O=C(O)c1ccccc1O,'>',40000.0
CHEMBL5271871,N#Cc1ccc(-c2nc(N(c3ccccc3)c3ccccc3)sc2C(=O)c2cccs2)cc1,'=',90.0
CHEMBL5282558,CCOP(=O)(OCC)C(NC(=O)c1cc(-c2cccc3ccccc23)n(-c2ccccc2F)n1)c1ccccc1,'=',220.0
CHEMBL5277473,CCOP(=O)(OCC)C(NC(=O)c1cc(-c2cccc3ccccc23)n(-c2ccccc2F)n1)c1ccc(Cl)cc1,'=',220.0
CHEMBL5286663,CCOP(=O)(OCC)C(NC(=O)c1cc(-c2cccc3ccccc23)n(-c2ccc(Br)cc2)n1)c1ccc(Cl)cc1,'=',220.0
CHEMBL5285559,CCOP(=O)(OCC)C(NC(=O)c1cc(-c2cccc3ccccc23)n(-c2ccc(Br)cc2)n1)c1ccccc1OC,'=',220.0
CHEMBL5279601,CCOP(=O)(OCC)C(NC(=O)c1cc(-c2cccs2)n(-c2ccc(S(N)(=O)=O)cc2)n1)c1ccccc1OC,'=',220.0
CHEMBL5275786,COc1cc(/C=C/C(=O)c2cccc(-n3cnnn3)c2)cc(OC)c1OC,'=',100.0
CHEMBL5266699,O=C(/C=C/c1cccnc1)c1cccc(-n2cnnn2)c1,'=',100.0
CHEMBL5273124,CCOc1ccc2nc(NC(=O)CSc3nnc(Cc4c[nH]c5ccccc45)o3)sc2c1,'=',37500.0
CHEMBL4109772,Cc1c(CC(=O)N[C@H](CO)C(=O)O)cc(-c2ccc(S(C)(=O)=O)cc2)n1-c1ccc(F)cc1,'=',160.0
CHEMBL540445,C=C1C(=O)O[C@H]2[C@H]1CC/C(C)=C/CC[C@@]1(C)O[C@@H]21,'=',800.0
CHEMBL5399843,CCCCOc1nnc(CNc2ncnc3sc4c(c23)CCCC4)o1,'=',4780.0
CHEMBL5403487,CC1=NN(C(=O)CNc2ncnc3sc4c(c23)CCCC4)C(C)(O)C1,'=',2150.0
CHEMBL956,CC(C(=O)O)c1ccc(C(=O)c2cccs2)cc1,'=',2750.0
CHEMBL122890,C=CCSS/C=C/C[S+]([O-])CC=C,'=',3400.0
CHEMBL291501,COc1ccc(/C=C/c2cc(O)cc(O)c2)cc1,'=',19600.0
CHEMBL190083,C[C@@H](C(=O)O)c1ccc(-c2ccccc2)c(F)c1,'=',123000.0
CHEMBL525601,CC(=O)O[C@@]12[C@H](OC(=O)[C@H](C(C)C)N(C)C)[C@@H](C)[C@]3(O)[C@@H]4C=C(C)C(=O)[C@@H]4CC(CO)=C[C@H]3[C@@H]1C2(C)C,'>',100000.0
CHEMBL1800685,O=C(O)c1cc(-c2ccc(C3CCNCC3)cc2)c2ccc(-c3ccc(C(F)(F)F)cc3)cc2c1,'=',8710.0
CHEMBL323277,Cc1cccnc1-c1nc(C(F)(F)F)cn1-c1ccc(S(C)(=O)=O)cc1,'=',5754.4
CHEMBL3912685,COc1ccc(C2CC(c3cccc(OC)c3)=NN2c2ccc(C(=O)O)cc2)cc1,'>',100000.0
CHEMBL5283256,COc1cc(C(=O)O)cc(O)c1O,'=',23400.0
CHEMBL5428573,CC(=O)NCCc1ccc(NC(=O)c2ccc(O)c(O)c2)c(O)c1,'=',6860.0
CHEMBL85139,O=c1c2ccccc2nc2n1CCc1c-2[nH]c2ccccc12,'=',300.0
CHEMBL17161,CSc1cc(N)ccc1/N=N/c1ccc(S(N)(=O)=O)cc1,'=',2040.0
CHEMBL72631,COc1ccc2c(c1)c(CC(=O)N1CCOCC1)c(C)n2C(=O)c1ccc(Cl)cc1,'>',33000.0
CHEMBL2337401,Cc1c(CCOCCO[N+](=O)[O-])cc(-c2ccc(S(C)(=O)=O)cc2)n1-c1cccc(F)c1,'=',28.0
CHEMBL1488723,Cc1ccc(O)c(-c2cc(-c3ccccc3C)[nH]n2)c1,'>',100000.0
CHEMBL5423229,O=C(CNc1ncnc2sc3c(c12)CCCC3)NNC(=O)Nc1ccccc1,'=',7680.0
CHEMBL16434,CC(C)(C)c1cc(/C=C2\SC(N=C(N)N)=NC2=O)cc(C(C)(C)C)c1O,'=',21000.0
CHEMBL42940,COc1c(Br)cc(-c2nc(C(F)(F)F)cn2-c2ccc(S(C)(=O)=O)cc2)cc1Br,'=',90.0
CHEMBL5284626,CCCCNc1cc(C(=O)n2nc(C)cc2-c2ccccc2)cc(S(N)(=O)=O)c1Oc1ccccc1,'=',320.0
CHEMBL5273595,Cc1nnc(/N=C2\NC(=O)/C(=C/C=C/c3ccccc3)S2)s1,'=',250.0
CHEMBL5277657,CCOP(=O)(OCC)C(NC(=O)c1cc(-c2cccc3ccccc23)n(-c2ccc(S(N)(=O)=O)cc2)n1)c1ccccc1,'=',220.0
CHEMBL5273397,CCOP(=O)(OCC)C(NC(=O)c1cc(-c2ccsc2)n(-c2ccc(S(N)(=O)=O)cc2)n1)c1ccc(Cl)cc1,'=',220.0
CHEMBL5274783,CCOP(=O)(OCC)C(NC(=O)c1cc(-c2cccc(Cl)c2)n(-c2ccc(S(N)(=O)=O)cc2)n1)c1ccc(Br)cc1,'=',280.0
CHEMBL5286186,COc1ccc(-c2cc(-c3cccc(-n4cnnn4)c3)no2)cc1,'=',41.0
CHEMBL5269531,COc1cc(-c2cc(-c3cccc(-n4cnnn4)c3)no2)cc(OC)c1OC,'=',41.0
CHEMBL28,O=c1cc(-c2ccc(O)cc2)oc2cc(O)cc(O)c12,'=',8000.0
CHEMBL5279109,CCCCCC1C(C)=c2c(OCc3nnc(SCC(=O)N4CCN(c5ccccc5)CC4)o3)nn(C)c(=O)c2=C1C,'=',6800.0
CHEMBL4279921,CS(=O)(=O)c1ccc(-c2cc(-c3ccc(F)cc3)no2)cc1,'>',100000.0
CHEMBL4285341,NS(=O)(=O)c1ccc(-c2conc2-c2ccc(F)cc2)cc1,'=',42.0
CHEMBL3963234,CC(C)(C)C1=NN(c2ccc(C(=O)O)cc2)C(c2cccc(F)c2)C1,'>',100000.0
CHEMBL2261940,CS(=O)(=O)c1ccc(C2=C(c3ccc(F)cc3)SC(Br)C2)cc1,'=',1995262.31
CHEMBL414883,C[C@@H]1C[C@H]2O[C@@H]2/C=C\C=C\C(=O)Cc2c(Cl)c(O)cc(O)c2C(=O)O1,'=',27.0
CHEMBL512578,Oc1cc(O)cc(-c2cc3ccc(O)cc3o2)c1,'=',22300.0
CHEMBL4550999,CCCCCCCCCCCCCCCC1=CC(=O)C=C(OC)C1=O,'=',8970.0
CHEMBL5267080,CCCCNc1cc(C(=O)N/N=c2\scc(-c3ccc(Cl)cc3)n2-c2ccccc2)cc(S(N)(=O)=O)c1Oc1ccccc1,'=',1520.0
CHEMBL5285214,O=C1CS/C(=N/c2nnc(-c3ccc(Br)cc3)s2)N1,'=',190.0
CHEMBL5266208,NC(=O)N1N=C(c2ccc(Cl)cc2)CC1c1cn(-c2ccccc2)nc1-c1ccc(F)cc1,'=',1090.0
CHEMBL465371,CC(C)=CCc1c([C@@H]2CCc3ccc(O)cc3O2)cc2c(c1O)OC(C)(C)C=C2,'>',100000.0
CHEMBL5288220,CC1=NN(c2ccc(S(N)(=O)=O)cc2)C(=O)/C1=N/Nc1ccc(C(=O)O)cc1,'=',770.0
CHEMBL5274140,CCc1ccc(-c2ccc(-n3cc(CNC(=O)C(=O)c4c[nH]c5ccccc45)nn3)cc2)cc1,'=',120.0
CHEMBL5282224,O=C1c2ccccc2C(=O)N1c1nc2cc([N+](=O)[O-])ccc2n1Cc1ccc(-c2ccccc2)cc1,'=',1000.0
CHEMBL5288527,CC(=O)N1N=C(C)/C(=N\Nc2cccc(-c3nc4ccccc4[nH]3)c2)C1=O,'=',120.0
CHEMBL465194,O=C1CC(c2ccc(O)cc2O)Oc2cc(O)cc(O)c21,'=',46400.0
CHEMBL5279090,COc1ccc(-c2cc(-c3ccc(Cl)cc3)n(-c3ccc(S(N)(=O)=O)cc3)n2)cc1OC,'=',43.0
CHEMBL5285405,COc1ccc(-c2cc(-c3ccc(Br)cc3)n(-c3ccc(S(N)(=O)=O)cc3)n2)cc1OC,'=',43.0
CHEMBL5288720,NC(=O)N1N=C(c2ccccc2)CC1c1cn(-c2ccccc2)nc1-c1ccc(F)cc1,'=',1090.0
CHEMBL5282826,CCCCNc1cc(C(=O)N2N=C(C)CC2=O)cc(S(N)(=O)=O)c1Oc1ccccc1,'=',5110.0
CHEMBL5276315,C/C(=N\NC(=O)c1nnn(-c2ccc(S(N)(=O)=O)cc2)c1C)c1nnn(-c2ccc(S(N)(=O)=O)cc2)c1C,'=',2610.0
CHEMBL5288590,Cc1nnc(/N=C2\NC(=O)CS2)s1,'=',190.0
CHEMBL316846,CN1C/C(=C\c2cccs2)C2=NN(c3ccccc3)C(c3cccs3)C2C1,'=',2.0
CHEMBL5269974,CN1C/C(=C\c2ccc([N+](=O)[O-])s2)C2=NN(c3ccccc3)C(c3ccc([N+](=O)[O-])s3)C2C1,'=',2.0
CHEMBL2171250,C[C@@H](C(=O)O)c1ccc2c(c1)[nH]c1ccc(Cl)cc12,'>',100000.0
CHEMBL4440435,CCOc1ccc(-c2cc(C(=O)N3CCSCC3)nn2-c2ccc(S(N)(=O)=O)cc2)cc1,'=',970.0
CHEMBL4443996,NS(=O)(=O)c1ccc(-n2nc(C(=O)N3CCSCC3)cc2-c2ccc(F)cc2)cc1,'=',210.0
CHEMBL4460665,NS(=O)(=O)c1ccc(-n2nc(C(=O)OCCCN3CCOCC3)cc2-c2ccc(Cl)cc2)cc1,'=',5470.0
CHEMBL117,O=c1cc(-c2ccccc2)oc2cc(O)cc(O)c12,'=',25500.0
CHEMBL5425523,COc1ccc(C=NNC(=O)CNc2ncnc3sc4c(c23)CCCC4)cc1,'=',2980.0
CHEMBL5406863,O=C(CNc1ncnc2sc3c(c12)CCCC3)NN=C1C(=O)Nc2ccccc21,'=',3860.0
CHEMBL5417201,CC(=O)N/C=C/c1ccc2c(c1)O[C@H](c1ccc(O)c(O)c1)[C@H](NC(C)=O)O2,'=',6430.0
CHEMBL5431461,N#Cc1c(-c2ccccc2Cl)nc2c(/N=N/c3ccc(O)cc3)c(N)nn2c1N,'=',84830.0
CHEMBL39,NCCc1c[nH]c2ccc(O)cc12,'>',400000.0
CHEMBL5268826,CCCCNc1cc(C(=O)N/N=c2\scc(-c3ccc(C)cc3)n2-c2ccc(Br)cc2)cc(S(N)(=O)=O)c1Oc1ccccc1,'=',1520.0
CHEMBL5267453,CN1C/C(=C\c2ccc(Br)s2)C2=NN(c3ccccc3)C(c3ccc(Br)s3)C2C1,'=',2.0
CHEMBL5285788,Cc1ccc(-c2nc(N3CCOCC3)sc2C(=O)c2cccs2)cc1,'=',90.0
CHEMBL5276364,CCOP(=O)(OCC)C(NC(=O)c1cc(-c2cccc3ccccc23)n(-c2ccc(F)cc2)n1)c1ccc(OC)cc1,'=',220.0
CHEMBL5285268,CCOP(=O)(OCC)C(NC(=O)c1cc(-c2cccc3ccccc23)n(-c2ccc(Br)cc2)n1)c1ccc(OC)cc1,'=',220.0
CHEMBL5287406,CCOP(=O)(OCC)C(NC(=O)c1cc(-c2ccsc2)n(-c2ccc(S(N)(=O)=O)cc2)n1)c1ccccc1,'=',220.0
CHEMBL5273684,CCOP(=O)(OCC)C(NC(=O)c1cc(-c2ccsc2)n(-c2ccc(S(N)(=O)=O)cc2)n1)c1ccc(OC)cc1,'=',220.0
CHEMBL5268637,CCOP(=O)(OCC)C(NC(=O)c1cc(-c2ccc(Br)cc2)n(-c2ccc(S(N)(=O)=O)cc2)n1)c1ccccc1,'=',280.0
CHEMBL5280343,CCOP(=O)(OCC)C(NC(=O)c1cc(-c2ccc(C)cc2)n(-c2ccc(S(N)(=O)=O)cc2)n1)c1ccc(Br)cc1,'=',280.0
CHEMBL5281224,CCOP(=O)(OCC)C(NC(=O)c1cc(-c2cccc(F)c2)n(-c2ccc(S(N)(=O)=O)cc2)n1)c1ccc(Br)cc1,'=',280.0
CHEMBL5270973,Fc1ccc(CSc2nnc(-c3cccs3)n2-c2ccc(Cl)cc2)cc1,'=',4260.0
CHEMBL5283788,CN(C)c1ccc(/C=C/C(=O)c2cccc(-n3cnnn3)c2)cc1,'=',100.0
CHEMBL222021,O=Cc1ccc(O)c(O)c1,'=',19700.0
CHEMBL319244,O=C(/C=C/c1ccc(O)c(O)c1)OCCc1ccccc1,'=',82000.0
CHEMBL3623735,O=C(O)c1ccccc1Nc1cccc(S(F)(F)(F)(F)F)c1,'=',12000.0
CHEMBL2104993,Cc1ccc(Sc2ccccc2N2CCNCC2)c(C)c1,'=',3.11
CHEMBL4649179,COC(=O)[C@H](Cc1ccccc1)n1cc(COc2nc(Cl)nc(Nc3ccc(Cl)cc3)n2)nn1,'=',8000.0
CHEMBL437964,C[C@H]1[C@H](C)CC[C@]2(C)CC[C@]3(C)C(=CC(=O)[C@@H]4[C@@]5(C)CC[C@@H](O)[C@](C)(C(=O)O)[C@@H]5CC[C@]43C)[C@H]12,'>',40000.0
CHEMBL498917,COc1cc(O)cc(/C=C/c2ccc(O)cc2)c1,'=',250.0
CHEMBL4635134,CNC(=O)c1cc(C(=O)NC2CC2)cn(Cc2ccccc2)c1=O,'>',100000.0
CHEMBL42277,CSc1ccc(-c2nc(C(F)(F)F)cn2-c2ccc(S(C)(=O)=O)cc2)cc1Cl,'=',40.0
CHEMBL464466,CC1(C)CC[C@]2(C(=O)O)CC[C@]3(C)C(=CC[C@@H]4[C@@]5(C)C[C@@H](O)[C@H](O)[C@@](C)(CO)[C@@H]5CC[C@]43C)[C@@H]2C1,'>',40000.0
CHEMBL5281865,CC(=O)N(CN1C(=O)/C(=C\c2nnc(-c3ccc(-c4ccncc4)cc3)s2)c2ccccc21)C1C(c2ccc(O)cc2)=NNC1S,'=',71120.0
CHEMBL4170326,COc1ccc2ccc(=O)oc2c1C/C=C(\C)COC(=O)CC(C)C,'=',56400.0
CHEMBL4166924,CCC(C)C(C(=O)O)N(C(=O)C(N)CC(C)C)C(C(=O)O)C(C)CC,'=',34600.0
CHEMBL1618254,COc1ccc2cc([C@@H](C)C(=O)O)ccc2c1,'>',25000.0
CHEMBL473518,COc1ccc(/C=C/c2cc(O)cc(O)c2)cc1OC,'=',21300.0
CHEMBL340717,CS(=O)(=O)c1ccc(-c2[nH]c(Cl)cc2-c2ccc(F)cc2)cc1,'=',42000.0
CHEMBL260553,CC(C)=CCc1c(O)cc2oc3cc(O)c(O)c(CC=C(C)C)c3c(=O)c2c1O,'=',2000.0
CHEMBL2204556,Cc1ccc(C(=O)n2nc(C)c3nnc4cc(Cl)c(F)cc4c32)cc1,'=',12800.0
CHEMBL4067898,COc1ccccc1-n1cc(COC(=O)C2CCn3c(C(=O)c4ccccc4)ccc32)nn1,'=',6.0
CHEMBL37537,O=C(O)c1ccc(O)c(O)c1,'=',25400.0
CHEMBL4785042,CNc1ccccc1C(=O)NCCc1c[nH]c2ccccc12,'>',40000.0
CHEMBL2325079,O=C(N[C@H]1CCC[C@H](CO)C1)C1CCN(c2nc3cc(Cl)c(-c4ccc(Cl)cc4)cc3o2)CC1,'>',10000.0
CHEMBL3931444,CC(C)(C)C1=NN(c2cccc(C(=O)O)c2)C(c2ccc(Cl)cc2)C1,'>',100000.0
CHEMBL407035,CS(=O)(=O)c1ccc(/C=C(/C(=O)O)c2ccc(F)cc2)cc1,'=',36000.0
CHEMBL320986,Cc1ccncc1-c1nc(C(F)(F)F)cn1-c1ccc(S(C)(=O)=O)cc1,'=',54000.0
CHEMBL225421,CCc1oc(=O)c(Cc2c(O)c(CC=C(C)C)c(O)c(C(C)=O)c2O)c(O)c1C,'>=',30000.0
CHEMBL1071,O=C(O)CCc1nc(-c2ccccc2)c(-c2ccccc2)o1,'=',110.0
CHEMBL3910060,CC(C)(C)C1=NN(c2ccc(C(=O)O)cc2)C(c2ccc(Cl)cc2)C1,'>',100000.0
CHEMBL5219013,C[C@H](C(=O)N(C)CC(O)(Cn1ccnc1)c1ccc(Cl)cc1)c1ccc(-c2ccccc2)c(F)c1,'=',2290.0
CHEMBL5170243,COc1ccc2c(CO)cn(C)c2c1C(=O)NCC(F)(F)F,'=',8700.0
CHEMBL4636881,CC(=O)Nc1c(F)cc(C(=O)N[C@H]2CC[C@H](O)CC2)cc1O[C@@H](C)c1ccccc1,'>',100000.0
CHEMBL63323,O=C(O)c1cccnc1Nc1cccc(C(F)(F)F)c1,'=',918.0
CHEMBL4517895,COc1ccc(/C=C/c2c(CC=C(C)C)c(O)cc3c2CCC(C)(C)O3)cc1O,'=',35500.0
CHEMBL3098648,O=C(CSc1nnc(-c2ccncc2)o1)N/N=C/c1ccc(Cl)cc1,'=',69.0
CHEMBL201515,CC1(C)CC[C@]2(C(=O)O)CC[C@]3(C)C(=CC[C@@H]4[C@@]5(C)C[C@@H](O)[C@H](O)C(C)(C)[C@@H]5CC[C@]43C)[C@@H]2C1,'>',40000.0
CHEMBL3099219,CC(C)(C)c1cc(/C=N/NC(=O)c2ccccc2O)c(O)c(C(C)(C)C)c1,'=',5130.0
CHEMBL4639128,COCc1nc2cnc3cc(-c4c(C)noc4C)c(OC[C@H]4CCNC4)cc3c2n1[C@H](C)c1ccccc1,'>',100000.0
CHEMBL4465694,CC(C)=CCc1c(O)cc(O)c(CC=C(C)C)c1/C=C/c1ccc(O)cc1,'=',5700.0
CHEMBL52229,COc1ccc2ccc(=O)oc2c1CC=C(C)C,'=',81100.0
CHEMBL3357099,Cc1ccc(C2=C(c3ccc(F)cc3)C(=O)OC2)cc1,'>',5000.0
CHEMBL145,O=C(O)/C=C/c1ccc(O)c(O)c1,'=',129700.0
CHEMBL487933,CC1(C)[C@@H](O)CC[C@]2(C)[C@H]3CC=C4[C@@H]5C[C@@](C)(C(=O)O)CC[C@]5(C)CC[C@@]4(C)[C@]3(C)CC[C@@H]12,'>',40000.0
CHEMBL189171,COc1ccc2c(c1)c(CC(=O)OCC(=O)O)c(C)n2C(=O)c1ccc(Cl)cc1,'=',10.0
CHEMBL4515706,COc1ccc(/C=C/c2c(CC=C(C)C)c(O)cc(O)c2CC=C(C)C)cc1O,'=',14700.0
CHEMBL704,Nc1ccc(O)c(C(=O)O)c1,'=',7530.0
CHEMBL121626,Cc1c(Cl)cccc1Nc1ccccc1C(=O)O,'=',880.0
